candidate	background_subset_median	difference
0.6538296435357952	0.5841665903523433	0.0696630531834519
0.7075755451067033	0.5758870951586454	0.13168844994805784
0.689059781115487	0.5443893671581645	0.1446704139573225
0.728234893431902	0.5859170408785319	0.14231785255337004
0.6862672710830271	0.5687137264329134	0.1175535446501137
0.678292299723263	0.5717499119992903	0.10654238772397273
0.6565550477487818	0.5305924168581674	0.12596263089061444
0.6922458232319038	0.5901972962993707	0.10204852693253308
0.7065152369476305	0.5383220610164835	0.16819317593114702
0.6787255597783783	0.5608258162003755	0.11789974357800281
0.6761890316321475	0.5703688652435587	0.10582016638858882
0.6638324055922041	0.5515633272755893	0.11226907831661481
0.5932231523216713	0.5495471131144023	0.043676039207269035
0.6681548513389368	0.536002621494538	0.13215222984439878
0.7261087973895499	0.5742175089090205	0.15189128848052946
0.6660685514450636	0.5247244806556945	0.14134407078936906
0.6269952346198426	0.5279697763276523	0.09902545829219034
0.6377561534058387	0.5633228391528337	0.07443331425300503
0.6865851040995923	0.5778779423338343	0.10870716176575801
0.6517549483131663	0.5275019175071262	0.12425303080604011
0.6445774857483002	0.5030420797179422	0.14153540603035797
0.681849272923446	0.5806924756663318	0.10115679725711424
0.7052889444719499	0.5680700117621135	0.13721893270983643
0.6680174688485553	0.5335210719416636	0.13449639690689164
0.6195575651775749	0.5058395100592394	0.11371805511833544
0.6796624139292886	0.5391775560783236	0.14048485785096498
0.6579869905018643	0.5490560530224331	0.10893093747943117
0.7061502047778639	0.6030514906855406	0.1030987140923233
0.6064004853882676	0.5183437270148907	0.0880567583733769
0.7119086936239506	0.5743896261486989	0.13751906747525167
0.613268997412826	0.5447217643153148	0.0685472330975112
0.6845664473552413	0.5570906083387948	0.12747583901644655
0.6983858504335881	0.5534214819266765	0.14496436850691163
0.6555860197820316	0.5235541258356995	0.13203189394633208
0.6806269836500018	0.5357550676980931	0.14487191595190874
0.6845608963809905	0.5700648244873426	0.11449607189364785
0.6391925458728724	0.5519954556380992	0.08719709023477329
0.6452363440718658	0.5131157580839489	0.13212058598791687
0.7325719158873158	0.6016724092537689	0.130899506633547
0.6809617712802344	0.5757991625572059	0.10516260872302852
0.6838988677862877	0.5809134984144428	0.10298536937184488
0.7075345621460436	0.5847892217042552	0.12274534044178842
0.6358984192766393	0.5470524932955921	0.08884592598104712
0.6615196155596452	0.53343532031449	0.1280842952451552
0.6630943353031234	0.5677789065518178	0.09531542875130561
0.6498528805642059	0.5380449716065213	0.11180790895768455
0.7302088788536988	0.6043435583524355	0.1258653205012633
0.6845744574285706	0.5489480568172386	0.13562640061133202
0.7099119106628736	0.5972188038395274	0.11269310682334621
0.693383400974258	0.5715553214995104	0.12182807947474761
0.6644715942750681	0.5231813381642098	0.14129025611085833
0.6374499141385233	0.5456239267315398	0.09182598740698344
0.7175638277473615	0.5936173683592956	0.12394645938806592
0.6798260929298019	0.5792671059184503	0.10055898701135157
0.6657079652349103	0.5286565874235541	0.13705137781135612
0.6917337561425152	0.5672879061500993	0.12444584999241592
0.6831589099036453	0.5829548674009908	0.10020404250265447
0.6554620405850522	0.5558652583140405	0.09959678227101165
0.6399644007944003	0.603543895194107	0.03642050560029331
0.6643867762540352	0.5459960736280592	0.11839070262597595
0.6783056881532107	0.5723181885824836	0.10598749957072706
0.6487740244279354	0.5415598278368573	0.10721419659107811
0.7303909783044249	0.5908208827065086	0.13957009559791633
0.660592098673573	0.5638731094481089	0.09671898922546418
0.6926964684334038	0.5607034514338045	0.1319930169995993
0.6433224009936406	0.548375603138898	0.09494679785474258
0.6048550274604975	0.47566189959674976	0.1291931278637477
0.6329275133365386	0.5313236943929298	0.10160381894360881
0.6894302754183933	0.5386613132168778	0.15076896220151548
0.6969484501858746	0.5845364866682503	0.11241196351762428
0.7587106966840104	0.6011124849026038	0.15759821178140654
0.6520041898242219	0.5077171181793726	0.14428707164484933
0.6456498656279425	0.5479303268718357	0.09771953875610673
0.6334193851208638	0.5010145906434422	0.1324047944774216
0.6897417185375976	0.5645059741003076	0.12523574443729002
0.6685185026174716	0.5326733126683325	0.13584518994913908
0.6306998840919823	0.5455532819140565	0.0851466021779258
0.6823339849060277	0.5950986088016692	0.0872353761043585
0.6395516216084731	0.5460483577869545	0.09350326382151863
0.680218780052205	0.5979587397536291	0.08226004029857592
0.6609131913042483	0.5768777260082653	0.08403546529598305
0.6919228776912533	0.572533262358372	0.11938961533288128
0.7313812129398567	0.6087708051924268	0.12261040774742993
0.6860429842886986	0.5478865581089205	0.13815642617977808
0.7246592905917841	0.5999733843133439	0.12468590627844023
0.6127754564707228	0.4772823536145612	0.13549310285616167
0.655851663604467	0.5196910898569638	0.13616057374750323
0.7112793360045795	0.5660017172295364	0.14527761877504308
0.6517189963911523	0.5671715046977983	0.08454749169335396
0.6885868009844882	0.6048122603170967	0.08377454066739154
0.6517761064175653	0.575777869359159	0.07599823705840636
0.7014389724568992	0.5460754516106876	0.15536352084621163
0.6158440436023134	0.5477032661669972	0.06814077743531621
0.6169698773799848	0.5086283388479901	0.10834153853199469
0.6563678718813138	0.580855460097417	0.0755124117838969
0.61848465335909	0.5328883165199971	0.08559633683909285
0.6521913319692654	0.5514015081057104	0.10078982386355495
0.6737608136377033	0.5465827044754082	0.1271781091622951
0.7331287904589907	0.6495061491655625	0.08362264129342822
0.7205525475337398	0.5815342437527902	0.1390183037809496
0.7109761577008822	0.5882474150094014	0.12272874269148082
0.6625960184538597	0.5378392842833103	0.12475673417054944
0.6977407759321377	0.5706701544308723	0.12707062150126536
0.6795458838208952	0.5460383600533446	0.1335075237675506
0.6678619158136327	0.5793529056573536	0.0885090101562791
0.7283911401098896	0.5673835279304029	0.16100761217948667
0.6292194002255309	0.5228707662894464	0.10634863393608451
0.7144410613310137	0.5674234793159498	0.14701758201506387
0.6949467833930989	0.5638084144914016	0.13113836890169728
0.6333137762768133	0.5093086819020907	0.12400509437472262
0.6629127302803858	0.5379481470245642	0.1249645832558216
0.6936408410195947	0.5704755990418765	0.12316524197771817
0.6793249911273426	0.5446838471842195	0.1346411439431231
0.6633918095183583	0.549363248719343	0.11402856079901535
0.6451623057925266	0.5913694470756914	0.05379285871683526
0.673070538944091	0.5843273501533952	0.08874318879069576
0.6520411434066372	0.5401173972273419	0.11192374617929535
0.7041485653450557	0.5847971793418846	0.11935138600317108
0.6994070275251416	0.5665720352807175	0.13283499224442408
0.615518465096046	0.5104660347551344	0.1050524303409116
0.6737136430110725	0.5321535586419663	0.14156008436910616
0.6843352528363232	0.5796102416742034	0.10472501116211985
0.6402461186234529	0.5387751305716533	0.10147098805179966
0.6251130418855961	0.5815389722632418	0.04357406962235433
0.6933483297845549	0.6056448474025231	0.08770348238203174
0.6287149255226292	0.5251792178802925	0.10353570764233666
0.7092535348331327	0.6068793290972581	0.10237420573587463
0.6270166772085781	0.5448699051800379	0.08214677202854026
0.6449415757797763	0.5835024196756404	0.06143915610413586
0.6641013385689304	0.503810785826109	0.16029055274282134
0.7161766136833247	0.6054267381760527	0.110749875507272
0.6501823114922064	0.5086175808953584	0.14156473059684804
0.7130391480666366	0.5854351677222341	0.12760398034440246
0.6722091688822367	0.5201719415833623	0.15203722729887437
0.6527824678483736	0.5423537222626044	0.1104287455857692
0.6470539414337065	0.5358512489410903	0.11120269249261627
0.6184607811431233	0.4561504932586552	0.1623102878844681
0.6173718930211926	0.5401871699841163	0.07718472303707624
0.6886055662874722	0.5230907920154538	0.16551477427201833
0.6928263569707342	0.5644972497123789	0.12832910725835533
0.645300784156602	0.5374864060443016	0.10781437811230032
0.6688358888946123	0.553256122758518	0.11557976613609433
0.7034941458961173	0.546915827401957	0.15657831849416026
0.610920788650485	0.5298190934926889	0.0811016951577962
0.6565722184224158	0.55128737125572	0.10528484716669573
0.6559092704201651	0.5441571226612179	0.11175214775894726
0.7410679786713374	0.6403564508327393	0.10071152783859816
0.6870295425794375	0.5375793516774757	0.14945019090196177
0.6917542825418813	0.58208944545876	0.10966483708312136
0.6294650267000155	0.5429532563716596	0.08651177032835589
0.7199179208915372	0.6209436235579633	0.09897429733357388
0.624792863337025	0.5189320763464956	0.10586078699052937
0.6683771887145613	0.5747812000938739	0.09359598862068741
0.6883349168374179	0.5726198788905553	0.11571503794686255
0.6238580685044417	0.5281490406630645	0.09570902784137725
0.6576083845634277	0.5331722018065047	0.12443618275692303
0.6590892830056918	0.5620605179484682	0.09702876505722358
0.6270607226267344	0.5117232220543115	0.11533750057242287
0.6945541550754999	0.5831100960492726	0.11144405902622734
0.6702811141541534	0.557556427449196	0.11272468670495739
0.6777955532151761	0.5491656196965838	0.1286299335185923
0.6723655855510366	0.5348975310726539	0.13746805447838273
0.7451239092295848	0.6400250136659331	0.1050988955636517
0.6183728491453822	0.5261265154724153	0.09224633367296686
0.6591535430254156	0.5307240586893625	0.12842948433605317
0.6587397896978266	0.5454261853109028	0.11331360438692384
0.6401695312991869	0.5053930069769971	0.13477652432218978
0.6498457470251211	0.512583494073137	0.13726225295198413
0.6125234313515062	0.5110281176218072	0.101495313729699
0.6715162615003791	0.5070125484697163	0.1645037130306628
0.6683887697886821	0.5608021661290463	0.1075866036596358
0.7172752692418864	0.6051510130020291	0.11212425623985733
0.6810778789275014	0.5605620057980638	0.12051587312943757
0.645729951865016	0.5221129025796002	0.12361704928541584
0.6547586341106038	0.5628713211305334	0.09188731298007036
0.6756602839457064	0.6012940964362269	0.07436618750947954
0.715936736177496	0.5332175137523827	0.1827192224251133
0.6719297341850403	0.5363406369485083	0.135589097236532
0.6569159440199193	0.577542142468733	0.07937380155118623
0.6603092650733092	0.5566113065204389	0.10369795855287034
0.7110185741678832	0.5749806817206147	0.1360378924472685
0.712084572259314	0.5611583469030903	0.1509262253562237
0.6666857481417026	0.5502391385858909	0.11644660955581165
0.6754527318470773	0.552433031178176	0.12301970066890133
0.6771939063166297	0.5509471653725841	0.12624674094404553
0.6968233981054859	0.5928082877829608	0.10401511032252508
0.6674145149335948	0.546250218201902	0.12116429673169282
0.6660846666857485	0.5253127057274521	0.14077196095829636
0.7336487383798138	0.6298627329761414	0.10378600540367244
0.6942604793332611	0.5607008546030074	0.13355962473025362
0.6539032787025988	0.531579369099437	0.12232390960316175
0.6975844995850153	0.5731289888669471	0.12445551071806826
0.6281471603298976	0.5188242970221096	0.10932286330778795
0.6674669833593267	0.5399676630084846	0.1274993203508421
0.6823744219057651	0.5772414029946427	0.10513301891112248
0.7231209952293325	0.5807293082675352	0.14239168696179727
0.7048375186751916	0.5692341597165376	0.13560335895865405
0.6434153781875727	0.5589738526741127	0.08444152551345996
0.6586714441483956	0.5330636460160783	0.12560779813231737
0.6995334859759588	0.6163651974813966	0.08316828849456215
0.6624008424811989	0.521940568445874	0.1404602740353249
0.6836081713019933	0.5489800182016955	0.13462815310029774
0.6528325105530511	0.5265479001216283	0.1262846104314228
0.693070922026409	0.5593544842112492	0.13371643781515974
0.6896392838335965	0.5686402454381023	0.1209990383954942
0.6489534025150394	0.5047593426783967	0.14419405983664269
0.6484812579242762	0.5717341965249096	0.0767470613993666
0.7255595525296836	0.5797281866806321	0.14583136584905154
0.6604525772635303	0.5248625583465217	0.13559001891700861
0.7071714743589745	0.5922733516483517	0.11489812271062283
0.7165240982991958	0.5694931358267773	0.14703096247241854
0.6961179079917008	0.5641282106317519	0.13198969735994892
0.7500321983302658	0.6114749124920935	0.13855728583817228
0.6361783964467236	0.5333777874444801	0.10280060900224353
0.7082747783975936	0.5915388952651359	0.11673588313245764
0.6943773468266323	0.5512824548951369	0.14309489193149538
0.6513281782122684	0.5380724387996314	0.113255739412637
0.666363305945012	0.5464857377532417	0.11987756819177031
0.7112740552483661	0.5488488969788554	0.16242515826951065
0.6459265237437001	0.5400722341944771	0.10585428954922294
0.6846304415013563	0.5457827291354267	0.13884771236592963
0.7194236162784042	0.577778890733215	0.14164472554518925
0.697224050596686	0.5703603010617292	0.12686374953495683
0.6663566246440479	0.5761716011047036	0.09018502353934432
0.671370598470626	0.5255577750812765	0.14581282338934942
0.6902243589743591	0.6007411858974359	0.08948317307692322
0.6632764319544409	0.5519610227939387	0.1113154091605022
0.6700835916059262	0.5496241096392196	0.12045948196670664
0.6620257620289101	0.5504222603161155	0.11160350171279454
0.6734723080797672	0.5395617258511344	0.13391058222863284
0.6225830824356343	0.516200073265944	0.10638300916969035
0.6933362334436137	0.577843634448731	0.11549259899488273
0.6380840907529934	0.5453421552691224	0.092741935483871
0.672566852877879	0.5720671734053757	0.10049967947250327
0.7386366888561997	0.6070692645400586	0.1315674243161411
0.6788028297998993	0.5715620564128394	0.10724077338705984
0.6458159235304217	0.5351325052944881	0.11068341823593364
0.6888496517304733	0.5582557334264342	0.1305939183040391
0.6960298334888353	0.6045130879263665	0.0915167455624688
0.6737054198781335	0.5112636269708843	0.16244179290724914
0.6585060138907568	0.5964497583283015	0.06205625556245531
0.6875586666361411	0.5763682204262919	0.11119044620984919
0.6951440418718718	0.5931042475683007	0.10203979430357113
0.702088019643869	0.5576824012225904	0.14440561842127864
0.6744687183420235	0.5664838970003259	0.10798482134169762
0.6809848957468851	0.5675041065940165	0.11348078915286863
0.6904361263736265	0.5783195970695971	0.11211652930402938
0.7069660284479551	0.6066798317163218	0.1002861967316333
0.6578325252860603	0.5695831735364996	0.08824935174956072
0.659286033174216	0.5993409228796778	0.059945110294538195
0.64419362039459	0.5371680985387464	0.10702552185584369
0.6650316510033308	0.5436131365972597	0.1214185144060711
0.6522763175969597	0.5602820641970785	0.09199425339988121
0.6819700000858615	0.5821906634497325	0.09977933663612903
0.6140578810156794	0.4958533772510952	0.11820450376458419
0.6425245613583226	0.5221002143484693	0.12042434700985327
0.7293197792888706	0.5696834146118093	0.15963636467706133
0.7129688984535079	0.595785780514887	0.1171831179386209
0.6494990226577413	0.5769682070420155	0.07253081561572583
0.6815802652853891	0.547000157396941	0.1345801078884481
0.6712304460560132	0.5518190247783458	0.11941142127766746
0.6406783929665099	0.5555200993663676	0.08515829360014227
0.609469809722254	0.5064327502118011	0.10303705951045283
0.6503186517895725	0.5411972264273508	0.10912142536222169
0.6589949717105055	0.5546572492365984	0.10433772247390705
0.6492834167057775	0.5549084810952505	0.09437493561052701
0.6546436890814497	0.544738468758764	0.10990522032268568
0.6431885244259492	0.4851604021717044	0.15802812225424478
0.6182994190206348	0.5491213760338858	0.06917804298674901
0.6889437716064928	0.5856919228920077	0.10325184871448512
0.7127481169440691	0.5987760136450012	0.11397210329906793
0.6179595854951934	0.5444568138305635	0.07350277166462982
0.6637552585639469	0.5438943422144635	0.11986091634948337
0.6021183493931425	0.4855132604321981	0.11660508896094435
0.6866883023965293	0.5903062772235292	0.0963820251730001
0.6970489663797965	0.5327086487523003	0.16434031762749624
0.6903678389888721	0.559791008380272	0.13057683060860015
0.7047078219454108	0.5703754694083165	0.1343323525370943
0.6977148171996854	0.58087286255992	0.11684195463976543
0.6015878103785789	0.5150281043581788	0.08655970602040008
0.6959265322008288	0.5819358272854231	0.11399070491540564
0.7203243097828107	0.6162858917231173	0.10403841805969338
0.6805654134994048	0.524459943676161	0.1561054698232438
0.7265224358974357	0.6416652358058608	0.08485720009157494
0.7044109567088668	0.5731267599185002	0.13128419679036663
0.746830298624507	0.6385095105351428	0.10832078808936418
0.6124840093525613	0.5306848719174179	0.08179913743514344
0.6381975845687138	0.5214898975445024	0.11670768702421142
0.6532991059674669	0.5376701351923718	0.11562897077509504
0.6759685884851155	0.5453987396473075	0.1305698488378081
0.6764193252034149	0.5745759267792185	0.10184339842419632
0.6882983442808284	0.5765136879463073	0.11178465633452106
0.7048728971213674	0.6107835673522191	0.0940893297691483
0.6532267988426966	0.5585047777399387	0.09472202110275796
0.6444582440255603	0.5424828371684401	0.10197540685712014
0.6265633317497297	0.525080563457675	0.10148276829205471
0.7081620971896285	0.5978893595100455	0.11027273767958301
0.7157971250897872	0.5924730351966163	0.1233240898931709
0.6217110346682845	0.5328996697440946	0.08881136492418984
0.6817969785165023	0.5399492317510468	0.14184774676545553
0.6675700814218051	0.5630010159838588	0.1045690654379463
0.6814942851092325	0.5180990619222864	0.1633952231869461
0.7144239080038695	0.6058897099649119	0.10853419803895759
0.6117087493668277	0.4766620591762036	0.13504669019062415
0.6837597298534799	0.5673448946886447	0.1164148351648352
0.641490698160236	0.5299029609640374	0.11158773719619852
0.6861108328921572	0.5669933752092604	0.11911745768289683
0.6681719322344324	0.5537259615384615	0.11444597069597084
0.6623985804845245	0.5361160797332685	0.12628250075125602
0.5960977033865319	0.5073887184301513	0.08870898495638058
0.7020390641768619	0.5595091936753237	0.1425298705015382
0.7321432148652245	0.6109597548027804	0.12118346006244407
0.6626104675122486	0.5022980676770914	0.16031239983515722
0.7032180144701898	0.5790937814818207	0.12412423298836917
0.7048735532175527	0.6068529691238593	0.09802058409369341
0.6279898349902987	0.5039420892071178	0.1240477457831809
0.688855689782975	0.5795462025660618	0.10930948721691314
0.6849553419396566	0.5649652436947856	0.11999009824487095
0.6788132537361273	0.5974770051455816	0.08133624859054578
0.7177765758650196	0.5874634775914814	0.1303130982735382
0.666009426484013	0.5783537135024222	0.0876557129815908
0.652203651765783	0.5707343597962339	0.0814692919695491
0.6937335065916387	0.5431003886863089	0.15063311790532974
0.6976366820825131	0.5722746577224231	0.12536202436008992
0.7182156942433073	0.6000895816280389	0.1181261126152684
0.7271207880442561	0.5955263263332018	0.13159446171105427
0.6978530504312788	0.5368532965491977	0.1609997538820811
0.6894484412470026	0.5564336120602328	0.13301482918676977
0.6853975349200578	0.5531362948251635	0.13226124009489437
0.655907884907653	0.5544564940510435	0.10145139085660948
0.6455805966945692	0.5318523288259283	0.11372826786864099
0.725599338345348	0.6012357373643138	0.12436360098103416
0.6389884359972521	0.5330404167620795	0.10594801923517261
0.6753173903586597	0.5158580701292457	0.159459320229414
0.6355877874829714	0.5161786086339335	0.1194091788490379
0.6442220460587884	0.4963926244122453	0.1478294216465431
0.7131802025081706	0.5457145882581891	0.16746561424998152
0.7070249447643471	0.5713112314402482	0.13571371332409887
0.6730245855428654	0.5932453431702216	0.07977924237264378
0.5954181214584168	0.5484273939671455	0.04699072749127131
0.7009959646260838	0.5478721273003064	0.1531238373257774
0.6295065734874113	0.5115129037243085	0.11799366976310288
0.6550953418024366	0.5207568390536507	0.1343385027487859
0.7181052468897301	0.6093209351844695	0.1087843117052606
0.6923224430801816	0.5728874196825939	0.11943502339758771
0.6475069688106374	0.5371006885814535	0.11040628022918386
0.6788433139102263	0.5580002976428972	0.12084301626732918
0.6702228123694347	0.5310466400718861	0.13917617229754864
0.6202290021721152	0.5302092842895123	0.09001971788260288
0.6356159208764037	0.47955802053641955	0.15605790033998418
0.6697325946106824	0.5416790677442249	0.12805352686645743
0.7021883103130491	0.5898249008305619	0.11236340948248713
0.6850793469084039	0.5807492523217377	0.1043300945866662
0.6543116598409333	0.572923732087816	0.08138792775311732
0.7198206165091194	0.5529049650992076	0.16691565140991182
0.6942808409315955	0.6044510649014658	0.08982977603012965
0.6680299014922125	0.5614414419571053	0.1065884595351072
0.6514936884187994	0.5664511771792913	0.08504251123950812
0.7038969439213285	0.5953099867774083	0.10858695714392019
0.6434544455510149	0.529260677450004	0.1141937681010109
0.737332860152029	0.5842839889183993	0.15304887123362976
0.7124213309979481	0.5704579473221774	0.14196338367577077
0.6713353557323563	0.5918865548623432	0.07944880087001305
0.6880414902843011	0.5622239776978273	0.12581751258647378
0.7167698876970454	0.6009281306881277	0.11584175700891775
0.7087059927934221	0.5951594577035686	0.11354653508985346
0.6823753659814024	0.5457923944556861	0.1365829715257163
0.6962719392383618	0.5690751536068636	0.12719678563149828
0.6599313686488099	0.4954737080105208	0.16445766063828904
0.6270600424745125	0.5016672104778097	0.1253928319967028
0.7109970838138789	0.5987053163875922	0.11229176742628677
0.6504817694546433	0.538484322103016	0.11199744735162731
0.6583617366518713	0.5725779910769222	0.08578374557494906
0.6536325000357742	0.5936264899904125	0.06000601004536177
0.6974320963629232	0.5547707831920072	0.14266131317091602
0.6356531469011759	0.4986063375868177	0.1370468093143582
0.6887375901138744	0.5484532896035991	0.1402843005102753
0.7242204518845698	0.5793417244666328	0.14487872741793706
0.7265470946988233	0.6043278298174368	0.12221926488138646
0.7408266004974141	0.5890193957190324	0.15180720477838172
0.7019419281901573	0.5742139984830921	0.12772792970706526
0.6688540259621328	0.5696573296091945	0.09919669635293837
0.7097446288489555	0.5919628061920994	0.1177818226568561
0.6655448429017461	0.5523164802207016	0.11322836268104453
0.6700085000672564	0.5422327415721975	0.12777575849505896
0.679350143519035	0.5689807143613472	0.11036942915768777
0.7113482605858718	0.6233258353652258	0.08802242522064596
0.6017926029373049	0.5277504321249098	0.07404217081239506
0.6778819872754385	0.5442783834139946	0.13360360386144388
0.6193951257483659	0.506160067310004	0.1132350584383619
0.6531781486007333	0.5274244275726677	0.1257537210280656
0.670224061497426	0.531851991769053	0.13837206972837301
0.6222030784025279	0.5013523105191156	0.12085076788341231
0.6464096620016604	0.5362596949142842	0.11014996708737623
0.6979463580480096	0.5978599310873772	0.10008642696063241
0.6671951418440731	0.5592345313693898	0.1079606104746833
0.6603659653380345	0.5186702992284624	0.14169566610957207
0.6628394157241633	0.5597225720042126	0.10311684371995067
0.6027952452780507	0.5030010389863158	0.09979420629173497
0.6732517142301131	0.5540211431253361	0.11923057110477697
0.6774703150086285	0.5262292548487632	0.15124106015986538
0.630667166566973	0.49935461344064025	0.13131255312633272
0.670976715433752	0.5545395746044828	0.11643714082926926
0.6262488659681698	0.5144612311364356	0.11178763483173415
0.6671560294647916	0.5429251303536575	0.12423089911113405
0.7298811758780162	0.6295403292275287	0.10034084665048748
0.6900108173696047	0.5773069900812161	0.11270382728838857
0.6525448223560888	0.549687352440368	0.10285746991572076
0.7043388175498745	0.5950198467777246	0.10931897077214991
0.7402322007560691	0.5776716393991512	0.16256056135691788
0.7019991872757141	0.6156100297045004	0.08638915757121368
0.6764916317512648	0.586916454884722	0.08957517686654282
0.7077672875879649	0.5771262667166532	0.13064102087131169
0.722033985611346	0.59347044717006	0.12856353844128598
0.6697385291693377	0.568594594285191	0.10114393488414675
0.7597362456212653	0.6105931039219726	0.14914314169929266
0.6452955250535186	0.5517426419241469	0.09355288312937171
0.6434728852560361	0.5124340305205435	0.1310388547354926
0.6571934735136957	0.5611221297798843	0.09607134373381143
0.6241343193031055	0.5225348847857691	0.10159943451733633
0.67237352749253	0.5579615573948781	0.11441197009765192
0.6812800311365113	0.6110254157496944	0.07025461538681688
0.6517982358227576	0.518732219417398	0.13306601640535964
0.6962295199255921	0.5714230521571153	0.12480646776847681
0.7108263045973228	0.6113182922675793	0.09950801232974349
0.7243582955804031	0.6027800275312589	0.12157826804914418
0.6731111530823075	0.5410020432341478	0.1321091098481597
0.6880770177376616	0.6013991517517299	0.08667786598593175
0.6612740749220158	0.5946083621898519	0.06666571273216393
0.6367734051473727	0.5961233011181355	0.04065010402923719
0.6995169330975233	0.590563597131361	0.1089533359661623
0.7118960331292803	0.604421911802163	0.10747412132711731
0.7020541672867133	0.5895657573919115	0.1124884098948018
0.6759885413059592	0.566668765328579	0.10931977597738018
0.673022269413829	0.5618540768110176	0.11116819260281141
0.5751343089635674	0.44629788110973395	0.12883642785383348
0.5894331976853997	0.478931643743883	0.11050155394151673
0.7063397129186606	0.5915329319383712	0.1148067809802894
0.6684210225061247	0.5577220276117865	0.11069899489433821
0.7015728832185721	0.550159978478745	0.15141290473982716
0.6602388536398994	0.5664116719468602	0.09382718169303927
0.6852616094375154	0.5739938869077941	0.11126772252972128
0.6218939788553014	0.5399783057910372	0.08191567306426417
0.6500031478397235	0.5177166142980605	0.13228653354166298
0.7255321158419832	0.6047360241781075	0.12079609166387573
0.7300023753037097	0.5834761854339507	0.14652618986975896
0.6968414365067779	0.586934187293056	0.10990724921372186
0.711274941902396	0.5742919533387518	0.13698298856364421
0.6911966298726755	0.5958852164854631	0.09531141338721238
0.6743384055337259	0.6009140835839861	0.0734243219497398
0.6345491750497261	0.5279925017529299	0.10655667329679619
0.5983268747531525	0.4440063994321791	0.15432047532097337
0.707521656636074	0.581897427532188	0.12562422910388604
0.671017835882407	0.5511164598406448	0.11990137604176221
0.7247004814049469	0.5946481622466329	0.13005231915831406
0.6509201751624258	0.5247302441397863	0.12618993102263953
0.6939614217846719	0.6060457329288533	0.08791568885581857
0.6690823122651256	0.5547684672385221	0.11431384502660347
0.6617775004865316	0.6057533799640539	0.05602412052247774
0.6834739505225924	0.5330383615903288	0.1504355889322636
0.7474371376075368	0.6258521410132394	0.12158499659429745
0.6272995249270221	0.50105317383092	0.12624635109610216
0.7316887502504079	0.6003334001087486	0.13135535014165933
0.6801121891188007	0.5639148850920123	0.1161973040267884
0.6687758098165303	0.5951961903780715	0.07357961943845881
0.7259380518057019	0.5802699322593663	0.14566811954633563
0.6278314373613794	0.5370923660299063	0.09073907133147308
0.7128404290636838	0.588261135851087	0.12457929321259686
0.7360391273613927	0.5931993600879162	0.14283976727347647
0.7064670209690943	0.6028178204390715	0.1036492005300228
0.6791753592206893	0.5664010966211362	0.11277426259955303
0.7137468806520295	0.5953690560681335	0.11837782458389601
0.7018281933282964	0.5759839274675458	0.1258442658607506
0.6361919315928193	0.5417027962121927	0.09448913538062653
0.701533072526894	0.5627638232659566	0.13876924926093737
0.6909996766282344	0.6067083902095622	0.08429128641867212
0.7044143950776276	0.568911783644559	0.13550261143306863
0.6629663970878622	0.5437707836100664	0.11919561347779584
0.7029691636259567	0.5911812263003506	0.1117879373256061
0.6802246206949847	0.5473941652427523	0.13283045545223238
0.6523175017457102	0.5354092974804538	0.11690820426525639
0.662524611932781	0.5555399743578003	0.10698463757498067
0.6935735443527036	0.576619492580456	0.1169540517722476
0.6748700659401046	0.583791727722319	0.09107833821778555
0.6433500384953332	0.4977131768524269	0.14563686164290635
0.6359335693455098	0.5330736627010133	0.10285990664449651
0.6129358160514249	0.5375384227909399	0.075397393260485
0.6295759976189927	0.5736466608667781	0.055929336752214676
0.6812981140714878	0.526593309103397	0.1547048049680908
0.6802527754642946	0.5969258817232919	0.08332689374100277
0.7147795925259215	0.6073819261006066	0.1073976664253149
0.6360168388036552	0.5220229458748649	0.11399389292879036
0.6737185541341117	0.5696273718554136	0.10409118227869818
0.7122411893485197	0.5362313448853147	0.176009844463205
0.6845869212476069	0.563769721008365	0.12081720023924192
0.7118652314402734	0.6116474288707181	0.10021780256955526
0.7156994047619044	0.5852306547619048	0.13046874999999958
0.6969986634650884	0.5444719828511411	0.15252668061394736
0.6781888481539039	0.5947288738541496	0.08345997429975427
0.6634004510124889	0.5425957829187606	0.12080466809372825
