region_id	slot	gene	probes	available_probes	complete_region
EYA4__01__COL23A1	EYA4	COL23A1	cg22960186;cg25552435;cg20546002;cg23437733;cg25437410;cg26667699;cg08496276;cg10730712;cg26996818;cg11256387;cg04591034;cg07765621	12	True
EYA4__02__ZNF582	EYA4	ZNF582	cg24733179;cg11740878;cg09568464;cg02763101;cg22647407;cg08464824;cg13916740;cg24039631;cg20984085;cg25267765;cg07135042;cg07778983	12	True
EYA4__03__SPSB4	EYA4	SPSB4	cg18403551;cg23332582;cg22036988;cg19443257;cg27515369;cg05258261;cg15562912;cg20979852;cg13874817;cg11384848;cg00492118;cg24709681	12	True
EYA4__04__PPP2R2B	EYA4	PPP2R2B	cg08774231;cg04583285;cg09528265;cg11826826;cg03851984;cg25149751;cg03659005;cg25363885;cg13971892;cg15927927;cg25021259;cg13983063	12	True
EYA4__05__IGFBP3	EYA4	IGFBP3	cg23193639;cg21268650;cg04796162;cg10677697;cg09619271;cg07910986;cg08831744;cg22083798;cg24381682;cg03776080;cg23455440;cg04690927	12	True
EYA4__06__ZSCAN18	EYA4	ZSCAN18	cg00370414;cg21653184;cg06243556;cg25784220;cg22721334;cg22031998;cg18428688;cg07657064;cg23229395;cg07924874;cg18888520;cg14972743	12	True
EYA4__07__SFRP2	EYA4	SFRP2	cg05164933;cg23121156;cg23292160;cg10942078;cg05961809;cg23207990;cg25645268;cg04965141;cg00082664;cg23910835;cg14435644;cg09788843	12	True
EYA4__08__ALX4	EYA4	ALX4	cg14410064;cg01483681;cg14252492;cg19020830;cg07462292;cg03442378;cg00374839;cg24362098;cg18321548;cg04367345;cg00268840;cg04578774	12	True
EYA4__09__KCNA1	EYA4	KCNA1	cg00838874;cg04891086;cg06652199;cg20392607;cg19651132;cg11388325;cg10569606;cg03929977;cg15543616;cg10767336;cg09487611;cg10363246	12	True
EYA4__10__SLC6A15	EYA4	SLC6A15	cg15542741;cg19021466;cg11409659;cg05619587;cg19952303;cg14449051;cg21702506;cg17222500;cg14510812;cg18023283;cg08254307;cg03064067	12	True
EYA4__11__CIDEA	EYA4	CIDEA	cg23754772;cg19883905;cg26974111;cg03245632;cg18309817;cg12072560;cg00851770;cg20950011;cg07204280;cg16727201;cg05700339;cg00590620	12	True
EYA4__12__GALR1	EYA4	GALR1	cg15129823;cg21634365;cg15484988;cg15343119;cg10486998;cg03175653;cg03032214;cg03659519;cg20872937;cg17911318;cg01178451;cg04534765	12	True
EYA4__13__TFPI2	EYA4	TFPI2	cg23141855;cg23686014;cg17338208;cg14775114;cg16934178;cg26739865;cg22441533;cg15649801;cg10539069;cg24084681;cg19854521;cg13328713	12	True
EYA4__14__CHFR	EYA4	CHFR	cg26410484;cg10223066;cg00470794;cg26394825;cg07951978;cg27382164;cg26832509;cg04044684;cg12238812;cg23432930;cg20535781;cg11653336	12	True
EYA4__15__TWIST1	EYA4	TWIST1	cg24446548;cg00240432;cg09799658;cg01202666;cg22498251;cg11147786;cg02400740;cg20121142;cg27013696;cg14515453;cg26279021;cg27334919	12	True
EYA4__16__RASGRF1	EYA4	RASGRF1	cg14510404;cg17507573;cg19431448;cg15156078;cg04828458;cg25673084;cg11806630;cg09275910;cg22699279;cg03711182;cg04813639;cg13571707	12	True
EYA4__17__ZNF790	EYA4	ZNF790	cg22379207;cg10400937;cg18876786;cg09567473;cg24775172;cg06466031;cg14195122;cg02343318;cg16646909;cg25772438;cg17656260;cg04803153	12	True
EYA4__18__STK33	EYA4	STK33	cg26668837;cg21045608;cg08788717;cg02541031;cg12675870;cg20771178;cg00450824;cg00393798;cg03405315;cg15247111;cg17679104;cg23753247	12	True
EYA4__19__EGFLAM	EYA4	EGFLAM	cg23029193;cg00984146;cg24653263;cg26950557;cg05706117;cg20772101;cg26747293;cg16126816;cg05251676;cg17113936;cg21609106;cg16254962	12	True
EYA4__20__CALCR	EYA4	CALCR	cg23239396;cg19524362;cg05384712;cg16589214;cg01460227;cg01108106;cg02813243;cg05876738;cg07969984;cg12929755;cg02979224;cg08797483	12	True
ZNF568__01__TRPC4	ZNF568	TRPC4	cg21358429;cg23307680;cg15071251;cg02057391;cg21432954;cg19275632	6	True
ZNF568__02__GUCY1A3	ZNF568	GUCY1A3	cg17714276;cg27662483;cg22643435;cg01458504;cg14603466;cg01651499	6	True
ZNF568__03__DAB1	ZNF568	DAB1	cg05919360;cg03384825;cg12480034;cg08458292;cg07173275;cg08123701	6	True
ZNF568__04__SH3GL3	ZNF568	SH3GL3	cg22946150;cg21145136;cg09201151;cg25213546;cg19005281;cg16100530	6	True
ZNF568__05__PPP1R16B	ZNF568	PPP1R16B	cg24834740;cg25932164;cg06733470;cg03563630;cg07906520;cg02811473	6	True
ZNF568__06__ZNF625	ZNF568	ZNF625	cg25489370;cg00875960;cg17892556;cg17287725;cg06429617;cg24115221	6	True
ZNF568__07__FGF12	ZNF568	FGF12	cg16366473;cg01257828;cg08002883;cg01255414;cg17198994;cg04364561	6	True
ZNF568__08__ELMO1	ZNF568	ELMO1	cg15659052;cg06159352;cg00159100;cg00549566;cg06338562;cg11372090	6	True
ZNF568__09__WIPF1	ZNF568	WIPF1	cg19275653;cg01356950;cg26831241;cg25537217;cg03573824;cg25075147	6	True
ZNF568__10__C12orf42	ZNF568	C12orf42	cg18798446;cg22754765;cg10096177;cg00259618;cg26381364;cg11342468	6	True
ZNF568__11__NRCAM	ZNF568	NRCAM	cg06002804;cg06570167;cg26652447;cg06292947;cg17885062;cg05412664	6	True
ZNF568__12__GREB1L	ZNF568	GREB1L	cg12473406;cg01655831;cg14034197;cg07653946;cg26518100;cg07490808	6	True
ZNF568__13__GNE	ZNF568	GNE	cg22101703;cg21210985;cg21177599;cg26325209;cg24556026;cg05844977	6	True
ZNF568__14__PEX5L	ZNF568	PEX5L	cg18765712;cg02430692;cg23756251;cg23346462;cg21564242;cg05131623	6	True
ZNF568__15__GUCY1A2	ZNF568	GUCY1A2	cg04279164;cg26898087;cg02649987;cg23984434;cg15847198;cg12243375	6	True
ZNF568__16__DGKG	ZNF568	DGKG	cg04589761;cg00404400;cg15548101;cg10730421;cg16657397;cg25808906	6	True
ZNF568__17__NRG1	ZNF568	NRG1	cg13618529;cg03349819;cg12863621;cg17457560;cg08695336;cg14488905	6	True
ZNF568__18__RELN	ZNF568	RELN	cg27642883;cg19586288;cg17923358;cg07482935;cg13566610;cg18011364	6	True
ZNF568__19__RIMS2	ZNF568	RIMS2	cg03350814;cg01566592;cg20800509;cg06518628;cg08550785;cg13342717	6	True
ZNF568__20__LIFR	ZNF568	LIFR	cg03723506;cg12602374;cg11841722;cg18848688;cg01369082;cg15386377	6	True
ZNF793__01__ELMO1	ZNF793	ELMO1	cg15067340;cg15947096;cg17350006;cg17780595;cg25472353	5	True
ZNF793__02__NELL2	ZNF793	NELL2	cg10164885;cg22932815;cg16845486;cg14904464;cg22927696	5	True
ZNF793__03__SLC35D3	ZNF793	SLC35D3	cg04422990;cg26870192;cg18141830;cg03586474;cg10242496	5	True
ZNF793__04__PDGFD	ZNF793	PDGFD	cg07748540;cg26756506;cg12027636;cg03145963;cg08596000	5	True
ZNF793__05__RELN	ZNF793	RELN	cg06022318;cg10386016;cg20880031;cg27456945;cg09949949	5	True
ZNF793__06__VCAN	ZNF793	VCAN	cg02371408;cg19540689;cg02551029;cg21810188;cg04525496	5	True
ZNF793__07__ZNF256	ZNF793	ZNF256	cg14556070;cg05119514;cg27388983;cg12048031;cg02959669	5	True
ZNF793__08__RIMS1	ZNF793	RIMS1	cg11092616;cg14101302;cg14224762;cg23473285;cg06952471	5	True
ZNF793__09__RNF150	ZNF793	RNF150	cg20599022;cg19661610;cg22678708;cg16696645;cg09977446	5	True
ZNF793__10__DDIT4L	ZNF793	DDIT4L	cg27062369;cg02989600;cg12566138;cg03132532;cg08663159	5	True
ZNF793__11__ZNF804A	ZNF793	ZNF804A	cg21739754;cg25783997;cg00554682;cg13107760;cg21245277	5	True
ZNF793__12__MMP16	ZNF793	MMP16	cg11536457;cg16852892;cg02889488;cg26756083;cg04684553	5	True
ZNF793__13__ZBTB8B	ZNF793	ZBTB8B	cg10316989;cg09146263;cg16677955;cg13666729;cg09768093	5	True
ZNF793__14__FAM43B	ZNF793	FAM43B	cg04309384;cg15142222;cg26557658;cg19507093;cg03754311	5	True
ZNF793__15__ZNF569	ZNF793	ZNF569	cg03884783;cg08630279;cg25451874;cg18244915;cg27123533	5	True
ZNF793__16__ADAMTS3	ZNF793	ADAMTS3	cg25889750;cg15102770;cg19475535;cg27185819;cg11243196	5	True
ZNF793__17__VAV3	ZNF793	VAV3	cg24662718;cg25848557;cg12619536;cg17099397;cg05937496	5	True
ZNF793__18__TLL1	ZNF793	TLL1	cg11678324;cg01606085;cg08570521;cg09669853;cg19898128	5	True
ZNF793__19__CALCR	ZNF793	CALCR	cg12929755;cg02979224;cg08797483;cg20276156;cg05284750	5	True
ZNF793__20__FUZ	ZNF793	FUZ	cg10971790;cg19763319;cg23307385;cg07452097;cg10166205	5	True
SFMBT2__01__VWC2	SFMBT2	VWC2	cg02467990;cg09493505;cg18206027;cg00333226;cg07039180;cg07379434	6	True
SFMBT2__02__TRIM71	SFMBT2	TRIM71	cg08145617;cg14657525;cg21484228;cg23528400;cg17029062;cg18405727	6	True
SFMBT2__03__MPPED2	SFMBT2	MPPED2	cg25339073;cg10566121;cg20959325;cg11213308;cg11855526;cg06547386	6	True
SFMBT2__04__FGF12	SFMBT2	FGF12	cg00386551;cg16209795;cg16366473;cg01257828;cg08002883;cg01255414	6	True
SFMBT2__05__TWIST1	SFMBT2	TWIST1	cg20498685;cg20052718;cg24446548;cg00240432;cg09799658;cg01202666	6	True
SFMBT2__06__FBN1	SFMBT2	FBN1	cg18671950;cg04125371;cg03535663;cg19908534;cg15385562;cg10480343	6	True
SFMBT2__07__PPP1R16B	SFMBT2	PPP1R16B	cg12510981;cg21656726;cg24834740;cg25932164;cg06733470;cg03563630	6	True
SFMBT2__08__CHST2	SFMBT2	CHST2	cg10886442;cg00995327;cg08858437;cg09638407;cg08774368;cg23749856	6	True
SFMBT2__09__FLI1	SFMBT2	FLI1	cg02526522;cg06172475;cg06072021;cg17872757;cg02216246;cg11017065	6	True
SFMBT2__10__DAB1	SFMBT2	DAB1	cg08141165;cg19166660;cg05919360;cg03384825;cg12480034;cg08458292	6	True
SFMBT2__11__OLIG1	SFMBT2	OLIG1	cg20340508;cg03732762;cg05522774;cg27280904;cg21569006;cg06106763	6	True
SFMBT2__12__GATA2	SFMBT2	GATA2	cg03839949;cg19759549;cg02436004;cg16674492;cg22122410;cg19638477	6	True
SFMBT2__13__TMEM90B	SFMBT2	TMEM90B	cg19654195;cg17739841;cg15343461;cg24504569;cg16793866;cg23849311	6	True
SFMBT2__14__FAM43B	SFMBT2	FAM43B	cg03754311;cg05771261;cg20404387;cg12768681;cg02582387;cg17543296	6	True
SFMBT2__15__LRRN1	SFMBT2	LRRN1	cg10507275;cg14784497;cg01300546;cg09615224;cg22595235;cg26163699	6	True
SFMBT2__16__RIMS2	SFMBT2	RIMS2	cg20426946;cg20129213;cg03350814;cg01566592;cg20800509;cg06518628	6	True
SFMBT2__17__FOXC2	SFMBT2	FOXC2	cg01296593;cg07249459;cg09360770;cg24063470;cg04081201;cg09195198	6	True
SFMBT2__18__SYT6	SFMBT2	SYT6	cg08105352;cg25201881;cg27304110;cg09177131;cg05368341;cg21920775	6	True
SFMBT2__19__FBN2	SFMBT2	FBN2	cg12940822;cg17958315;cg25084878;cg06993118;cg11965976;cg25532099	6	True
SFMBT2__20__IRF4	SFMBT2	IRF4	cg05766140;cg17228900;cg06392169;cg12741420;cg12612118;cg12684209	6	True
ADHFE1__01__MSC	ADHFE1	MSC	cg26280666;cg06269753;cg25832771;cg09734791;cg14409559	5	True
ADHFE1__02__KCNA1	ADHFE1	KCNA1	cg04891086;cg06652199;cg20392607;cg19651132;cg11388325	5	True
ADHFE1__03__GRIA4	ADHFE1	GRIA4	cg04747226;cg07972135;cg21217024;cg19343464;cg20073686	5	True
ADHFE1__04__KHDRBS2	ADHFE1	KHDRBS2	cg04703174;cg18239753;cg16587616;cg26715952;cg22014661	5	True
ADHFE1__05__ITGA4	ADHFE1	ITGA4	cg06952671;cg21995919;cg25024074;cg16057262;cg11947981	5	True
ADHFE1__06__FLI1	ADHFE1	FLI1	cg06072021;cg17872757;cg02216246;cg11017065;cg04691908	5	True
ADHFE1__07__NPY	ADHFE1	NPY	cg18106668;cg05158615;cg24242823;cg24885417;cg00355281	5	True
ADHFE1__08__NALCN	ADHFE1	NALCN	cg23056157;cg18115507;cg04117435;cg18686498;cg11621911	5	True
ADHFE1__09__IRF4	ADHFE1	IRF4	cg05766140;cg17228900;cg06392169;cg12741420;cg12612118	5	True
ADHFE1__10__TM6SF1	ADHFE1	TM6SF1	cg04120171;cg17018527;cg22719913;cg11167100;cg08452658	5	True
ADHFE1__11__ZNF625	ADHFE1	ZNF625	cg00875960;cg17892556;cg17287725;cg06429617;cg24115221	5	True
ADHFE1__12__SYT9	ADHFE1	SYT9	cg18560328;cg02269161;cg22723056;cg08185661;cg24678137	5	True
ADHFE1__13__COL23A1	ADHFE1	COL23A1	cg23437733;cg25437410;cg26667699;cg08496276;cg10730712	5	True
ADHFE1__14__ESR1	ADHFE1	ESR1	cg11251858;cg00920970;cg20253551;cg02285263;cg02720618	5	True
ADHFE1__15__SALL1	ADHFE1	SALL1	cg01500945;cg13755795;cg05404010;cg08776356;cg00177451	5	True
ADHFE1__16__GUCY1A3	ADHFE1	GUCY1A3	cg24867142;cg09912350;cg23912454;cg17714276;cg27662483	5	True
ADHFE1__17__KCNQ5	ADHFE1	KCNQ5	cg03020545;cg05447008;cg04377145;cg11008243;cg09303936	5	True
ADHFE1__18__TRH	ADHFE1	TRH	cg05013728;cg14595003;cg22931604;cg08195943;cg00414292	5	True
ADHFE1__19__MAL	ADHFE1	MAL	cg09983051;cg04804539;cg22403344;cg07224914;cg06668300	5	True
ADHFE1__20__FGF5	ADHFE1	FGF5	cg12528713;cg20528583;cg02002231;cg14197923;cg11580948	5	True
HOXA2__01__SLC9A2	HOXA2	SLC9A2	cg26829418;cg13946163;cg26572770;cg01272393;cg15704872;cg17343107	6	True
HOXA2__02__GATA2	HOXA2	GATA2	cg10935762;cg07132710;cg07195926;cg22915582;cg25229470;cg01102073	6	True
HOXA2__03__FGF14	HOXA2	FGF14	cg15972331;cg11897909;cg17810588;cg22809871;cg24172416;cg20335672	6	True
HOXA2__04__SOX2OT	HOXA2	SOX2OT	cg05513806;cg26865446;cg15852963;cg25109019;cg17894318;cg13294849	6	True
HOXA2__05__ZIC4	HOXA2	ZIC4	cg12976081;cg00334063;cg22614239;cg08889797;cg04556126;cg04079301	6	True
HOXA2__06__DLX6AS	HOXA2	DLX6AS	cg03121281;cg25930591;cg25819602;cg19722748;cg11113469;cg01778589	6	True
HOXA2__07__GDF6	HOXA2	GDF6	cg16574871;cg01673674;cg07046818;cg16290866;cg08381274;cg20800022	6	True
HOXA2__08__EPHB3	HOXA2	EPHB3	cg27257822;cg20438472;cg15687780;cg18990407;cg15334250;cg27214730	6	True
HOXA2__09__RUNX3	HOXA2	RUNX3	cg03961551;cg15963463;cg05656688;cg03769939;cg11336061;cg10951873	6	True
HOXA2__10__SIM2	HOXA2	SIM2	cg22072375;cg19193931;cg24080247;cg04648480;cg08805821;cg11088471	6	True
HOXA2__11__MDFI	HOXA2	MDFI	cg08625380;cg01883425;cg06688989;cg00558689;cg25254074;cg23097261	6	True
HOXA2__12__LECT1	HOXA2	LECT1	cg16462528;cg16636550;cg17632299;cg09557313;cg08567279;cg00345862	6	True
HOXA2__13__PAX6	HOXA2	PAX6	cg14800351;cg24332783;cg04521333;cg03854796;cg16180353;cg26029734	6	True
HOXA2__14__OSR2	HOXA2	OSR2	cg08202494;cg05754861;cg01581084;cg18744668;cg01148781;cg09607488	6	True
HOXA2__15__FBN1	HOXA2	FBN1	cg03628053;cg23117583;cg25505106;cg25406989;cg18671950;cg04125371	6	True
HOXA2__16__GRASP	HOXA2	GRASP	cg00817367;cg06970510;cg15994467;cg26440309;cg15430661;cg14242936	6	True
HOXA2__17__CD34	HOXA2	CD34	cg21697512;cg04197452;cg03990033;cg01566217;cg16115720;cg21455438	6	True
HOXA2__18__EVC	HOXA2	EVC	cg25213928;cg21210758;cg16418810;cg01442064;cg14178794;cg12850351	6	True
HOXA2__19__DBX2	HOXA2	DBX2	cg08351163;cg18729001;cg17450733;cg09403249;cg02332982;cg19788831	6	True
HOXA2__20__FGF5	HOXA2	FGF5	cg02002231;cg14197923;cg11580948;cg12341047;cg14349667;cg04401986	6	True
GFRA1__01__FBN2	GFRA1	FBN2	cg17958315;cg25084878;cg06993118;cg11965976;cg25532099;cg01939274	6	True
GFRA1__02__VWC2	GFRA1	VWC2	cg02467990;cg09493505;cg18206027;cg00333226;cg07039180;cg07379434	6	True
GFRA1__03__PPP1R16B	GFRA1	PPP1R16B	cg12510981;cg21656726;cg24834740;cg25932164;cg06733470;cg03563630	6	True
GFRA1__04__IRF4	GFRA1	IRF4	cg16046028;cg05766140;cg17228900;cg06392169;cg12741420;cg12612118	6	True
GFRA1__05__LIFR	GFRA1	LIFR	cg08392199;cg12587766;cg20699036;cg18174928;cg03723506;cg12602374	6	True
GFRA1__06__CHST2	GFRA1	CHST2	cg07399369;cg10886442;cg00995327;cg08858437;cg09638407;cg08774368	6	True
GFRA1__07__TRIM71	GFRA1	TRIM71	cg08145617;cg14657525;cg21484228;cg23528400;cg17029062;cg18405727	6	True
GFRA1__08__FLI1	GFRA1	FLI1	cg02526522;cg06172475;cg06072021;cg17872757;cg02216246;cg11017065	6	True
GFRA1__09__FBN1	GFRA1	FBN1	cg18671950;cg04125371;cg03535663;cg19908534;cg15385562;cg10480343	6	True
GFRA1__10__RASGRF1	GFRA1	RASGRF1	cg20574415;cg14510404;cg17507573;cg19431448;cg15156078;cg04828458	6	True
GFRA1__11__NPR3	GFRA1	NPR3	cg24164873;cg19618483;cg07663789;cg18261223;cg01252672;cg05839235	6	True
GFRA1__12__GDF6	GFRA1	GDF6	cg05701791;cg00421139;cg19939997;cg05552220;cg03734437;cg05447833	6	True
GFRA1__13__GSG1L	GFRA1	GSG1L	cg10471437;cg03921753;cg06192555;cg00843236;cg07376134;cg23178192	6	True
GFRA1__14__RNF220	GFRA1	RNF220	cg00023154;cg16822216;cg14403130;cg04023150;cg10224098;cg04541474	6	True
GFRA1__15__USP44	GFRA1	USP44	cg00927554;cg03308628;cg22802813;cg17368254;cg13879483;cg07783282	6	True
GFRA1__16__TNFSF11	GFRA1	TNFSF11	cg06452665;cg13975523;cg26224671;cg24115264;cg00880018;cg24534742	6	True
GFRA1__17__FGF12	GFRA1	FGF12	cg04003850;cg00386551;cg16209795;cg16366473;cg01257828;cg08002883	6	True
GFRA1__18__BVES	GFRA1	BVES	cg14159026;cg14314653;cg13725782;cg01513081;cg17398252;cg08826738	6	True
GFRA1__19__LY6H	GFRA1	LY6H	cg09528449;cg23484951;cg02539855;cg26663686;cg03699469;cg24971209	6	True
GFRA1__20__MPPED2	GFRA1	MPPED2	cg25339073;cg10566121;cg20959325;cg11213308;cg11855526;cg06547386	6	True
UNC5C__01__PAX6	UNC5C	PAX6	cg07124117;cg04504066;cg07660750;cg09217215	4	True
UNC5C__02__BMP2	UNC5C	BMP2	cg19528338;cg16831623;cg18039133;cg25636478	4	True
UNC5C__03__DKK2	UNC5C	DKK2	cg26955835;cg14129775;cg03504865;cg25262044	4	True
UNC5C__04__VCAN	UNC5C	VCAN	cg04525496;cg05176349;cg19814134;cg16431436	4	True
UNC5C__05__SOX1	UNC5C	SOX1	cg04865691;cg25476766;cg00073003;cg06488256	4	True
UNC5C__06__PDGFD	UNC5C	PDGFD	cg05238517;cg14007549;cg07748540;cg26756506	4	True
UNC5C__07__SLC8A1	UNC5C	SLC8A1	cg12742937;cg20227806;cg14686012;cg03307465	4	True
UNC5C__08__OTX2OS1	UNC5C	OTX2OS1	cg25092838;cg23478293;cg12152002;cg24191463	4	True
UNC5C__09__SIM1	UNC5C	SIM1	cg12847554;cg12865837;cg24592906;cg11471772	4	True
UNC5C__10__NOVA1	UNC5C	NOVA1	cg19832521;cg15602241;cg20478129;cg02014003	4	True
UNC5C__11__ZEB2	UNC5C	ZEB2	cg13887004;cg19190728;cg20177310;cg23639412	4	True
UNC5C__12__NEFL	UNC5C	NEFL	cg01614020;cg13266631;cg15717071;cg01432561	4	True
UNC5C__13__VSTM2A	UNC5C	VSTM2A	cg04024095;cg03775422;cg03413884;cg14225678	4	True
UNC5C__14__BDNF	UNC5C	BDNF	cg04106006;cg07704699;cg27351358;cg01642653	4	True
UNC5C__15__TBX5	UNC5C	TBX5	cg17462200;cg20099830;cg00756451;cg14214262	4	True
UNC5C__16__BSX	UNC5C	BSX	cg11718501;cg00408348;cg16167240;cg04092231	4	True
UNC5C__17__FLI1	UNC5C	FLI1	cg14570838;cg17476271;cg27028555;cg09037089	4	True
UNC5C__18__KCNK2	UNC5C	KCNK2	cg05129325;cg08453036;cg17934948;cg09441363	4	True
UNC5C__19__ZNF804B	UNC5C	ZNF804B	cg09591286;cg16172408;cg21159370;cg11134720	4	True
UNC5C__20__RGS20	UNC5C	RGS20	cg18049571;cg02416510;cg02639634;cg07124686	4	True
RALYL__01__ZIC4	RALYL	ZIC4	cg02820514;cg13015925	2	True
RALYL__02__FAM46C	RALYL	FAM46C	cg23098693;cg09992184	2	True
RALYL__03__FAM115A	RALYL	FAM115A	cg03225210;cg02245020	2	True
RALYL__04__HPSE2	RALYL	HPSE2	cg14270857;cg00877329	2	True
RALYL__05__DCC	RALYL	DCC	cg21381065;cg07897248	2	True
RALYL__06__SLC32A1	RALYL	SLC32A1	cg15490840;cg08535373	2	True
RALYL__07__C11orf87	RALYL	C11orf87	cg07142201;cg00830817	2	True
RALYL__08__AK5	RALYL	AK5	cg17484154;cg11595082	2	True
RALYL__09__SLC8A1	RALYL	SLC8A1	cg10633958;cg12742937	2	True
RALYL__10__LRFN5	RALYL	LRFN5	cg05943996;cg23955431	2	True
RALYL__11__DAAM2	RALYL	DAAM2	cg22174742;cg17868910	2	True
RALYL__12__MIR124-2	RALYL	MIR124-2	cg14590098;cg02226645	2	True
RALYL__13__ADAMTS3	RALYL	ADAMTS3	cg11243196;cg01664241	2	True
RALYL__14__SHISA7	RALYL	SHISA7	cg10638599;cg01641455	2	True
RALYL__15__KHDRBS2	RALYL	KHDRBS2	cg11315153;cg04398581	2	True
RALYL__16__CRH	RALYL	CRH	cg21878188;cg20329958	2	True
RALYL__17__ZNF134	RALYL	ZNF134	cg07697981;cg08849574	2	True
RALYL__18__ESR1	RALYL	ESR1	cg23009221;cg11251858	2	True
RALYL__19__KDR	RALYL	KDR	cg14323109;cg19712746	2	True
RALYL__20__TBX15	RALYL	TBX15	cg27262412;cg25755283	2	True
BEND5__01__CMTM3	BEND5	CMTM3	cg01434608;cg00355909;cg08601917;cg06445928	4	True
BEND5__02__SLC6A15	BEND5	SLC6A15	cg19021466;cg11409659;cg05619587;cg19952303	4	True
BEND5__03__ADD2	BEND5	ADD2	cg01290229;cg24347663;cg08857144;cg03384579	4	True
BEND5__04__TM6SF1	BEND5	TM6SF1	cg22719913;cg11167100;cg08452658;cg14696396	4	True
BEND5__05__FBLIM1	BEND5	FBLIM1	cg13484546;cg04897742;cg26036626;cg23002761	4	True
BEND5__06__FBN1	BEND5	FBN1	cg19908534;cg15385562;cg10480343;cg22535307	4	True
BEND5__07__ITGA4	BEND5	ITGA4	cg10526659;cg06952671;cg21995919;cg25024074	4	True
BEND5__08__ZNF528	BEND5	ZNF528	cg27258025;cg09267217;cg03091337;cg08188890	4	True
BEND5__09__ZNF625	BEND5	ZNF625	cg00875960;cg17892556;cg17287725;cg06429617	4	True
BEND5__10__SLITRK5	BEND5	SLITRK5	cg15461335;cg15778745;cg09083627;cg06682197	4	True
BEND5__11__HOXA6	BEND5	HOXA6	cg22469274;cg14044640;cg09936824;cg24719020	4	True
BEND5__12__TNFSF11	BEND5	TNFSF11	cg21476299;cg06452665;cg13975523;cg26224671	4	True
BEND5__13__CACNA1A	BEND5	CACNA1A	cg17509220;cg22491927;cg17509967;cg18011401	4	True
BEND5__14__B3GALNT1	BEND5	B3GALNT1	cg12349858;cg16496687;cg20841906;cg13072057	4	True
BEND5__15__SYT9	BEND5	SYT9	cg26945996;cg18560328;cg02269161;cg22723056	4	True
BEND5__16__C18orf34	BEND5	C18orf34	cg05332960;cg05245861;cg00625334;cg05994094	4	True
BEND5__17__CYP1B1	BEND5	CYP1B1	cg16439198;cg23151000;cg07078841;cg18451022	4	True
BEND5__18__IQSEC1	BEND5	IQSEC1	cg23336797;cg27246282;cg18467168;cg04235837	4	True
BEND5__19__PPP1R16B	BEND5	PPP1R16B	cg12510981;cg21656726;cg24834740;cg25932164	4	True
BEND5__20__FGF5	BEND5	FGF5	cg12528713;cg20528583;cg02002231;cg14197923	4	True
