gene	cpg	fixed_probe_order_within_gene	promoter_match	promoter_groups
EYA4	cg14017655	1	True	TSS1500
EYA4	cg20330472	2	True	TSS1500
EYA4	cg17838029	3	True	TSS200
EYA4	cg14343214	4	True	TSS1500
EYA4	cg24675448	5	False	
EYA4	cg21607030	6	False	
EYA4	cg11664500	7	True	TSS200
EYA4	cg26656135	8	False	
EYA4	cg20286200	9	True	TSS1500
EYA4	cg14270292	10	False	
EYA4	cg06181518	11	True	TSS1500
EYA4	cg14287112	12	True	TSS200
EYA4	cg01328892	13	True	TSS200
EYA4	cg05493394	14	True	TSS1500
EYA4	cg26449787	15	True	TSS1500
EYA4	cg22871668	16	True	TSS200
EYA4	cg20980055	17	True	TSS1500
ZNF568	cg06611358	1	False	
ZNF568	cg27390819	2	False	
ZNF568	cg20154403	3	False	
ZNF568	cg21761844	4	False	
ZNF568	cg20680720	5	True	TSS200
ZNF568	cg02459604	6	False	
ZNF568	cg03060201	7	False	
ZNF568	cg03443751	8	False	
ZNF793	cg17332326	1	True	TSS1500
ZNF793	cg11623861	2	True	TSS1500
ZNF793	cg14732998	3	True	TSS200
ZNF793	cg07482795	4	True	TSS200
ZNF793	cg13181745	5	True	TSS200
ZNF793	cg24078985	6	True	TSS200
ZNF793	cg15139588	7	False	
ZNF793	cg25361907	8	True	TSS200
SFMBT2	cg20299663	1	False	
SFMBT2	cg20506550	2	False	
SFMBT2	cg01056653	3	False	
SFMBT2	cg22862480	4	False	
SFMBT2	cg12767281	5	False	
SFMBT2	cg26878816	6	False	
SFMBT2	cg12328063	7	False	
SFMBT2	cg16818993	8	True	TSS200
ADHFE1	cg20295442	1	True	TSS200
ADHFE1	cg19283840	2	True	TSS200
ADHFE1	cg25046651	3	False	
ADHFE1	cg01588438	4	True	TSS200
ADHFE1	cg08090772	5	True	TSS200
ADHFE1	cg09383816	6	True	TSS200
ADHFE1	cg20912169	7	False	
ADHFE1	cg18065361	8	True	TSS200
HOXA2	cg04481096	1	False	
HOXA2	cg19598584	2	True	TSS1500
HOXA2	cg09871315	3	True	TSS1500
HOXA2	cg13661519	4	False	
HOXA2	cg02803819	5	False	
HOXA2	cg03763508	6	False	
HOXA2	cg00188704	7	False	
HOXA2	cg06786372	8	False	
GFRA1	cg19236679	1	True	TSS1500
GFRA1	cg06298519	2	True	TSS200
GFRA1	cg19485539	3	True	TSS200
GFRA1	cg18672939	4	True	TSS1500;TSS200
GFRA1	cg27034576	5	False	
GFRA1	cg18044663	6	True	TSS1500
UNC5C	cg15701178	1	True	TSS1500
UNC5C	cg03008707	2	False	
UNC5C	cg24870497	3	False	
UNC5C	cg13265789	4	True	TSS1500
UNC5C	cg12584684	5	True	TSS1500
RALYL	cg08327106	1	True	TSS1500
RALYL	cg09757712	2	True	TSS1500
RALYL	cg11089595	3	True	TSS1500
RALYL	cg01134282	4	True	TSS1500
RALYL	cg06955749	5	True	TSS1500
BEND5	cg11666087	1	False	
BEND5	cg16573178	2	False	
BEND5	cg06744574	3	False	
BEND5	cg03603214	4	True	TSS1500
