cohort	gene	probes_used	mean_tumor_beta	fraction_above_threshold
ASAN	CACNA1G	15	0.13967726883281587	0.0703125
ASAN	IGF2	33	0.2739452043900953	0.7890625
ASAN	NEUROG1	16	0.24517648502664588	0.5703125
ASAN	RUNX3	23	0.3568623527932777	1.0
ASAN	SOCS1	6	0.1429672739251188	0.0078125
SNUH	CACNA1G	16	0.11818073498995141	0.04225352112676056
SNUH	IGF2	33	0.2889704654521503	0.8028169014084507
SNUH	NEUROG1	16	0.2702977330443098	0.5845070422535211
SNUH	RUNX3	23	0.37748866352104027	1.0
SNUH	SOCS1	6	0.12580548807480063	0.007042253521126761
CMCBSN	CACNA1G	15	0.1338930856319005	0.07766990291262135
CMCBSN	IGF2	33	0.287795460144463	0.8543689320388349
CMCBSN	NEUROG1	16	0.2754588517902998	0.6213592233009708
CMCBSN	RUNX3	23	0.3766064033126427	1.0
CMCBSN	SOCS1	5	0.133802349206772	0.0
