cohort	gene	cpg	feature	mask_source	n_rows	n_nonmissing	all_missing
gse119526	EYA4	cg14017655	cpg__cg14017655	M/(M+U+100)_detection_p_lt_0.01	96	0	True
gse119526	EYA4	cg20330472	cpg__cg20330472	M/(M+U+100)_detection_p_lt_0.01	96	96	False
gse119526	EYA4	cg17838029	cpg__cg17838029	M/(M+U+100)_detection_p_lt_0.01	96	0	True
gse119526	EYA4	cg14343214	cpg__cg14343214	M/(M+U+100)_detection_p_lt_0.01	96	96	False
gse119526	EYA4	cg24675448	cpg__cg24675448	M/(M+U+100)_detection_p_lt_0.01	96	96	False
gse119526	EYA4	cg21607030	cpg__cg21607030	M/(M+U+100)_detection_p_lt_0.01	96	96	False
gse119526	EYA4	cg11664500	cpg__cg11664500	M/(M+U+100)_detection_p_lt_0.01	96	96	False
gse119526	EYA4	cg26656135	cpg__cg26656135	M/(M+U+100)_detection_p_lt_0.01	96	0	True
gse119526	EYA4	cg20286200	cpg__cg20286200	M/(M+U+100)_detection_p_lt_0.01	96	96	False
gse119526	EYA4	cg14270292	cpg__cg14270292	M/(M+U+100)_detection_p_lt_0.01	96	96	False
gse119526	EYA4	cg06181518	cpg__cg06181518	M/(M+U+100)_detection_p_lt_0.01	96	96	False
gse119526	EYA4	cg14287112	cpg__cg14287112	M/(M+U+100)_detection_p_lt_0.01	96	96	False
gse119526	EYA4	cg01328892	cpg__cg01328892	M/(M+U+100)_detection_p_lt_0.01	96	96	False
gse119526	EYA4	cg05493394	cpg__cg05493394	M/(M+U+100)_detection_p_lt_0.01	96	96	False
gse119526	EYA4	cg26449787	cpg__cg26449787	M/(M+U+100)_detection_p_lt_0.01	96	96	False
gse119526	EYA4	cg22871668	cpg__cg22871668	M/(M+U+100)_detection_p_lt_0.01	96	96	False
gse119526	EYA4	cg20980055	cpg__cg20980055	M/(M+U+100)_detection_p_lt_0.01	96	96	False
gse119526	ZNF568	cg06611358	cpg__cg06611358	M/(M+U+100)_detection_p_lt_0.01	96	96	False
gse119526	ZNF568	cg27390819	cpg__cg27390819	M/(M+U+100)_detection_p_lt_0.01	96	96	False
gse119526	ZNF568	cg20154403	cpg__cg20154403	M/(M+U+100)_detection_p_lt_0.01	96	96	False
gse119526	ZNF568	cg21761844	cpg__cg21761844	M/(M+U+100)_detection_p_lt_0.01	96	96	False
gse119526	ZNF568	cg20680720	cpg__cg20680720	M/(M+U+100)_detection_p_lt_0.01	96	96	False
gse119526	ZNF568	cg02459604	cpg__cg02459604	M/(M+U+100)_detection_p_lt_0.01	96	96	False
gse119526	ZNF568	cg03060201	cpg__cg03060201	M/(M+U+100)_detection_p_lt_0.01	96	96	False
gse119526	ZNF568	cg03443751	cpg__cg03443751	M/(M+U+100)_detection_p_lt_0.01	96	96	False
gse119526	ZNF793	cg17332326	cpg__cg17332326	M/(M+U+100)_detection_p_lt_0.01	96	96	False
gse119526	ZNF793	cg11623861	cpg__cg11623861	M/(M+U+100)_detection_p_lt_0.01	96	96	False
gse119526	ZNF793	cg14732998	cpg__cg14732998	M/(M+U+100)_detection_p_lt_0.01	96	96	False
gse119526	ZNF793	cg07482795	cpg__cg07482795	M/(M+U+100)_detection_p_lt_0.01	96	96	False
gse119526	ZNF793	cg13181745	cpg__cg13181745	M/(M+U+100)_detection_p_lt_0.01	96	96	False
gse119526	ZNF793	cg24078985	cpg__cg24078985	M/(M+U+100)_detection_p_lt_0.01	96	96	False
gse119526	ZNF793	cg15139588	cpg__cg15139588	M/(M+U+100)_detection_p_lt_0.01	96	96	False
gse119526	ZNF793	cg25361907	cpg__cg25361907	M/(M+U+100)_detection_p_lt_0.01	96	96	False
gse119526	SFMBT2	cg20299663	cpg__cg20299663	M/(M+U+100)_detection_p_lt_0.01	96	96	False
gse119526	SFMBT2	cg20506550	cpg__cg20506550	M/(M+U+100)_detection_p_lt_0.01	96	96	False
gse119526	SFMBT2	cg01056653	cpg__cg01056653	M/(M+U+100)_detection_p_lt_0.01	96	0	True
gse119526	SFMBT2	cg22862480	cpg__cg22862480	M/(M+U+100)_detection_p_lt_0.01	96	96	False
gse119526	SFMBT2	cg12767281	cpg__cg12767281	M/(M+U+100)_detection_p_lt_0.01	96	96	False
gse119526	SFMBT2	cg26878816	cpg__cg26878816	M/(M+U+100)_detection_p_lt_0.01	96	96	False
gse119526	SFMBT2	cg12328063	cpg__cg12328063	M/(M+U+100)_detection_p_lt_0.01	96	96	False
gse119526	SFMBT2	cg16818993	cpg__cg16818993	M/(M+U+100)_detection_p_lt_0.01	96	96	False
gse119526	ADHFE1	cg20295442	cpg__cg20295442	M/(M+U+100)_detection_p_lt_0.01	96	96	False
gse119526	ADHFE1	cg19283840	cpg__cg19283840	M/(M+U+100)_detection_p_lt_0.01	96	96	False
gse119526	ADHFE1	cg25046651	cpg__cg25046651	M/(M+U+100)_detection_p_lt_0.01	96	96	False
gse119526	ADHFE1	cg01588438	cpg__cg01588438	M/(M+U+100)_detection_p_lt_0.01	96	96	False
gse119526	ADHFE1	cg08090772	cpg__cg08090772	M/(M+U+100)_detection_p_lt_0.01	96	96	False
gse119526	ADHFE1	cg09383816	cpg__cg09383816	M/(M+U+100)_detection_p_lt_0.01	96	96	False
gse119526	ADHFE1	cg20912169	cpg__cg20912169	M/(M+U+100)_detection_p_lt_0.01	96	96	False
gse119526	ADHFE1	cg18065361	cpg__cg18065361	M/(M+U+100)_detection_p_lt_0.01	96	96	False
gse119526	HOXA2	cg04481096	cpg__cg04481096	M/(M+U+100)_detection_p_lt_0.01	96	96	False
gse119526	HOXA2	cg19598584	cpg__cg19598584	M/(M+U+100)_detection_p_lt_0.01	96	0	True
gse119526	HOXA2	cg09871315	cpg__cg09871315	M/(M+U+100)_detection_p_lt_0.01	96	96	False
gse119526	HOXA2	cg13661519	cpg__cg13661519	M/(M+U+100)_detection_p_lt_0.01	96	96	False
gse119526	HOXA2	cg02803819	cpg__cg02803819	M/(M+U+100)_detection_p_lt_0.01	96	96	False
gse119526	HOXA2	cg03763508	cpg__cg03763508	M/(M+U+100)_detection_p_lt_0.01	96	96	False
gse119526	HOXA2	cg00188704	cpg__cg00188704	M/(M+U+100)_detection_p_lt_0.01	96	96	False
gse119526	HOXA2	cg06786372	cpg__cg06786372	M/(M+U+100)_detection_p_lt_0.01	96	96	False
gse119526	BEND5	cg11666087	cpg__cg11666087	M/(M+U+100)_detection_p_lt_0.01	96	96	False
gse119526	BEND5	cg16573178	cpg__cg16573178	M/(M+U+100)_detection_p_lt_0.01	96	96	False
gse119526	BEND5	cg06744574	cpg__cg06744574	M/(M+U+100)_detection_p_lt_0.01	96	96	False
gse119526	BEND5	cg03603214	cpg__cg03603214	M/(M+U+100)_detection_p_lt_0.01	96	96	False
gse119526	UNC5C	cg15701178	cpg__cg15701178	M/(M+U+100)_detection_p_lt_0.01	96	96	False
gse119526	UNC5C	cg03008707	cpg__cg03008707	M/(M+U+100)_detection_p_lt_0.01	96	96	False
gse119526	UNC5C	cg24870497	cpg__cg24870497	M/(M+U+100)_detection_p_lt_0.01	96	96	False
gse119526	UNC5C	cg13265789	cpg__cg13265789	M/(M+U+100)_detection_p_lt_0.01	96	96	False
gse119526	UNC5C	cg12584684	cpg__cg12584684	M/(M+U+100)_detection_p_lt_0.01	96	96	False
gse119526	RALYL	cg08327106	cpg__cg08327106	M/(M+U+100)_detection_p_lt_0.01	96	96	False
gse119526	RALYL	cg09757712	cpg__cg09757712	M/(M+U+100)_detection_p_lt_0.01	96	96	False
gse119526	RALYL	cg11089595	cpg__cg11089595	M/(M+U+100)_detection_p_lt_0.01	96	96	False
gse119526	RALYL	cg01134282	cpg__cg01134282	M/(M+U+100)_detection_p_lt_0.01	96	0	True
gse119526	RALYL	cg06955749	cpg__cg06955749	M/(M+U+100)_detection_p_lt_0.01	96	96	False
gse119526	GFRA1	cg19236679	cpg__cg19236679	M/(M+U+100)_detection_p_lt_0.01	96	96	False
gse119526	GFRA1	cg06298519	cpg__cg06298519	M/(M+U+100)_detection_p_lt_0.01	96	96	False
gse119526	GFRA1	cg19485539	cpg__cg19485539	M/(M+U+100)_detection_p_lt_0.01	96	96	False
gse119526	GFRA1	cg18672939	cpg__cg18672939	M/(M+U+100)_detection_p_lt_0.01	96	96	False
gse119526	GFRA1	cg27034576	cpg__cg27034576	M/(M+U+100)_detection_p_lt_0.01	96	96	False
gse119526	GFRA1	cg18044663	cpg__cg18044663	M/(M+U+100)_detection_p_lt_0.01	96	96	False
