n	n_patients	auc	brier	threshold_0_5_sensitivity	threshold_0_5_specificity	threshold_0_5_balanced_accuracy	model	scope	repeat	aggregation
96.0	48.0	0.9939236111111112	0.036369366725528825	0.9166666666666666	1.0	0.9583333333333333	ridge_all_cpg	repeat_pooled	0.0	
96.0	48.0	0.9722222222222222	0.03635986346791074	0.9166666666666666	1.0	0.9583333333333333	ridge_all_cpg	repeat_pooled	1.0	
96.0	48.0	0.99609375	0.031719680342288024	0.9375	1.0	0.96875	ridge_all_cpg	repeat_pooled	2.0	
96.0	48.0	0.9952256944444444	0.03429070435339249	0.9166666666666666	1.0	0.9583333333333333	ridge_all_cpg	repeat_pooled	3.0	
96.0	48.0	0.9869791666666667	0.036515148791391866	0.9375	1.0	0.96875	ridge_all_cpg	repeat_pooled	4.0	
96.0	48.0	0.9969618055555555	0.030853632131514656	0.9375	1.0	0.96875	ridge_all_cpg	repeat_pooled	5.0	
96.0	48.0	0.9848090277777779	0.043886442860823126	0.8958333333333334	1.0	0.9479166666666667	ridge_all_cpg	repeat_pooled	6.0	
96.0	48.0	0.9869791666666666	0.039981806484920515	0.8958333333333334	1.0	0.9479166666666667	ridge_all_cpg	repeat_pooled	7.0	
96.0	48.0	0.99609375	0.031700148685684694	0.9375	1.0	0.96875	ridge_all_cpg	repeat_pooled	8.0	
96.0	48.0	0.9952256944444444	0.03167187649335099	0.9375	1.0	0.96875	ridge_all_cpg	repeat_pooled	9.0	
96.0	48.0	0.9939236111111112	0.0318075229840378	0.9375	1.0	0.96875	ridge_all_cpg	repeat_pooled	10.0	
96.0	48.0	0.9926215277777778	0.03751592040742242	0.9375	1.0	0.96875	ridge_all_cpg	repeat_pooled	11.0	
96.0	48.0	0.9878472222222222	0.03752950141346687	0.9375	1.0	0.96875	ridge_all_cpg	repeat_pooled	12.0	
96.0	48.0	0.9965277777777778	0.031007243861772494	0.9375	1.0	0.96875	ridge_all_cpg	repeat_pooled	13.0	
96.0	48.0	0.9891493055555556	0.03639382687490301	0.9166666666666666	1.0	0.9583333333333333	ridge_all_cpg	repeat_pooled	14.0	
96.0	48.0	0.9947916666666666	0.029418021369361048	0.9583333333333334	1.0	0.9791666666666667	ridge_all_cpg	repeat_pooled	15.0	
96.0	48.0	0.9800347222222222	0.04695796221613905	0.875	1.0	0.9375	ridge_all_cpg	repeat_pooled	16.0	
96.0	48.0	0.9943576388888888	0.032478941957034296	0.9375	1.0	0.96875	ridge_all_cpg	repeat_pooled	17.0	
96.0	48.0	0.99609375	0.030991294395976813	0.9375	1.0	0.96875	ridge_all_cpg	repeat_pooled	18.0	
96.0	48.0	0.9913194444444444	0.03613579663474593	0.9375	1.0	0.96875	ridge_all_cpg	repeat_pooled	19.0	
96.0	48.0	0.9910590277777777	0.03517923512258328	0.9270833333333334	1.0	0.9635416666666667	ridge_all_cpg	all_repeats_pooled		mean_of_repeat_metrics
