k	n_subsets	median_auc	q1_auc	q3_auc	min_auc	max_auc	nested_mean_auc	nested_sd_auc	ci_lo	ci_hi	auc_repeat_averaged_scores
1	10	0.886390	0.874953	0.905510	0.828461	0.945726	0.941165	0.011822	0.901671	0.974561	0.950720
2	45	0.930367	0.919613	0.948454	0.894411	0.967433	0.956414	0.011227	0.925907	0.980883	0.977804
3	120	0.944491	0.934666	0.958622	0.915722	0.973596	0.961778	0.010321	0.931034	0.985857	0.970538
4	210	0.954601	0.942909	0.961707	0.925730	0.973636	0.962122	0.012394	0.932166	0.986386	0.978993
5	252	0.957811	0.949797	0.962721	0.932045	0.973398	0.959942	0.010696	0.930533	0.983678	0.978465
6	210	0.960044	0.953618	0.963024	0.936273	0.972909	0.961851	0.010003	0.932554	0.984927	0.980314
7	120	0.960916	0.956314	0.963418	0.940052	0.971317	0.959176	0.010192	0.928055	0.983479	0.977408
8	45	0.961580	0.959328	0.963397	0.945396	0.966957	0.962525	0.009582	0.931678	0.986363	0.976087
9	10	0.962383	0.961362	0.963213	0.952305	0.964896	0.963080	0.009513	0.930897	0.988006	0.975030
10	1	0.962703	0.962703	0.962703	0.962703	0.962703	0.962703	0.007579	0.927697	0.989048	0.970934
