target	k	median_auc	q1_auc	q3_auc	min_auc	max_auc	n
ASAN	1	0.841339	0.819763	0.863358	0.743408	0.911499	10
ASAN	2	0.866150	0.854126	0.881836	0.813599	0.923889	45
ASAN	3	0.873596	0.862976	0.903015	0.826355	0.925415	120
ASAN	4	0.879517	0.869431	0.914841	0.839233	0.926147	210
ASAN	5	0.884491	0.874207	0.915085	0.843384	0.925415	252
ASAN	6	0.909882	0.876633	0.914597	0.841309	0.924194	210
ASAN	7	0.909821	0.878799	0.913162	0.865601	0.920959	120
ASAN	8	0.909302	0.906555	0.911072	0.869934	0.915955	45
ASAN	9	0.907562	0.907288	0.909515	0.876648	0.910889	10
ASAN	10	0.907227	0.907227	0.907227	0.907227	0.907227	1
CMCBSN	1	0.901263	0.895325	0.930201	0.809030	0.948817	10
CMCBSN	2	0.935526	0.921953	0.950891	0.894335	0.962767	45
CMCBSN	3	0.945942	0.934843	0.956853	0.870487	0.967386	120
CMCBSN	4	0.949713	0.940852	0.962013	0.888962	0.967857	210
CMCBSN	5	0.954567	0.944458	0.963616	0.916580	0.967575	252
CMCBSN	6	0.961778	0.947380	0.964346	0.916392	0.966915	210
CMCBSN	7	0.962767	0.951362	0.964276	0.937694	0.966255	120
CMCBSN	8	0.963050	0.961731	0.964181	0.943067	0.965407	45
CMCBSN	9	0.963333	0.962343	0.963686	0.948629	0.964558	10
CMCBSN	10	0.963522	0.963522	0.963522	0.963522	0.963522	1
GSE119526	1	0.972222	0.947700	0.980903	0.846788	0.990885	10
GSE119526	2	0.987413	0.976562	0.994358	0.937934	1.000000	45
GSE119526	3	0.993490	0.988715	0.997504	0.950087	1.000000	120
GSE119526	4	0.995877	0.993490	0.997830	0.964410	1.000000	210
GSE119526	5	0.996962	0.995660	0.997830	0.982639	1.000000	252
GSE119526	6	0.997396	0.996528	0.998264	0.983507	1.000000	210
GSE119526	7	0.997830	0.996962	0.998264	0.994358	1.000000	120
GSE119526	8	0.998264	0.997396	0.998698	0.996094	0.999132	45
GSE119526	9	0.998698	0.998372	0.999132	0.997396	0.999132	10
GSE119526	10	0.999132	0.999132	0.999132	0.999132	0.999132	1
GSE193535	1	0.799383	0.773234	0.875257	0.730453	0.915638	10
GSE193535	2	0.861111	0.831619	0.900892	0.470850	0.923868	45
GSE193535	3	0.891975	0.856739	0.904064	0.664952	0.922497	120
GSE193535	4	0.899177	0.878001	0.907407	0.652949	0.920439	210
GSE193535	5	0.903464	0.892233	0.908436	0.658093	0.917695	252
GSE193535	6	0.905521	0.898834	0.910151	0.672497	0.916324	210
GSE193535	7	0.906722	0.901920	0.911265	0.866598	0.915638	120
GSE193535	8	0.908436	0.905007	0.911523	0.878258	0.914266	45
GSE193535	9	0.910151	0.907236	0.911180	0.898148	0.912894	10
GSE193535	10	0.910494	0.910494	0.910494	0.910494	0.910494	1
GSE42752	1	0.965909	0.944215	0.985537	0.935950	1.000000	10
GSE42752	2	0.989669	0.981405	0.995868	0.946281	1.000000	45
GSE42752	3	0.993802	0.987603	1.000000	0.952479	1.000000	120
GSE42752	4	0.995868	0.991736	1.000000	0.954545	1.000000	210
GSE42752	5	0.995868	0.993802	1.000000	0.931818	1.000000	252
GSE42752	6	0.997934	0.995868	1.000000	0.929752	1.000000	210
GSE42752	7	0.997934	0.995868	1.000000	0.991736	1.000000	120
GSE42752	8	0.997934	0.995868	1.000000	0.993802	1.000000	45
GSE42752	9	0.997934	0.997934	1.000000	0.995868	1.000000	10
GSE42752	10	0.997934	0.997934	0.997934	0.997934	0.997934	1
GSE77718	1	0.980388	0.978587	0.987368	0.944211	0.991025	10
GSE77718	2	0.986150	0.982825	0.987701	0.973296	0.997008	45
GSE77718	3	0.986704	0.984792	0.992244	0.977285	0.997341	120
GSE77718	4	0.987368	0.985956	0.995873	0.980277	0.997341	210
GSE77718	5	0.987812	0.986482	0.996011	0.970305	0.997341	252
GSE77718	6	0.995235	0.986953	0.996011	0.970859	0.997008	210
GSE77718	7	0.995457	0.987258	0.995900	0.975069	0.996565	120
GSE77718	8	0.995235	0.994460	0.995679	0.976288	0.996122	45
GSE77718	9	0.994848	0.994681	0.995319	0.986925	0.995900	10
GSE77718	10	0.994681	0.994681	0.994681	0.994681	0.994681	1
SNUH	1	0.930644	0.906690	0.951312	0.840309	0.980460	10
SNUH	2	0.967169	0.960226	0.975203	0.924023	0.984031	45
SNUH	3	0.975501	0.969612	0.977981	0.920155	0.985420	120
SNUH	4	0.977187	0.975228	0.980101	0.934636	0.985271	210
SNUH	5	0.978229	0.976580	0.980621	0.950357	0.984626	252
SNUH	6	0.979890	0.977485	0.980857	0.946439	0.983386	210
SNUH	7	0.980411	0.978315	0.981117	0.975650	0.982295	120
SNUH	8	0.980708	0.979766	0.981055	0.976840	0.981601	45
SNUH	9	0.980584	0.980125	0.980857	0.978129	0.981006	10
SNUH	10	0.980113	0.980113	0.980113	0.980113	0.980113	1
