probe	fixed_gene	epic_annotation_present	CMCBSN_processed_present	SNUH_processed_present	ASAN_processed_present	coverage_status	technical_flag	coverage_interpretation_limit
cg14017655	EYA4	False	False	False	False	absent_from_EPIC_annotation	False	No processing-cause inference is made beyond annotation presence and deposited processed-matrix presence.
cg20330472	EYA4	True	True	True	True	measured_in_all_three_processed_korean_matrices	False	No processing-cause inference is made beyond annotation presence and deposited processed-matrix presence.
cg17838029	EYA4	False	False	False	False	absent_from_EPIC_annotation	False	No processing-cause inference is made beyond annotation presence and deposited processed-matrix presence.
cg14343214	EYA4	True	True	True	True	measured_in_all_three_processed_korean_matrices	False	No processing-cause inference is made beyond annotation presence and deposited processed-matrix presence.
cg24675448	EYA4	True	False	False	False	EPIC_annotated_but_absent_from_deposited_processed_korean_matrices	False	No processing-cause inference is made beyond annotation presence and deposited processed-matrix presence.
cg21607030	EYA4	True	False	False	False	EPIC_annotated_but_absent_from_deposited_processed_korean_matrices	False	No processing-cause inference is made beyond annotation presence and deposited processed-matrix presence.
cg11664500	EYA4	True	True	True	True	measured_in_all_three_processed_korean_matrices	False	No processing-cause inference is made beyond annotation presence and deposited processed-matrix presence.
cg26656135	EYA4	False	False	False	False	absent_from_EPIC_annotation	False	No processing-cause inference is made beyond annotation presence and deposited processed-matrix presence.
cg20286200	EYA4	True	True	True	True	measured_in_all_three_processed_korean_matrices	False	No processing-cause inference is made beyond annotation presence and deposited processed-matrix presence.
cg14270292	EYA4	True	True	True	True	measured_in_all_three_processed_korean_matrices	False	No processing-cause inference is made beyond annotation presence and deposited processed-matrix presence.
cg06181518	EYA4	True	True	True	True	measured_in_all_three_processed_korean_matrices	False	No processing-cause inference is made beyond annotation presence and deposited processed-matrix presence.
cg14287112	EYA4	True	True	True	True	measured_in_all_three_processed_korean_matrices	False	No processing-cause inference is made beyond annotation presence and deposited processed-matrix presence.
cg01328892	EYA4	True	True	True	True	measured_in_all_three_processed_korean_matrices	False	No processing-cause inference is made beyond annotation presence and deposited processed-matrix presence.
cg05493394	EYA4	True	True	True	True	measured_in_all_three_processed_korean_matrices	False	No processing-cause inference is made beyond annotation presence and deposited processed-matrix presence.
cg26449787	EYA4	True	True	True	True	measured_in_all_three_processed_korean_matrices	False	No processing-cause inference is made beyond annotation presence and deposited processed-matrix presence.
cg22871668	EYA4	True	True	True	True	measured_in_all_three_processed_korean_matrices	False	No processing-cause inference is made beyond annotation presence and deposited processed-matrix presence.
cg20980055	EYA4	True	True	True	True	measured_in_all_three_processed_korean_matrices	False	No processing-cause inference is made beyond annotation presence and deposited processed-matrix presence.
cg06611358	ZNF568	True	False	False	False	EPIC_annotated_but_absent_from_deposited_processed_korean_matrices	False	No processing-cause inference is made beyond annotation presence and deposited processed-matrix presence.
cg27390819	ZNF568	True	True	True	True	measured_in_all_three_processed_korean_matrices	False	No processing-cause inference is made beyond annotation presence and deposited processed-matrix presence.
cg20154403	ZNF568	True	True	True	True	measured_in_all_three_processed_korean_matrices	False	No processing-cause inference is made beyond annotation presence and deposited processed-matrix presence.
cg21761844	ZNF568	True	False	False	False	EPIC_annotated_but_absent_from_deposited_processed_korean_matrices	False	No processing-cause inference is made beyond annotation presence and deposited processed-matrix presence.
cg20680720	ZNF568	True	True	True	True	measured_in_all_three_processed_korean_matrices	True	No processing-cause inference is made beyond annotation presence and deposited processed-matrix presence.
cg02459604	ZNF568	True	True	True	True	measured_in_all_three_processed_korean_matrices	False	No processing-cause inference is made beyond annotation presence and deposited processed-matrix presence.
cg03060201	ZNF568	True	True	True	True	measured_in_all_three_processed_korean_matrices	False	No processing-cause inference is made beyond annotation presence and deposited processed-matrix presence.
cg03443751	ZNF568	True	True	True	True	measured_in_all_three_processed_korean_matrices	False	No processing-cause inference is made beyond annotation presence and deposited processed-matrix presence.
cg17332326	ZNF793	True	True	True	True	measured_in_all_three_processed_korean_matrices	False	No processing-cause inference is made beyond annotation presence and deposited processed-matrix presence.
cg11623861	ZNF793	True	False	False	False	EPIC_annotated_but_absent_from_deposited_processed_korean_matrices	False	No processing-cause inference is made beyond annotation presence and deposited processed-matrix presence.
cg14732998	ZNF793	True	False	False	False	EPIC_annotated_but_absent_from_deposited_processed_korean_matrices	False	No processing-cause inference is made beyond annotation presence and deposited processed-matrix presence.
cg07482795	ZNF793	True	True	True	True	measured_in_all_three_processed_korean_matrices	False	No processing-cause inference is made beyond annotation presence and deposited processed-matrix presence.
cg13181745	ZNF793	True	False	False	False	EPIC_annotated_but_absent_from_deposited_processed_korean_matrices	False	No processing-cause inference is made beyond annotation presence and deposited processed-matrix presence.
cg24078985	ZNF793	True	True	True	True	measured_in_all_three_processed_korean_matrices	False	No processing-cause inference is made beyond annotation presence and deposited processed-matrix presence.
cg15139588	ZNF793	True	True	True	True	measured_in_all_three_processed_korean_matrices	False	No processing-cause inference is made beyond annotation presence and deposited processed-matrix presence.
cg25361907	ZNF793	True	True	True	True	measured_in_all_three_processed_korean_matrices	False	No processing-cause inference is made beyond annotation presence and deposited processed-matrix presence.
cg20299663	SFMBT2	True	True	True	True	measured_in_all_three_processed_korean_matrices	False	No processing-cause inference is made beyond annotation presence and deposited processed-matrix presence.
cg20506550	SFMBT2	True	False	False	False	EPIC_annotated_but_absent_from_deposited_processed_korean_matrices	False	No processing-cause inference is made beyond annotation presence and deposited processed-matrix presence.
cg01056653	SFMBT2	False	False	False	False	absent_from_EPIC_annotation	False	No processing-cause inference is made beyond annotation presence and deposited processed-matrix presence.
cg22862480	SFMBT2	True	True	True	True	measured_in_all_three_processed_korean_matrices	False	No processing-cause inference is made beyond annotation presence and deposited processed-matrix presence.
cg12767281	SFMBT2	True	True	True	True	measured_in_all_three_processed_korean_matrices	False	No processing-cause inference is made beyond annotation presence and deposited processed-matrix presence.
cg26878816	SFMBT2	True	True	True	True	measured_in_all_three_processed_korean_matrices	False	No processing-cause inference is made beyond annotation presence and deposited processed-matrix presence.
cg12328063	SFMBT2	True	True	True	True	measured_in_all_three_processed_korean_matrices	False	No processing-cause inference is made beyond annotation presence and deposited processed-matrix presence.
cg16818993	SFMBT2	True	True	True	True	measured_in_all_three_processed_korean_matrices	False	No processing-cause inference is made beyond annotation presence and deposited processed-matrix presence.
cg20295442	ADHFE1	True	False	False	False	EPIC_annotated_but_absent_from_deposited_processed_korean_matrices	False	No processing-cause inference is made beyond annotation presence and deposited processed-matrix presence.
cg19283840	ADHFE1	True	False	False	False	EPIC_annotated_but_absent_from_deposited_processed_korean_matrices	False	No processing-cause inference is made beyond annotation presence and deposited processed-matrix presence.
cg25046651	ADHFE1	True	True	True	True	measured_in_all_three_processed_korean_matrices	False	No processing-cause inference is made beyond annotation presence and deposited processed-matrix presence.
cg01588438	ADHFE1	True	True	True	True	measured_in_all_three_processed_korean_matrices	False	No processing-cause inference is made beyond annotation presence and deposited processed-matrix presence.
cg08090772	ADHFE1	True	False	False	False	EPIC_annotated_but_absent_from_deposited_processed_korean_matrices	False	No processing-cause inference is made beyond annotation presence and deposited processed-matrix presence.
cg09383816	ADHFE1	True	True	True	True	measured_in_all_three_processed_korean_matrices	False	No processing-cause inference is made beyond annotation presence and deposited processed-matrix presence.
cg20912169	ADHFE1	True	True	True	True	measured_in_all_three_processed_korean_matrices	False	No processing-cause inference is made beyond annotation presence and deposited processed-matrix presence.
cg18065361	ADHFE1	True	True	True	True	measured_in_all_three_processed_korean_matrices	False	No processing-cause inference is made beyond annotation presence and deposited processed-matrix presence.
cg04481096	HOXA2	True	True	True	True	measured_in_all_three_processed_korean_matrices	True	No processing-cause inference is made beyond annotation presence and deposited processed-matrix presence.
cg19598584	HOXA2	False	False	False	False	absent_from_EPIC_annotation	False	No processing-cause inference is made beyond annotation presence and deposited processed-matrix presence.
cg09871315	HOXA2	True	False	False	False	EPIC_annotated_but_absent_from_deposited_processed_korean_matrices	False	No processing-cause inference is made beyond annotation presence and deposited processed-matrix presence.
cg13661519	HOXA2	True	True	True	True	measured_in_all_three_processed_korean_matrices	False	No processing-cause inference is made beyond annotation presence and deposited processed-matrix presence.
cg02803819	HOXA2	True	True	True	True	measured_in_all_three_processed_korean_matrices	False	No processing-cause inference is made beyond annotation presence and deposited processed-matrix presence.
cg03763508	HOXA2	True	True	True	True	measured_in_all_three_processed_korean_matrices	False	No processing-cause inference is made beyond annotation presence and deposited processed-matrix presence.
cg00188704	HOXA2	True	True	True	True	measured_in_all_three_processed_korean_matrices	False	No processing-cause inference is made beyond annotation presence and deposited processed-matrix presence.
cg06786372	HOXA2	True	True	True	True	measured_in_all_three_processed_korean_matrices	False	No processing-cause inference is made beyond annotation presence and deposited processed-matrix presence.
cg19236679	GFRA1	True	True	True	True	measured_in_all_three_processed_korean_matrices	False	No processing-cause inference is made beyond annotation presence and deposited processed-matrix presence.
cg06298519	GFRA1	True	True	True	True	measured_in_all_three_processed_korean_matrices	False	No processing-cause inference is made beyond annotation presence and deposited processed-matrix presence.
cg19485539	GFRA1	True	True	True	True	measured_in_all_three_processed_korean_matrices	False	No processing-cause inference is made beyond annotation presence and deposited processed-matrix presence.
cg18672939	GFRA1	True	True	True	True	measured_in_all_three_processed_korean_matrices	False	No processing-cause inference is made beyond annotation presence and deposited processed-matrix presence.
cg27034576	GFRA1	True	True	True	True	measured_in_all_three_processed_korean_matrices	False	No processing-cause inference is made beyond annotation presence and deposited processed-matrix presence.
cg18044663	GFRA1	True	True	True	True	measured_in_all_three_processed_korean_matrices	False	No processing-cause inference is made beyond annotation presence and deposited processed-matrix presence.
cg15701178	UNC5C	True	True	True	True	measured_in_all_three_processed_korean_matrices	False	No processing-cause inference is made beyond annotation presence and deposited processed-matrix presence.
cg03008707	UNC5C	True	True	True	True	measured_in_all_three_processed_korean_matrices	False	No processing-cause inference is made beyond annotation presence and deposited processed-matrix presence.
cg24870497	UNC5C	True	False	False	False	EPIC_annotated_but_absent_from_deposited_processed_korean_matrices	False	No processing-cause inference is made beyond annotation presence and deposited processed-matrix presence.
cg13265789	UNC5C	True	True	True	True	measured_in_all_three_processed_korean_matrices	False	No processing-cause inference is made beyond annotation presence and deposited processed-matrix presence.
cg12584684	UNC5C	True	True	True	True	measured_in_all_three_processed_korean_matrices	False	No processing-cause inference is made beyond annotation presence and deposited processed-matrix presence.
cg08327106	RALYL	True	False	False	False	EPIC_annotated_but_absent_from_deposited_processed_korean_matrices	False	No processing-cause inference is made beyond annotation presence and deposited processed-matrix presence.
cg09757712	RALYL	True	False	False	False	EPIC_annotated_but_absent_from_deposited_processed_korean_matrices	False	No processing-cause inference is made beyond annotation presence and deposited processed-matrix presence.
cg11089595	RALYL	True	True	True	True	measured_in_all_three_processed_korean_matrices	False	No processing-cause inference is made beyond annotation presence and deposited processed-matrix presence.
cg01134282	RALYL	False	False	False	False	absent_from_EPIC_annotation	False	No processing-cause inference is made beyond annotation presence and deposited processed-matrix presence.
cg06955749	RALYL	True	True	True	True	measured_in_all_three_processed_korean_matrices	False	No processing-cause inference is made beyond annotation presence and deposited processed-matrix presence.
cg11666087	BEND5	True	True	True	True	measured_in_all_three_processed_korean_matrices	False	No processing-cause inference is made beyond annotation presence and deposited processed-matrix presence.
cg16573178	BEND5	True	True	True	True	measured_in_all_three_processed_korean_matrices	False	No processing-cause inference is made beyond annotation presence and deposited processed-matrix presence.
cg06744574	BEND5	True	True	True	True	measured_in_all_three_processed_korean_matrices	False	No processing-cause inference is made beyond annotation presence and deposited processed-matrix presence.
cg03603214	BEND5	True	True	True	True	measured_in_all_three_processed_korean_matrices	False	No processing-cause inference is made beyond annotation presence and deposited processed-matrix presence.
