cohort	axis	cpg	gene	loading
Colonomics	delta_axis	cg00188704	HOXA2	0.09627507690047923
Colonomics	delta_axis	cg01056653	SFMBT2	0.12141175286122607
Colonomics	delta_axis	cg01134282	RALYL	0.1130775129050226
Colonomics	delta_axis	cg01328892	EYA4	0.11909749901875562
Colonomics	delta_axis	cg01588438	ADHFE1	0.1256029902052707
Colonomics	delta_axis	cg02459604	ZNF568	0.09875045458269786
Colonomics	delta_axis	cg02803819	HOXA2	0.09494907031350928
Colonomics	delta_axis	cg03008707	UNC5C	0.12753225533542012
Colonomics	delta_axis	cg03060201	ZNF568	0.10776677865125982
Colonomics	delta_axis	cg03443751	ZNF568	0.10100502574119376
Colonomics	delta_axis	cg03603214	BEND5	0.06110973738871969
Colonomics	delta_axis	cg03763508	HOXA2	0.0942856100592487
Colonomics	delta_axis	cg04481096	HOXA2	0.10265563039844725
Colonomics	delta_axis	cg05493394	EYA4	0.10254469161217213
Colonomics	delta_axis	cg06181518	EYA4	0.10445961351362569
Colonomics	delta_axis	cg06298519	GFRA1	0.12370408684925514
Colonomics	delta_axis	cg06611358	ZNF568	0.114825043242312
Colonomics	delta_axis	cg06744574	BEND5	0.08677065614652985
Colonomics	delta_axis	cg06786372	HOXA2	0.09692270569964746
Colonomics	delta_axis	cg06955749	RALYL	0.11220377570452274
Colonomics	delta_axis	cg07482795	ZNF793	0.09660962742595111
Colonomics	delta_axis	cg08090772	ADHFE1	0.1286487267947371
Colonomics	delta_axis	cg08327106	RALYL	0.11028061205776891
Colonomics	delta_axis	cg09383816	ADHFE1	0.12745184967821616
Colonomics	delta_axis	cg09757712	RALYL	0.10343537088450243
Colonomics	delta_axis	cg09871315	HOXA2	0.09816621384574396
Colonomics	delta_axis	cg11089595	RALYL	0.1165851791618988
Colonomics	delta_axis	cg11623861	ZNF793	0.10462182459349403
Colonomics	delta_axis	cg11664500	EYA4	0.12919974393206465
Colonomics	delta_axis	cg11666087	BEND5	0.08873942798502842
Colonomics	delta_axis	cg12328063	SFMBT2	0.11569631859264214
Colonomics	delta_axis	cg12584684	UNC5C	0.12131859931747833
Colonomics	delta_axis	cg12767281	SFMBT2	0.12174295436168807
Colonomics	delta_axis	cg13181745	ZNF793	0.10688650107067234
Colonomics	delta_axis	cg13265789	UNC5C	0.12047607206714384
Colonomics	delta_axis	cg13661519	HOXA2	0.09458497496923653
Colonomics	delta_axis	cg14017655	EYA4	0.1083832908493586
Colonomics	delta_axis	cg14270292	EYA4	0.12862175300726827
Colonomics	delta_axis	cg14287112	EYA4	0.12860173401634564
Colonomics	delta_axis	cg14343214	EYA4	0.12082639735811612
Colonomics	delta_axis	cg14732998	ZNF793	0.10621093289075154
Colonomics	delta_axis	cg15139588	ZNF793	0.10244089474137479
Colonomics	delta_axis	cg15701178	UNC5C	0.11071757528688884
Colonomics	delta_axis	cg16573178	BEND5	0.0934012620943399
Colonomics	delta_axis	cg16818993	SFMBT2	0.12027240879330188
Colonomics	delta_axis	cg17332326	ZNF793	0.102148663779024
Colonomics	delta_axis	cg17838029	EYA4	0.12199241703287521
Colonomics	delta_axis	cg18044663	GFRA1	0.12715075043300844
Colonomics	delta_axis	cg18065361	ADHFE1	0.12768761835594566
Colonomics	delta_axis	cg18672939	GFRA1	0.12649087319323454
Colonomics	delta_axis	cg19236679	GFRA1	0.12658657516698013
Colonomics	delta_axis	cg19283840	ADHFE1	0.12853603679017164
Colonomics	delta_axis	cg19485539	GFRA1	0.1310653368726924
Colonomics	delta_axis	cg19598584	HOXA2	0.10363028187914249
Colonomics	delta_axis	cg20154403	ZNF568	0.10813005340206695
Colonomics	delta_axis	cg20286200	EYA4	0.12750965713038936
Colonomics	delta_axis	cg20295442	ADHFE1	0.12458505551067627
Colonomics	delta_axis	cg20299663	SFMBT2	0.11739139410518522
Colonomics	delta_axis	cg20330472	EYA4	0.09110274604853176
Colonomics	delta_axis	cg20506550	SFMBT2	0.12605682811194782
Colonomics	delta_axis	cg20680720	ZNF568	0.08609944602500032
Colonomics	delta_axis	cg20912169	ADHFE1	0.12409580544719373
Colonomics	delta_axis	cg20980055	EYA4	0.1307636833788544
Colonomics	delta_axis	cg21607030	EYA4	0.1314468863017424
Colonomics	delta_axis	cg21761844	ZNF568	0.10914928125753161
Colonomics	delta_axis	cg22862480	SFMBT2	0.12785479864934488
Colonomics	delta_axis	cg22871668	EYA4	0.1294240562520111
Colonomics	delta_axis	cg24078985	ZNF793	0.10393036769554358
Colonomics	delta_axis	cg24675448	EYA4	0.10371690097131744
Colonomics	delta_axis	cg24870497	UNC5C	0.12406268897043385
Colonomics	delta_axis	cg25046651	ADHFE1	0.12341949575863219
Colonomics	delta_axis	cg25361907	ZNF793	0.10511273228092288
Colonomics	delta_axis	cg26449787	EYA4	0.1291594492987303
Colonomics	delta_axis	cg26656135	EYA4	0.1224599788741853
Colonomics	delta_axis	cg26878816	SFMBT2	0.12718195876635463
Colonomics	delta_axis	cg27034576	GFRA1	0.1256514794529924
Colonomics	delta_axis	cg27390819	ZNF568	0.10414516079008869
Colonomics	tumor_axis	cg14017655	EYA4	0.10426375219703894
Colonomics	tumor_axis	cg20330472	EYA4	0.09172313166908497
Colonomics	tumor_axis	cg17838029	EYA4	0.12168279171610372
Colonomics	tumor_axis	cg14343214	EYA4	0.11643817648486532
Colonomics	tumor_axis	cg24675448	EYA4	0.1017431863679774
Colonomics	tumor_axis	cg21607030	EYA4	0.13260632836640815
Colonomics	tumor_axis	cg11664500	EYA4	0.12869693512189184
Colonomics	tumor_axis	cg26656135	EYA4	0.12042654377257982
Colonomics	tumor_axis	cg20286200	EYA4	0.1259602118405536
Colonomics	tumor_axis	cg14270292	EYA4	0.12749237558270357
Colonomics	tumor_axis	cg06181518	EYA4	0.10200680918545645
Colonomics	tumor_axis	cg14287112	EYA4	0.12853053710804183
Colonomics	tumor_axis	cg01328892	EYA4	0.11537795438223722
Colonomics	tumor_axis	cg05493394	EYA4	0.10248172139095009
Colonomics	tumor_axis	cg26449787	EYA4	0.12891176684429032
Colonomics	tumor_axis	cg22871668	EYA4	0.12801267044683134
Colonomics	tumor_axis	cg20980055	EYA4	0.12906660746476056
Colonomics	tumor_axis	cg06611358	ZNF568	0.11723552338135237
Colonomics	tumor_axis	cg27390819	ZNF568	0.10010869799707797
Colonomics	tumor_axis	cg20154403	ZNF568	0.10769675379386642
Colonomics	tumor_axis	cg21761844	ZNF568	0.10250287078882
Colonomics	tumor_axis	cg20680720	ZNF568	0.08116393089844158
Colonomics	tumor_axis	cg02459604	ZNF568	0.09003770193133277
Colonomics	tumor_axis	cg03060201	ZNF568	0.10570616265096873
Colonomics	tumor_axis	cg03443751	ZNF568	0.1017486140811442
Colonomics	tumor_axis	cg17332326	ZNF793	0.09950947332180733
Colonomics	tumor_axis	cg11623861	ZNF793	0.10531811697407654
Colonomics	tumor_axis	cg14732998	ZNF793	0.10386716942685276
Colonomics	tumor_axis	cg07482795	ZNF793	0.09516072419044905
Colonomics	tumor_axis	cg13181745	ZNF793	0.10574641734324787
Colonomics	tumor_axis	cg24078985	ZNF793	0.10164818950931193
Colonomics	tumor_axis	cg15139588	ZNF793	0.10412204421084612
Colonomics	tumor_axis	cg25361907	ZNF793	0.10465537797812098
Colonomics	tumor_axis	cg20299663	SFMBT2	0.11872985003833118
Colonomics	tumor_axis	cg20506550	SFMBT2	0.12696066946557447
Colonomics	tumor_axis	cg01056653	SFMBT2	0.1231586766831381
Colonomics	tumor_axis	cg22862480	SFMBT2	0.12857689697637417
Colonomics	tumor_axis	cg12767281	SFMBT2	0.12445573323050875
Colonomics	tumor_axis	cg26878816	SFMBT2	0.1280157216078739
Colonomics	tumor_axis	cg12328063	SFMBT2	0.11963106684507527
Colonomics	tumor_axis	cg16818993	SFMBT2	0.1208041630021633
Colonomics	tumor_axis	cg20295442	ADHFE1	0.12515327659874448
Colonomics	tumor_axis	cg19283840	ADHFE1	0.1282797714177965
Colonomics	tumor_axis	cg25046651	ADHFE1	0.1258694969261652
Colonomics	tumor_axis	cg01588438	ADHFE1	0.1247152606367936
Colonomics	tumor_axis	cg08090772	ADHFE1	0.12796496636215443
Colonomics	tumor_axis	cg09383816	ADHFE1	0.12725771637116245
Colonomics	tumor_axis	cg20912169	ADHFE1	0.1264035001207787
Colonomics	tumor_axis	cg18065361	ADHFE1	0.1269118649136079
Colonomics	tumor_axis	cg04481096	HOXA2	0.12215796924132431
Colonomics	tumor_axis	cg19598584	HOXA2	0.10934815173642976
Colonomics	tumor_axis	cg09871315	HOXA2	0.1100668085452199
Colonomics	tumor_axis	cg13661519	HOXA2	0.10225459392278187
Colonomics	tumor_axis	cg02803819	HOXA2	0.1072137051078059
Colonomics	tumor_axis	cg03763508	HOXA2	0.09905730454261365
Colonomics	tumor_axis	cg00188704	HOXA2	0.1027575120730189
Colonomics	tumor_axis	cg06786372	HOXA2	0.1030620717210077
Colonomics	tumor_axis	cg19236679	GFRA1	0.12768866527201764
Colonomics	tumor_axis	cg06298519	GFRA1	0.12190194845724604
Colonomics	tumor_axis	cg19485539	GFRA1	0.13023827014933662
Colonomics	tumor_axis	cg18672939	GFRA1	0.12603587055141957
Colonomics	tumor_axis	cg27034576	GFRA1	0.12368298422177644
Colonomics	tumor_axis	cg18044663	GFRA1	0.12824886455672227
Colonomics	tumor_axis	cg15701178	UNC5C	0.11058350201724994
Colonomics	tumor_axis	cg03008707	UNC5C	0.12833505622921482
Colonomics	tumor_axis	cg24870497	UNC5C	0.12451160072757358
Colonomics	tumor_axis	cg13265789	UNC5C	0.1206000891028952
Colonomics	tumor_axis	cg12584684	UNC5C	0.12018260945809062
Colonomics	tumor_axis	cg08327106	RALYL	0.10319513514077101
Colonomics	tumor_axis	cg09757712	RALYL	0.10358844242267225
Colonomics	tumor_axis	cg11089595	RALYL	0.11995942932564581
Colonomics	tumor_axis	cg01134282	RALYL	0.10615113410681717
Colonomics	tumor_axis	cg06955749	RALYL	0.1074613154824932
Colonomics	tumor_axis	cg11666087	BEND5	0.08289886261451164
Colonomics	tumor_axis	cg16573178	BEND5	0.08781213372149205
Colonomics	tumor_axis	cg06744574	BEND5	0.08004983735175158
Colonomics	tumor_axis	cg03603214	BEND5	0.05706087116298941
GSE164811	tumor_axis	cg03603214	BEND5	0.11038641227174303
GSE164811	tumor_axis	cg06744574	BEND5	0.12346189655718376
GSE164811	tumor_axis	cg11666087	BEND5	0.11770951341224284
GSE164811	tumor_axis	cg16573178	BEND5	0.11750557687459992
GSE164811	tumor_axis	cg24870497	UNC5C	0.13545977036643023
GSE164811	tumor_axis	cg06181518	EYA4	0.1289189540604367
GSE164811	tumor_axis	cg11664500	EYA4	0.13548985594420243
GSE164811	tumor_axis	cg14017655	EYA4	0.12435065115490844
GSE164811	tumor_axis	cg14287112	EYA4	0.13761383643327735
GSE164811	tumor_axis	cg14343214	EYA4	0.11315807286054114
GSE164811	tumor_axis	cg17838029	EYA4	0.14492704105501625
GSE164811	tumor_axis	cg20980055	EYA4	0.1355984612377457
GSE164811	tumor_axis	cg22871668	EYA4	0.13868294590982974
GSE164811	tumor_axis	cg02803819	HOXA2	0.08822524206091117
GSE164811	tumor_axis	cg13661519	HOXA2	0.0868736262229348
GSE164811	tumor_axis	cg18065361	ADHFE1	0.11369824557809975
GSE164811	tumor_axis	cg20295442	ADHFE1	0.10674120435006516
GSE164811	tumor_axis	cg20912169	ADHFE1	0.10893387438196966
GSE164811	tumor_axis	cg01056653	SFMBT2	0.13186147343871027
GSE164811	tumor_axis	cg12767281	SFMBT2	0.13539226135823548
GSE164811	tumor_axis	cg18044663	GFRA1	0.12810097117641808
GSE164811	tumor_axis	cg18672939	GFRA1	0.1294956957267235
GSE164811	tumor_axis	cg19236679	GFRA1	0.12098044882504612
GSE164811	tumor_axis	cg20506550	SFMBT2	0.13432952467460985
GSE164811	tumor_axis	cg22862480	SFMBT2	0.12780264536079303
GSE164811	tumor_axis	cg03060201	ZNF568	0.12206702411031749
GSE164811	tumor_axis	cg03443751	ZNF568	0.12646244356335795
GSE164811	tumor_axis	cg11623861	ZNF793	0.12967480443695117
GSE164811	tumor_axis	cg15139588	ZNF793	0.11987629648038475
GSE164811	tumor_axis	cg20680720	ZNF568	0.09259401826560006
GSE164811	tumor_axis	cg21761844	ZNF568	0.12236916000630024
GSE164811	tumor_axis	cg03008707	UNC5C	0.1084225410804179
GSE164811	tumor_axis	cg12584684	UNC5C	0.11312634143017038
GSE164811	tumor_axis	cg13265789	UNC5C	0.10151379413129821
GSE164811	tumor_axis	cg15701178	UNC5C	0.10609460011885727
GSE164811	tumor_axis	cg01328892	EYA4	0.13200512554723032
GSE164811	tumor_axis	cg05493394	EYA4	0.09569613563685535
GSE164811	tumor_axis	cg14270292	EYA4	0.13392510077265338
GSE164811	tumor_axis	cg20286200	EYA4	0.1274238419367345
GSE164811	tumor_axis	cg20330472	EYA4	0.12804114607858447
GSE164811	tumor_axis	cg21607030	EYA4	0.13815426001922715
GSE164811	tumor_axis	cg24675448	EYA4	0.10864514620594272
GSE164811	tumor_axis	cg26449787	EYA4	0.13075247237085516
GSE164811	tumor_axis	cg26656135	EYA4	0.1358080683909793
GSE164811	tumor_axis	cg00188704	HOXA2	0.06359264976318361
GSE164811	tumor_axis	cg03763508	HOXA2	0.06228512673805621
GSE164811	tumor_axis	cg04481096	HOXA2	0.07323373923405348
GSE164811	tumor_axis	cg06786372	HOXA2	0.06741857616641486
GSE164811	tumor_axis	cg09871315	HOXA2	0.04024463293985154
GSE164811	tumor_axis	cg19598584	HOXA2	0.026161355609448926
GSE164811	tumor_axis	cg01134282	RALYL	0.10728097305826986
GSE164811	tumor_axis	cg01588438	ADHFE1	0.09902629334700425
GSE164811	tumor_axis	cg06955749	RALYL	0.11654053814292974
GSE164811	tumor_axis	cg08090772	ADHFE1	0.10708274209188687
GSE164811	tumor_axis	cg08327106	RALYL	0.11576309012311409
GSE164811	tumor_axis	cg09383816	ADHFE1	0.10453141714243558
GSE164811	tumor_axis	cg09757712	RALYL	0.11132865395699275
GSE164811	tumor_axis	cg11089595	RALYL	0.10333291941030222
GSE164811	tumor_axis	cg19283840	ADHFE1	0.10446893854447495
GSE164811	tumor_axis	cg25046651	ADHFE1	0.10772432742404478
GSE164811	tumor_axis	cg06298519	GFRA1	0.1228404041952801
GSE164811	tumor_axis	cg16818993	SFMBT2	0.11548853852522553
GSE164811	tumor_axis	cg19485539	GFRA1	0.1321823963368068
GSE164811	tumor_axis	cg26878816	SFMBT2	0.11831291237439609
GSE164811	tumor_axis	cg27034576	GFRA1	0.12442648362088483
GSE164811	tumor_axis	cg02459604	ZNF568	0.11184615112998615
GSE164811	tumor_axis	cg06611358	ZNF568	0.11271878445619293
GSE164811	tumor_axis	cg07482795	ZNF793	0.11569601015612721
GSE164811	tumor_axis	cg13181745	ZNF793	0.11499242537710372
GSE164811	tumor_axis	cg14732998	ZNF793	0.11174330072459707
GSE164811	tumor_axis	cg17332326	ZNF793	0.12104454419951804
GSE164811	tumor_axis	cg20154403	ZNF568	0.12209916934333609
GSE164811	tumor_axis	cg24078985	ZNF793	0.11814569256691947
GSE164811	tumor_axis	cg25361907	ZNF793	0.11427478060301118
GSE164811	tumor_axis	cg27390819	ZNF568	0.09119337412648647
CMCBSN	delta_axis	cg00188704	HOXA2	0.10759793614323872
CMCBSN	delta_axis	cg01328892	EYA4	0.1443678208810416
CMCBSN	delta_axis	cg01588438	ADHFE1	0.14257353786397006
CMCBSN	delta_axis	cg02459604	ZNF568	0.11612137608990546
CMCBSN	delta_axis	cg02803819	HOXA2	0.1147270413577558
CMCBSN	delta_axis	cg03008707	UNC5C	0.14177909328638297
CMCBSN	delta_axis	cg03060201	ZNF568	0.1302091757803005
CMCBSN	delta_axis	cg03443751	ZNF568	0.13192602578225635
CMCBSN	delta_axis	cg03603214	BEND5	0.12870504558171156
CMCBSN	delta_axis	cg03763508	HOXA2	0.10917228397154449
CMCBSN	delta_axis	cg04481096	HOXA2	0.12602149597956197
CMCBSN	delta_axis	cg05493394	EYA4	0.13433318855018503
CMCBSN	delta_axis	cg06181518	EYA4	0.1297715946167492
CMCBSN	delta_axis	cg06298519	GFRA1	0.14249426776344604
CMCBSN	delta_axis	cg06744574	BEND5	0.1380405112637243
CMCBSN	delta_axis	cg06786372	HOXA2	0.11166826077993622
CMCBSN	delta_axis	cg06955749	RALYL	0.12351984744825813
CMCBSN	delta_axis	cg07482795	ZNF793	0.10540436236058255
CMCBSN	delta_axis	cg09383816	ADHFE1	0.1416143779784314
CMCBSN	delta_axis	cg11089595	RALYL	0.12634407960034597
CMCBSN	delta_axis	cg11664500	EYA4	0.1451703508018836
CMCBSN	delta_axis	cg11666087	BEND5	0.13622797238380777
CMCBSN	delta_axis	cg12328063	SFMBT2	0.14149111889543334
CMCBSN	delta_axis	cg12584684	UNC5C	0.14443928687073965
CMCBSN	delta_axis	cg12767281	SFMBT2	0.12866955968652558
CMCBSN	delta_axis	cg13265789	UNC5C	0.14441592986317875
CMCBSN	delta_axis	cg13661519	HOXA2	0.10472897059703636
CMCBSN	delta_axis	cg14270292	EYA4	0.14799420260567925
CMCBSN	delta_axis	cg14287112	EYA4	0.14679825932865292
CMCBSN	delta_axis	cg14343214	EYA4	0.1492106096455501
CMCBSN	delta_axis	cg15139588	ZNF793	0.0991114602557173
CMCBSN	delta_axis	cg15701178	UNC5C	0.1382331701253947
CMCBSN	delta_axis	cg16573178	BEND5	0.13954847083629376
CMCBSN	delta_axis	cg16818993	SFMBT2	0.13369343808831938
CMCBSN	delta_axis	cg17332326	ZNF793	0.10547214066428244
CMCBSN	delta_axis	cg18044663	GFRA1	0.1421179489682006
CMCBSN	delta_axis	cg18065361	ADHFE1	0.14345200460263707
CMCBSN	delta_axis	cg18672939	GFRA1	0.14251654299722916
CMCBSN	delta_axis	cg19236679	GFRA1	0.14366073635934667
CMCBSN	delta_axis	cg19485539	GFRA1	0.14350369605299418
CMCBSN	delta_axis	cg20154403	ZNF568	0.13644388990116407
CMCBSN	delta_axis	cg20286200	EYA4	0.14380937419509
CMCBSN	delta_axis	cg20299663	SFMBT2	0.14048120998294497
CMCBSN	delta_axis	cg20330472	EYA4	0.13483907613296492
CMCBSN	delta_axis	cg20680720	ZNF568	0.12167926249522397
CMCBSN	delta_axis	cg20912169	ADHFE1	0.1417606704303901
CMCBSN	delta_axis	cg20980055	EYA4	0.14638691444695306
CMCBSN	delta_axis	cg22862480	SFMBT2	0.14446118607858055
CMCBSN	delta_axis	cg22871668	EYA4	0.14355297580897008
CMCBSN	delta_axis	cg24078985	ZNF793	0.10972325639440028
CMCBSN	delta_axis	cg25046651	ADHFE1	0.13508775145516722
CMCBSN	delta_axis	cg25361907	ZNF793	0.11371889061181481
CMCBSN	delta_axis	cg26449787	EYA4	0.1489932500671175
CMCBSN	delta_axis	cg26878816	SFMBT2	0.13237461475664997
CMCBSN	delta_axis	cg27034576	GFRA1	0.14765016986812712
CMCBSN	delta_axis	cg27390819	ZNF568	0.13632218662969253
CMCBSN	tumor_axis	cg03443751	ZNF568	0.1323351644892759
CMCBSN	tumor_axis	cg13661519	HOXA2	0.11443717820263144
CMCBSN	tumor_axis	cg12767281	SFMBT2	0.13506249280410734
CMCBSN	tumor_axis	cg03603214	BEND5	0.12358740384119812
CMCBSN	tumor_axis	cg22862480	SFMBT2	0.14657741894559692
CMCBSN	tumor_axis	cg18065361	ADHFE1	0.13916156771034097
CMCBSN	tumor_axis	cg06744574	BEND5	0.13471100983872739
CMCBSN	tumor_axis	cg06181518	EYA4	0.1277951268610943
CMCBSN	tumor_axis	cg12328063	SFMBT2	0.1446599206211855
CMCBSN	tumor_axis	cg18672939	GFRA1	0.1411966740132946
CMCBSN	tumor_axis	cg14343214	EYA4	0.1415057593431517
CMCBSN	tumor_axis	cg22871668	EYA4	0.14623224529721324
CMCBSN	tumor_axis	cg11664500	EYA4	0.1471431852436208
CMCBSN	tumor_axis	cg20912169	ADHFE1	0.13559567047523355
CMCBSN	tumor_axis	cg15139588	ZNF793	0.10241914273204392
CMCBSN	tumor_axis	cg20680720	ZNF568	0.11825859132826141
CMCBSN	tumor_axis	cg18044663	GFRA1	0.14044944502458312
CMCBSN	tumor_axis	cg20980055	EYA4	0.14295197938192528
CMCBSN	tumor_axis	cg14287112	EYA4	0.14759947581088997
CMCBSN	tumor_axis	cg03060201	ZNF568	0.13213535461877648
CMCBSN	tumor_axis	cg16573178	BEND5	0.13679440029965612
CMCBSN	tumor_axis	cg11666087	BEND5	0.1333145097655141
CMCBSN	tumor_axis	cg19236679	GFRA1	0.14488464989939154
CMCBSN	tumor_axis	cg02803819	HOXA2	0.11836263996994033
CMCBSN	tumor_axis	cg01328892	EYA4	0.14098486768090165
CMCBSN	tumor_axis	cg03008707	UNC5C	0.14297120847180708
CMCBSN	tumor_axis	cg27390819	ZNF568	0.12939581874705244
CMCBSN	tumor_axis	cg26878816	SFMBT2	0.1337248013277312
CMCBSN	tumor_axis	cg07482795	ZNF793	0.1031626727299733
CMCBSN	tumor_axis	cg20299663	SFMBT2	0.1438189890460194
CMCBSN	tumor_axis	cg02459604	ZNF568	0.1157963813660845
CMCBSN	tumor_axis	cg06955749	RALYL	0.11958638280298178
CMCBSN	tumor_axis	cg25361907	ZNF793	0.11659892043242089
CMCBSN	tumor_axis	cg20154403	ZNF568	0.14059524890432368
CMCBSN	tumor_axis	cg16818993	SFMBT2	0.1380034246465209
CMCBSN	tumor_axis	cg09383816	ADHFE1	0.13824998270599662
CMCBSN	tumor_axis	cg26449787	EYA4	0.14819494683821005
CMCBSN	tumor_axis	cg06786372	HOXA2	0.11792104259901402
CMCBSN	tumor_axis	cg20330472	EYA4	0.1306221367652351
CMCBSN	tumor_axis	cg17332326	ZNF793	0.10591312915043521
CMCBSN	tumor_axis	cg00188704	HOXA2	0.116431360919231
CMCBSN	tumor_axis	cg13265789	UNC5C	0.1422033221908373
CMCBSN	tumor_axis	cg25046651	ADHFE1	0.1369523723749578
CMCBSN	tumor_axis	cg12584684	UNC5C	0.14294977000162482
CMCBSN	tumor_axis	cg27034576	GFRA1	0.14810078018462786
CMCBSN	tumor_axis	cg11089595	RALYL	0.13031955645692972
CMCBSN	tumor_axis	cg15701178	UNC5C	0.13921490919794224
CMCBSN	tumor_axis	cg06298519	GFRA1	0.14311833815115702
CMCBSN	tumor_axis	cg14270292	EYA4	0.14809370359262597
CMCBSN	tumor_axis	cg03763508	HOXA2	0.10889175583998628
CMCBSN	tumor_axis	cg20286200	EYA4	0.13979748669538353
CMCBSN	tumor_axis	cg19485539	GFRA1	0.1466331026678156
CMCBSN	tumor_axis	cg01588438	ADHFE1	0.13849978843677377
CMCBSN	tumor_axis	cg04481096	HOXA2	0.12845316947388552
CMCBSN	tumor_axis	cg05493394	EYA4	0.13305575563644592
CMCBSN	tumor_axis	cg24078985	ZNF793	0.11512731743420708
GSE48684	tumor_axis	cg00188704	HOXA2	0.10798339263750589
GSE48684	tumor_axis	cg01056653	SFMBT2	0.11762173281060795
GSE48684	tumor_axis	cg01134282	RALYL	0.11346622611730443
GSE48684	tumor_axis	cg01588438	ADHFE1	0.12298084760383765
GSE48684	tumor_axis	cg02459604	ZNF568	0.10333953603610109
GSE48684	tumor_axis	cg02803819	HOXA2	0.10190007790296225
GSE48684	tumor_axis	cg03008707	UNC5C	0.13140956192026623
GSE48684	tumor_axis	cg03060201	ZNF568	0.11852422485395137
GSE48684	tumor_axis	cg03443751	ZNF568	0.11473226393357579
GSE48684	tumor_axis	cg03603214	BEND5	0.09722559986621837
GSE48684	tumor_axis	cg03763508	HOXA2	0.10611544159705079
GSE48684	tumor_axis	cg04481096	HOXA2	0.11534429530439513
GSE48684	tumor_axis	cg05493394	EYA4	0.1161314725944979
GSE48684	tumor_axis	cg06181518	EYA4	0.10786603835716398
GSE48684	tumor_axis	cg06298519	GFRA1	0.1306966678699826
GSE48684	tumor_axis	cg06744574	BEND5	0.10421382205904509
GSE48684	tumor_axis	cg06786372	HOXA2	0.10723401532179627
GSE48684	tumor_axis	cg06955749	RALYL	0.11418513762746901
GSE48684	tumor_axis	cg07482795	ZNF793	0.10980269608163755
GSE48684	tumor_axis	cg08090772	ADHFE1	0.12651431159023668
GSE48684	tumor_axis	cg08327106	RALYL	0.11199891050955592
GSE48684	tumor_axis	cg09383816	ADHFE1	0.1273054290500804
GSE48684	tumor_axis	cg09757712	RALYL	0.11201596369996081
GSE48684	tumor_axis	cg09871315	HOXA2	0.10971056153285928
GSE48684	tumor_axis	cg11089595	RALYL	0.10949890798089518
GSE48684	tumor_axis	cg11623861	ZNF793	0.11101096464859513
GSE48684	tumor_axis	cg11664500	EYA4	0.12537718568951944
GSE48684	tumor_axis	cg11666087	BEND5	0.10737241812546863
GSE48684	tumor_axis	cg12328063	SFMBT2	0.12123691151065948
GSE48684	tumor_axis	cg12584684	UNC5C	0.12982176978912852
GSE48684	tumor_axis	cg12767281	SFMBT2	0.11826256091834696
GSE48684	tumor_axis	cg13181745	ZNF793	0.1174567986995452
GSE48684	tumor_axis	cg13265789	UNC5C	0.131016770548759
GSE48684	tumor_axis	cg14017655	EYA4	0.10879521690776364
GSE48684	tumor_axis	cg14270292	EYA4	0.12503121952836144
GSE48684	tumor_axis	cg14287112	EYA4	0.12421488568795105
GSE48684	tumor_axis	cg14732998	ZNF793	0.11725185965356354
GSE48684	tumor_axis	cg15139588	ZNF793	0.12002513396608759
GSE48684	tumor_axis	cg15701178	UNC5C	0.11348362508120886
GSE48684	tumor_axis	cg16818993	SFMBT2	0.10388355811910492
GSE48684	tumor_axis	cg17332326	ZNF793	0.11355929184166469
GSE48684	tumor_axis	cg17838029	EYA4	0.12436576429810031
GSE48684	tumor_axis	cg18044663	GFRA1	0.13121622858234433
GSE48684	tumor_axis	cg18065361	ADHFE1	0.12538340839671844
GSE48684	tumor_axis	cg18672939	GFRA1	0.1334830377597083
GSE48684	tumor_axis	cg19236679	GFRA1	0.13416799855165853
GSE48684	tumor_axis	cg19283840	ADHFE1	0.12820213201494493
GSE48684	tumor_axis	cg19485539	GFRA1	0.1328503747492668
GSE48684	tumor_axis	cg19598584	HOXA2	0.10412693402889742
GSE48684	tumor_axis	cg20154403	ZNF568	0.12584313629437868
GSE48684	tumor_axis	cg20286200	EYA4	0.11536970878574898
GSE48684	tumor_axis	cg20295442	ADHFE1	0.12143804348327421
GSE48684	tumor_axis	cg20299663	SFMBT2	0.12591759261778634
GSE48684	tumor_axis	cg20330472	EYA4	0.10357862422196557
GSE48684	tumor_axis	cg20506550	SFMBT2	0.11627760765647922
GSE48684	tumor_axis	cg20680720	ZNF568	0.09905398955155162
GSE48684	tumor_axis	cg20912169	ADHFE1	0.12220520804539926
GSE48684	tumor_axis	cg21607030	EYA4	0.13151764049680836
GSE48684	tumor_axis	cg21761844	ZNF568	0.11622380591349366
GSE48684	tumor_axis	cg22862480	SFMBT2	0.13225409151784664
GSE48684	tumor_axis	cg22871668	EYA4	0.12581323118365725
GSE48684	tumor_axis	cg24078985	ZNF793	0.11720450271528307
GSE48684	tumor_axis	cg24675448	EYA4	0.1141339120579685
GSE48684	tumor_axis	cg24870497	UNC5C	0.13139353854139027
GSE48684	tumor_axis	cg25046651	ADHFE1	0.12330360917470422
GSE48684	tumor_axis	cg25361907	ZNF793	0.11844984806693673
GSE48684	tumor_axis	cg26449787	EYA4	0.12685795089274457
GSE48684	tumor_axis	cg26656135	EYA4	0.13189267606342897
GSE48684	tumor_axis	cg26878816	SFMBT2	0.10984094557249531
GSE48684	tumor_axis	cg27034576	GFRA1	0.12837667283909174
GSE48684	tumor_axis	cg27390819	ZNF568	0.12227385571057386
GSE77954	tumor_axis	cg00188704	HOXA2	0.10791432961662428
GSE77954	tumor_axis	cg01056653	SFMBT2	0.13473763869988753
GSE77954	tumor_axis	cg01134282	RALYL	0.12149403821162992
GSE77954	tumor_axis	cg01328892	EYA4	0.10245581852842243
GSE77954	tumor_axis	cg01588438	ADHFE1	0.12408293796855421
GSE77954	tumor_axis	cg02459604	ZNF568	0.055015132774187306
GSE77954	tumor_axis	cg02803819	HOXA2	0.11631032980448121
GSE77954	tumor_axis	cg03008707	UNC5C	0.1197107853908595
GSE77954	tumor_axis	cg03060201	ZNF568	0.0724909012710959
GSE77954	tumor_axis	cg03443751	ZNF568	0.07108933147629076
GSE77954	tumor_axis	cg03603214	BEND5	0.06252511237834825
GSE77954	tumor_axis	cg03763508	HOXA2	0.10758100976176191
GSE77954	tumor_axis	cg04481096	HOXA2	0.118764853463169
GSE77954	tumor_axis	cg05493394	EYA4	0.11647740415374991
GSE77954	tumor_axis	cg06181518	EYA4	0.07446431355447534
GSE77954	tumor_axis	cg06298519	GFRA1	0.13167667370449418
GSE77954	tumor_axis	cg06611358	ZNF568	0.13180874138659382
GSE77954	tumor_axis	cg06744574	BEND5	0.11204183249363263
GSE77954	tumor_axis	cg06786372	HOXA2	0.11026498182081193
GSE77954	tumor_axis	cg06955749	RALYL	0.12245682045448036
GSE77954	tumor_axis	cg07482795	ZNF793	0.06846298729566264
GSE77954	tumor_axis	cg08090772	ADHFE1	0.12177093056262282
GSE77954	tumor_axis	cg08327106	RALYL	0.13058322949259946
GSE77954	tumor_axis	cg09383816	ADHFE1	0.11728372714369083
GSE77954	tumor_axis	cg09757712	RALYL	0.10577964153634967
GSE77954	tumor_axis	cg09871315	HOXA2	0.12445436009456505
GSE77954	tumor_axis	cg11089595	RALYL	0.13371682786715622
GSE77954	tumor_axis	cg11623861	ZNF793	0.059211199783861315
GSE77954	tumor_axis	cg11664500	EYA4	0.13823736760481842
GSE77954	tumor_axis	cg11666087	BEND5	0.12586371671008753
GSE77954	tumor_axis	cg12328063	SFMBT2	0.13702237815519028
GSE77954	tumor_axis	cg12584684	UNC5C	0.10217943360664322
GSE77954	tumor_axis	cg12767281	SFMBT2	0.13514489230209617
GSE77954	tumor_axis	cg13181745	ZNF793	0.07019338518135856
GSE77954	tumor_axis	cg13265789	UNC5C	0.13810603719154377
GSE77954	tumor_axis	cg13661519	HOXA2	0.10361670910680262
GSE77954	tumor_axis	cg14017655	EYA4	0.08850684909657235
GSE77954	tumor_axis	cg14270292	EYA4	0.13803512025482267
GSE77954	tumor_axis	cg14287112	EYA4	0.13667626112144968
GSE77954	tumor_axis	cg14343214	EYA4	0.13741794299151508
GSE77954	tumor_axis	cg14732998	ZNF793	0.06180463718003679
GSE77954	tumor_axis	cg15139588	ZNF793	0.02889276801756017
GSE77954	tumor_axis	cg15701178	UNC5C	0.09403033439468657
GSE77954	tumor_axis	cg16573178	BEND5	0.12210781940844144
GSE77954	tumor_axis	cg16818993	SFMBT2	0.13702052506124765
GSE77954	tumor_axis	cg17332326	ZNF793	0.05796637099219902
GSE77954	tumor_axis	cg17838029	EYA4	0.10635175980478104
GSE77954	tumor_axis	cg18044663	GFRA1	0.13877226980363444
GSE77954	tumor_axis	cg18065361	ADHFE1	0.1214126213354273
GSE77954	tumor_axis	cg18672939	GFRA1	0.13737930634160206
GSE77954	tumor_axis	cg19236679	GFRA1	0.13664437832960843
GSE77954	tumor_axis	cg19283840	ADHFE1	0.11705204334681349
GSE77954	tumor_axis	cg19485539	GFRA1	0.13435305763772515
GSE77954	tumor_axis	cg19598584	HOXA2	0.08539209259520815
GSE77954	tumor_axis	cg20154403	ZNF568	0.0903784790028631
GSE77954	tumor_axis	cg20286200	EYA4	0.1032845803012435
GSE77954	tumor_axis	cg20295442	ADHFE1	0.12141667286497045
GSE77954	tumor_axis	cg20299663	SFMBT2	0.13611541772409255
GSE77954	tumor_axis	cg20330472	EYA4	0.07217417834358052
GSE77954	tumor_axis	cg20506550	SFMBT2	0.1354380918406683
GSE77954	tumor_axis	cg20680720	ZNF568	0.035202817060007344
GSE77954	tumor_axis	cg20912169	ADHFE1	0.12143763132409996
GSE77954	tumor_axis	cg20980055	EYA4	0.13339489049011694
GSE77954	tumor_axis	cg21607030	EYA4	0.12960239465860002
GSE77954	tumor_axis	cg21761844	ZNF568	0.07813015786283446
GSE77954	tumor_axis	cg22862480	SFMBT2	0.13838583558667672
GSE77954	tumor_axis	cg22871668	EYA4	0.13892972435963422
GSE77954	tumor_axis	cg24078985	ZNF793	0.06654909238796282
GSE77954	tumor_axis	cg24675448	EYA4	0.12099200677534995
GSE77954	tumor_axis	cg24870497	UNC5C	0.13483270149758314
GSE77954	tumor_axis	cg25046651	ADHFE1	0.11680483657364771
GSE77954	tumor_axis	cg25361907	ZNF793	0.06743851051753763
GSE77954	tumor_axis	cg26449787	EYA4	0.13866949865312742
GSE77954	tumor_axis	cg26656135	EYA4	0.13770434622883346
GSE77954	tumor_axis	cg26878816	SFMBT2	0.13673440414252028
GSE77954	tumor_axis	cg27034576	GFRA1	0.13497010328838463
GSE77954	tumor_axis	cg27390819	ZNF568	0.10700690510628673
GSE193535	tumor_axis	cg00188704	HOXA2	0.10449280181382159
GSE193535	tumor_axis	cg01056653	SFMBT2	0.09127654361990617
GSE193535	tumor_axis	cg01134282	RALYL	0.1259634537940604
GSE193535	tumor_axis	cg01328892	EYA4	0.12437239633882056
GSE193535	tumor_axis	cg01588438	ADHFE1	0.12000566419949527
GSE193535	tumor_axis	cg02459604	ZNF568	0.12062546705511537
GSE193535	tumor_axis	cg02803819	HOXA2	0.10654823041973657
GSE193535	tumor_axis	cg03008707	UNC5C	0.13138293680817162
GSE193535	tumor_axis	cg03060201	ZNF568	0.06647256911467228
GSE193535	tumor_axis	cg03443751	ZNF568	0.07128526053801543
GSE193535	tumor_axis	cg03603214	BEND5	0.09885563799494518
GSE193535	tumor_axis	cg03763508	HOXA2	0.11585616928155794
GSE193535	tumor_axis	cg05493394	EYA4	0.12552182699134545
GSE193535	tumor_axis	cg06181518	EYA4	0.08718310496933837
GSE193535	tumor_axis	cg06298519	GFRA1	0.1253133668446432
GSE193535	tumor_axis	cg06611358	ZNF568	0.11593217187536463
GSE193535	tumor_axis	cg06744574	BEND5	0.10896906880049652
GSE193535	tumor_axis	cg06786372	HOXA2	0.11509487068862176
GSE193535	tumor_axis	cg06955749	RALYL	0.11783560962159079
GSE193535	tumor_axis	cg07482795	ZNF793	0.11404145726499659
GSE193535	tumor_axis	cg08090772	ADHFE1	0.12390059489107398
GSE193535	tumor_axis	cg08327106	RALYL	0.13174047340488917
GSE193535	tumor_axis	cg09383816	ADHFE1	0.12251509580886033
GSE193535	tumor_axis	cg09757712	RALYL	0.12352454931158452
GSE193535	tumor_axis	cg09871315	HOXA2	0.10727007548391133
GSE193535	tumor_axis	cg11089595	RALYL	0.1259329549163168
GSE193535	tumor_axis	cg11623861	ZNF793	0.07519953812114263
GSE193535	tumor_axis	cg11664500	EYA4	0.11509187277144368
GSE193535	tumor_axis	cg11666087	BEND5	0.11231036561158061
GSE193535	tumor_axis	cg12328063	SFMBT2	0.12411142673346787
GSE193535	tumor_axis	cg12584684	UNC5C	0.1302052679387787
GSE193535	tumor_axis	cg12767281	SFMBT2	0.10321557020728656
GSE193535	tumor_axis	cg13181745	ZNF793	0.11603559512515953
GSE193535	tumor_axis	cg13265789	UNC5C	0.121204130056767
GSE193535	tumor_axis	cg13661519	HOXA2	0.10931481034318616
GSE193535	tumor_axis	cg14017655	EYA4	0.08331642255296876
GSE193535	tumor_axis	cg14270292	EYA4	0.12551496325441058
GSE193535	tumor_axis	cg14287112	EYA4	0.11780454303881854
GSE193535	tumor_axis	cg14343214	EYA4	0.08191042453129635
GSE193535	tumor_axis	cg14732998	ZNF793	0.1211003500275945
GSE193535	tumor_axis	cg15139588	ZNF793	0.09032502185164251
GSE193535	tumor_axis	cg15701178	UNC5C	0.12311047339201504
GSE193535	tumor_axis	cg16573178	BEND5	0.10356802432675265
GSE193535	tumor_axis	cg16818993	SFMBT2	0.13509446632713024
GSE193535	tumor_axis	cg17332326	ZNF793	0.11699846925306767
GSE193535	tumor_axis	cg17838029	EYA4	0.11625165722359844
GSE193535	tumor_axis	cg18044663	GFRA1	0.10112975572588173
GSE193535	tumor_axis	cg18065361	ADHFE1	0.12343075443049661
GSE193535	tumor_axis	cg18672939	GFRA1	0.1022669094819569
GSE193535	tumor_axis	cg19236679	GFRA1	0.10032897210970834
GSE193535	tumor_axis	cg19283840	ADHFE1	0.12686054037824934
GSE193535	tumor_axis	cg19485539	GFRA1	0.12970304080220005
GSE193535	tumor_axis	cg19598584	HOXA2	0.10114720218610102
GSE193535	tumor_axis	cg20154403	ZNF568	0.13536442969542073
GSE193535	tumor_axis	cg20286200	EYA4	0.12698632273398647
GSE193535	tumor_axis	cg20295442	ADHFE1	0.11502291909271325
GSE193535	tumor_axis	cg20299663	SFMBT2	0.13094920798578533
GSE193535	tumor_axis	cg20330472	EYA4	0.12510599857492258
GSE193535	tumor_axis	cg20506550	SFMBT2	0.10345297585733718
GSE193535	tumor_axis	cg20912169	ADHFE1	0.11630130655554881
GSE193535	tumor_axis	cg20980055	EYA4	0.11090504116883518
GSE193535	tumor_axis	cg21607030	EYA4	0.1338425735047984
GSE193535	tumor_axis	cg21761844	ZNF568	0.07112793039818405
GSE193535	tumor_axis	cg22862480	SFMBT2	0.11437964982923507
GSE193535	tumor_axis	cg22871668	EYA4	0.11621797524590995
GSE193535	tumor_axis	cg24078985	ZNF793	0.12003382643937076
GSE193535	tumor_axis	cg24675448	EYA4	0.13559154088884529
GSE193535	tumor_axis	cg24870497	UNC5C	0.10660045886315547
GSE193535	tumor_axis	cg25046651	ADHFE1	0.12725310596579745
GSE193535	tumor_axis	cg25361907	ZNF793	0.11552246450314463
GSE193535	tumor_axis	cg26449787	EYA4	0.13774651861541912
GSE193535	tumor_axis	cg26656135	EYA4	0.13035145836478687
GSE193535	tumor_axis	cg26878816	SFMBT2	0.13561031375667773
GSE193535	tumor_axis	cg27034576	GFRA1	0.11969422155532582
GSE193535	tumor_axis	cg27390819	ZNF568	0.11893758890777693
GSE193535	delta_axis	cg00188704	HOXA2	0.11200187861523603
GSE193535	delta_axis	cg01056653	SFMBT2	0.09711849328617017
GSE193535	delta_axis	cg01134282	RALYL	0.12544602675279948
GSE193535	delta_axis	cg01328892	EYA4	0.12397397419878278
GSE193535	delta_axis	cg01588438	ADHFE1	0.12175653315574135
GSE193535	delta_axis	cg02459604	ZNF568	0.11851164439107527
GSE193535	delta_axis	cg02803819	HOXA2	0.09871864515238131
GSE193535	delta_axis	cg03008707	UNC5C	0.1300422534257338
GSE193535	delta_axis	cg03060201	ZNF568	0.06814731043611136
GSE193535	delta_axis	cg03443751	ZNF568	0.0716450231908482
GSE193535	delta_axis	cg03603214	BEND5	0.10200186056432164
GSE193535	delta_axis	cg03763508	HOXA2	0.11999204816712873
GSE193535	delta_axis	cg05493394	EYA4	0.12364298083155474
GSE193535	delta_axis	cg06181518	EYA4	0.0942508695086267
GSE193535	delta_axis	cg06298519	GFRA1	0.12441161701653983
GSE193535	delta_axis	cg06611358	ZNF568	0.11992944291713267
GSE193535	delta_axis	cg06744574	BEND5	0.103049421244769
GSE193535	delta_axis	cg06786372	HOXA2	0.11466630503311837
GSE193535	delta_axis	cg06955749	RALYL	0.11652721619295198
GSE193535	delta_axis	cg07482795	ZNF793	0.11195996105364638
GSE193535	delta_axis	cg08090772	ADHFE1	0.12672497715761127
GSE193535	delta_axis	cg08327106	RALYL	0.13011941809838704
GSE193535	delta_axis	cg09383816	ADHFE1	0.1238266592831179
GSE193535	delta_axis	cg09757712	RALYL	0.12150582112558556
GSE193535	delta_axis	cg09871315	HOXA2	0.11591518114368303
GSE193535	delta_axis	cg11089595	RALYL	0.1277291372147724
GSE193535	delta_axis	cg11623861	ZNF793	0.07729096729296196
GSE193535	delta_axis	cg11664500	EYA4	0.1106924236205016
GSE193535	delta_axis	cg11666087	BEND5	0.11312217648760685
GSE193535	delta_axis	cg12328063	SFMBT2	0.12474794830847799
GSE193535	delta_axis	cg12584684	UNC5C	0.12861494729898842
GSE193535	delta_axis	cg12767281	SFMBT2	0.10758105509706775
GSE193535	delta_axis	cg13181745	ZNF793	0.11509579034968982
GSE193535	delta_axis	cg13265789	UNC5C	0.1209493327094269
GSE193535	delta_axis	cg13661519	HOXA2	0.10228810996502634
GSE193535	delta_axis	cg14017655	EYA4	0.08084156973633717
GSE193535	delta_axis	cg14270292	EYA4	0.12457418466469077
GSE193535	delta_axis	cg14287112	EYA4	0.11401347194264666
GSE193535	delta_axis	cg14343214	EYA4	0.08644571308336021
GSE193535	delta_axis	cg14732998	ZNF793	0.12003884527498963
GSE193535	delta_axis	cg15139588	ZNF793	0.09095746320963947
GSE193535	delta_axis	cg15701178	UNC5C	0.120709169300242
GSE193535	delta_axis	cg16573178	BEND5	0.10714882537311879
GSE193535	delta_axis	cg16818993	SFMBT2	0.13398970619871925
GSE193535	delta_axis	cg17332326	ZNF793	0.11563839716473241
GSE193535	delta_axis	cg17838029	EYA4	0.11829085923381712
GSE193535	delta_axis	cg18044663	GFRA1	0.09863382076038231
GSE193535	delta_axis	cg18065361	ADHFE1	0.12421167684227423
GSE193535	delta_axis	cg18672939	GFRA1	0.10284157934823662
GSE193535	delta_axis	cg19236679	GFRA1	0.1003932902242117
GSE193535	delta_axis	cg19283840	ADHFE1	0.12719577510087585
GSE193535	delta_axis	cg19485539	GFRA1	0.12828625133061133
GSE193535	delta_axis	cg19598584	HOXA2	0.11160348457800849
GSE193535	delta_axis	cg20154403	ZNF568	0.1345413413102454
GSE193535	delta_axis	cg20286200	EYA4	0.12405596710898541
GSE193535	delta_axis	cg20295442	ADHFE1	0.11768689562128454
GSE193535	delta_axis	cg20299663	SFMBT2	0.1303516721837626
GSE193535	delta_axis	cg20330472	EYA4	0.12311979937087551
GSE193535	delta_axis	cg20506550	SFMBT2	0.1077587186218676
GSE193535	delta_axis	cg20912169	ADHFE1	0.11905534525049691
GSE193535	delta_axis	cg20980055	EYA4	0.11117370200689349
GSE193535	delta_axis	cg21607030	EYA4	0.13341043268142738
GSE193535	delta_axis	cg21761844	ZNF568	0.07302578480046194
GSE193535	delta_axis	cg22862480	SFMBT2	0.10994820161075172
GSE193535	delta_axis	cg22871668	EYA4	0.11070370145219109
GSE193535	delta_axis	cg24078985	ZNF793	0.1192939146634567
GSE193535	delta_axis	cg24675448	EYA4	0.1348167050085726
GSE193535	delta_axis	cg24870497	UNC5C	0.10681509234184636
GSE193535	delta_axis	cg25046651	ADHFE1	0.12540842624753634
GSE193535	delta_axis	cg25361907	ZNF793	0.11376277319163118
GSE193535	delta_axis	cg26449787	EYA4	0.1369667952744625
GSE193535	delta_axis	cg26656135	EYA4	0.1286617903899646
GSE193535	delta_axis	cg26878816	SFMBT2	0.13516462787745284
GSE193535	delta_axis	cg27034576	GFRA1	0.11689945639019036
GSE193535	delta_axis	cg27390819	ZNF568	0.12121233264946447
GSE77718	tumor_axis	cg00188704	HOXA2	0.10304856780467653
GSE77718	tumor_axis	cg01328892	EYA4	0.13837889894474142
GSE77718	tumor_axis	cg01588438	ADHFE1	0.1467856095387413
GSE77718	tumor_axis	cg02459604	ZNF568	0.12454481581030458
GSE77718	tumor_axis	cg02803819	HOXA2	0.11479955760059993
GSE77718	tumor_axis	cg03008707	UNC5C	0.14330855538107437
GSE77718	tumor_axis	cg03763508	HOXA2	0.10082769941691107
GSE77718	tumor_axis	cg04481096	HOXA2	0.1293245392717446
GSE77718	tumor_axis	cg06298519	GFRA1	0.14437537479216056
GSE77718	tumor_axis	cg06611358	ZNF568	0.1415234108373797
GSE77718	tumor_axis	cg06786372	HOXA2	0.11160310181121465
GSE77718	tumor_axis	cg06955749	RALYL	0.12896842960304203
GSE77718	tumor_axis	cg07482795	ZNF793	0.11059236955301655
GSE77718	tumor_axis	cg08090772	ADHFE1	0.14787877017771514
GSE77718	tumor_axis	cg08327106	RALYL	0.11669812032031504
GSE77718	tumor_axis	cg09383816	ADHFE1	0.1461401775102391
GSE77718	tumor_axis	cg09757712	RALYL	0.12373072468246368
GSE77718	tumor_axis	cg09871315	HOXA2	0.13058774507491244
GSE77718	tumor_axis	cg11664500	EYA4	0.15331316253780014
GSE77718	tumor_axis	cg11666087	BEND5	0.11556456394665982
GSE77718	tumor_axis	cg12328063	SFMBT2	0.13217502728197522
GSE77718	tumor_axis	cg12584684	UNC5C	0.13160865641902106
GSE77718	tumor_axis	cg13181745	ZNF793	0.14213753875084922
GSE77718	tumor_axis	cg13265789	UNC5C	0.12858173869667455
GSE77718	tumor_axis	cg13661519	HOXA2	0.10921762444029066
GSE77718	tumor_axis	cg14017655	EYA4	0.10645137973549017
GSE77718	tumor_axis	cg14270292	EYA4	0.1531510874339261
GSE77718	tumor_axis	cg14287112	EYA4	0.15256019208214383
GSE77718	tumor_axis	cg14732998	ZNF793	0.1407937984534098
GSE77718	tumor_axis	cg16573178	BEND5	0.11479343454875113
GSE77718	tumor_axis	cg17332326	ZNF793	0.13787796692153992
GSE77718	tumor_axis	cg18065361	ADHFE1	0.1448709747857448
GSE77718	tumor_axis	cg18672939	GFRA1	0.13876050329474623
GSE77718	tumor_axis	cg19236679	GFRA1	0.14693129632517662
GSE77718	tumor_axis	cg19283840	ADHFE1	0.14902704368177214
GSE77718	tumor_axis	cg19485539	GFRA1	0.1482877936679769
GSE77718	tumor_axis	cg19598584	HOXA2	0.1278872205104272
GSE77718	tumor_axis	cg20154403	ZNF568	0.14262285008885742
GSE77718	tumor_axis	cg20286200	EYA4	0.144398844144401
GSE77718	tumor_axis	cg20295442	ADHFE1	0.14133165502377695
GSE77718	tumor_axis	cg20299663	SFMBT2	0.1492570928293734
GSE77718	tumor_axis	cg20330472	EYA4	0.13202137759818305
GSE77718	tumor_axis	cg20506550	SFMBT2	0.14232007897793014
GSE77718	tumor_axis	cg20912169	ADHFE1	0.14207264486320387
GSE77718	tumor_axis	cg21607030	EYA4	0.15336514857442385
GSE77718	tumor_axis	cg21761844	ZNF568	0.13700051334508184
GSE77718	tumor_axis	cg22862480	SFMBT2	0.1444687054178133
GSE77718	tumor_axis	cg22871668	EYA4	0.15266822185489426
GSE77718	tumor_axis	cg24078985	ZNF793	0.13849702598551594
GSE77718	tumor_axis	cg24675448	EYA4	0.13542982829578906
GSE77718	tumor_axis	cg25046651	ADHFE1	0.14634703021158368
GSE77718	tumor_axis	cg26449787	EYA4	0.15341622401289823
GSE77718	tumor_axis	cg26878816	SFMBT2	0.14906201379108333
GSE77718	tumor_axis	cg27390819	ZNF568	0.12616610840058906
GSE77718	delta_axis	cg00188704	HOXA2	0.0913075056309962
GSE77718	delta_axis	cg01328892	EYA4	0.14681915017652836
GSE77718	delta_axis	cg01588438	ADHFE1	0.1487398521115283
GSE77718	delta_axis	cg02459604	ZNF568	0.12474307993566175
GSE77718	delta_axis	cg02803819	HOXA2	0.0996306106992361
GSE77718	delta_axis	cg03008707	UNC5C	0.14800809971982173
GSE77718	delta_axis	cg03763508	HOXA2	0.09390861811309853
GSE77718	delta_axis	cg04481096	HOXA2	0.10932749565407372
GSE77718	delta_axis	cg06298519	GFRA1	0.15327508397489312
GSE77718	delta_axis	cg06611358	ZNF568	0.14847007659346126
GSE77718	delta_axis	cg06786372	HOXA2	0.10201508779274719
GSE77718	delta_axis	cg06955749	RALYL	0.1411085981850323
GSE77718	delta_axis	cg07482795	ZNF793	0.10750884676483191
GSE77718	delta_axis	cg08090772	ADHFE1	0.15344948011984605
GSE77718	delta_axis	cg08327106	RALYL	0.12811933721598798
GSE77718	delta_axis	cg09383816	ADHFE1	0.1496331779644285
GSE77718	delta_axis	cg09757712	RALYL	0.13013332534455208
GSE77718	delta_axis	cg09871315	HOXA2	0.11479513208224312
GSE77718	delta_axis	cg11664500	EYA4	0.16047098089820866
GSE77718	delta_axis	cg11666087	BEND5	0.13269842656408296
GSE77718	delta_axis	cg12328063	SFMBT2	0.13343797996463538
GSE77718	delta_axis	cg12584684	UNC5C	0.14252397564523467
GSE77718	delta_axis	cg13181745	ZNF793	0.1430376611178432
GSE77718	delta_axis	cg13265789	UNC5C	0.13696946901249624
GSE77718	delta_axis	cg13661519	HOXA2	0.09519732945901375
GSE77718	delta_axis	cg14017655	EYA4	0.11597139467773655
GSE77718	delta_axis	cg14270292	EYA4	0.16364452866913226
GSE77718	delta_axis	cg14287112	EYA4	0.16161417119244473
GSE77718	delta_axis	cg14732998	ZNF793	0.14645281494385096
GSE77718	delta_axis	cg16573178	BEND5	0.13378041312493089
GSE77718	delta_axis	cg17332326	ZNF793	0.13983532259971196
GSE77718	delta_axis	cg18672939	GFRA1	0.15176203221881465
GSE77718	delta_axis	cg19236679	GFRA1	0.15540954046145936
GSE77718	delta_axis	cg19283840	ADHFE1	0.15455919238956062
GSE77718	delta_axis	cg19485539	GFRA1	0.1589385017695152
GSE77718	delta_axis	cg19598584	HOXA2	0.12093594431097804
GSE77718	delta_axis	cg20154403	ZNF568	0.14962498301404414
GSE77718	delta_axis	cg20286200	EYA4	0.15309404652988692
GSE77718	delta_axis	cg20295442	ADHFE1	0.14295770035044092
GSE77718	delta_axis	cg20299663	SFMBT2	0.15805958862826602
GSE77718	delta_axis	cg20330472	EYA4	0.13627199723200353
GSE77718	delta_axis	cg20506550	SFMBT2	0.1522596619581103
GSE77718	delta_axis	cg21607030	EYA4	0.16108878317678982
GSE77718	delta_axis	cg21761844	ZNF568	0.14520883977682042
GSE77718	delta_axis	cg22862480	SFMBT2	0.14607125004388824
GSE77718	delta_axis	cg24078985	ZNF793	0.1415237970979596
GSE77718	delta_axis	cg24675448	EYA4	0.14606588668054013
GSE77718	delta_axis	cg25046651	ADHFE1	0.15187488392157078
GSE77718	delta_axis	cg26449787	EYA4	0.16322917811743612
GSE77718	delta_axis	cg26878816	SFMBT2	0.15504725091481952
GSE77718	delta_axis	cg27390819	ZNF568	0.13224572183095634
GSE42752	tumor_axis	cg01056653	SFMBT2	0.12356882493804505
GSE42752	tumor_axis	cg01134282	RALYL	0.12095541132301198
GSE42752	tumor_axis	cg01328892	EYA4	0.1276114946388154
GSE42752	tumor_axis	cg01588438	ADHFE1	0.12720520449001285
GSE42752	tumor_axis	cg02459604	ZNF568	0.12733995886198657
GSE42752	tumor_axis	cg02803819	HOXA2	0.027253605104442517
GSE42752	tumor_axis	cg03008707	UNC5C	0.12277035342041873
GSE42752	tumor_axis	cg03060201	ZNF568	0.1294102924079642
GSE42752	tumor_axis	cg03443751	ZNF568	0.12628058872553752
GSE42752	tumor_axis	cg03603214	BEND5	0.095060837051997
GSE42752	tumor_axis	cg03763508	HOXA2	0.015615409319755021
GSE42752	tumor_axis	cg04481096	HOXA2	0.028827030401771165
GSE42752	tumor_axis	cg05493394	EYA4	0.11065867808290371
GSE42752	tumor_axis	cg06181518	EYA4	0.12344529135668224
GSE42752	tumor_axis	cg06298519	GFRA1	0.11601115414543384
GSE42752	tumor_axis	cg06744574	BEND5	0.11511880585912256
GSE42752	tumor_axis	cg06786372	HOXA2	0.026410628129944238
GSE42752	tumor_axis	cg06955749	RALYL	0.12042903136251448
GSE42752	tumor_axis	cg07482795	ZNF793	0.11568546830806878
GSE42752	tumor_axis	cg08090772	ADHFE1	0.11857460590252036
GSE42752	tumor_axis	cg08327106	RALYL	0.11834745722760291
GSE42752	tumor_axis	cg09383816	ADHFE1	0.1247216986515711
GSE42752	tumor_axis	cg09757712	RALYL	0.108712577138273
GSE42752	tumor_axis	cg09871315	HOXA2	0.03180967622728494
GSE42752	tumor_axis	cg11089595	RALYL	0.11567236612876906
GSE42752	tumor_axis	cg11623861	ZNF793	0.1166793229605062
GSE42752	tumor_axis	cg11664500	EYA4	0.1245969110671702
GSE42752	tumor_axis	cg11666087	BEND5	0.1207229150546846
GSE42752	tumor_axis	cg12328063	SFMBT2	0.12487081376797106
GSE42752	tumor_axis	cg12584684	UNC5C	0.11346331244478913
GSE42752	tumor_axis	cg12767281	SFMBT2	0.1116449247853434
GSE42752	tumor_axis	cg13181745	ZNF793	0.11328524590221653
GSE42752	tumor_axis	cg13265789	UNC5C	0.1262251367564174
GSE42752	tumor_axis	cg14017655	EYA4	0.12227289906093194
GSE42752	tumor_axis	cg14270292	EYA4	0.12812077705306366
GSE42752	tumor_axis	cg14287112	EYA4	0.12733972802251844
GSE42752	tumor_axis	cg14343214	EYA4	0.12014225866400452
GSE42752	tumor_axis	cg14732998	ZNF793	0.12506495339427207
GSE42752	tumor_axis	cg15139588	ZNF793	0.12681677555341667
GSE42752	tumor_axis	cg15701178	UNC5C	0.10630785459595551
GSE42752	tumor_axis	cg16573178	BEND5	0.1207511593314336
GSE42752	tumor_axis	cg16818993	SFMBT2	0.1155024700665668
GSE42752	tumor_axis	cg17332326	ZNF793	0.12301050525989093
GSE42752	tumor_axis	cg17838029	EYA4	0.12386284102530944
GSE42752	tumor_axis	cg18044663	GFRA1	0.1132461356892175
GSE42752	tumor_axis	cg18065361	ADHFE1	0.1260556997819947
GSE42752	tumor_axis	cg18672939	GFRA1	0.11614857311573723
GSE42752	tumor_axis	cg19236679	GFRA1	0.10879804192659882
GSE42752	tumor_axis	cg19283840	ADHFE1	0.12259153917024442
GSE42752	tumor_axis	cg19485539	GFRA1	0.11420408415580405
GSE42752	tumor_axis	cg19598584	HOXA2	0.045510867303436016
GSE42752	tumor_axis	cg20154403	ZNF568	0.1273170446779306
GSE42752	tumor_axis	cg20286200	EYA4	0.12891918165555138
GSE42752	tumor_axis	cg20295442	ADHFE1	0.12503188685445144
GSE42752	tumor_axis	cg20299663	SFMBT2	0.12848661279187004
GSE42752	tumor_axis	cg20330472	EYA4	0.09590926161207194
GSE42752	tumor_axis	cg20506550	SFMBT2	0.12458357027300586
GSE42752	tumor_axis	cg20680720	ZNF568	0.10715371728043895
GSE42752	tumor_axis	cg20912169	ADHFE1	0.12496248708696224
GSE42752	tumor_axis	cg20980055	EYA4	0.12777992114047984
GSE42752	tumor_axis	cg21607030	EYA4	0.13080324575636565
GSE42752	tumor_axis	cg21761844	ZNF568	0.12434224071947046
GSE42752	tumor_axis	cg22862480	SFMBT2	0.13096785087767954
GSE42752	tumor_axis	cg22871668	EYA4	0.12882817102501126
GSE42752	tumor_axis	cg24078985	ZNF793	0.11955066655384805
GSE42752	tumor_axis	cg24675448	EYA4	0.12150819381389577
GSE42752	tumor_axis	cg24870497	UNC5C	0.12011442021917722
GSE42752	tumor_axis	cg25046651	ADHFE1	0.12768156763425384
GSE42752	tumor_axis	cg25361907	ZNF793	0.1164923778055264
GSE42752	tumor_axis	cg26449787	EYA4	0.13066834918405698
GSE42752	tumor_axis	cg26656135	EYA4	0.12130606234669211
GSE42752	tumor_axis	cg26878816	SFMBT2	0.11785755969563447
GSE42752	tumor_axis	cg27034576	GFRA1	0.12669867679064728
GSE42752	tumor_axis	cg27390819	ZNF568	0.12096260367991496
GSE42752	delta_axis	cg01056653	SFMBT2	0.12223880996968445
GSE42752	delta_axis	cg01134282	RALYL	0.12323807680904798
GSE42752	delta_axis	cg01328892	EYA4	0.1267299956986908
GSE42752	delta_axis	cg01588438	ADHFE1	0.12025057356841554
GSE42752	delta_axis	cg02459604	ZNF568	0.10725126174683633
GSE42752	delta_axis	cg02803819	HOXA2	0.015505269644916594
GSE42752	delta_axis	cg03008707	UNC5C	0.1323182205057522
GSE42752	delta_axis	cg03060201	ZNF568	0.13283418547632694
GSE42752	delta_axis	cg03443751	ZNF568	0.1301951704348912
GSE42752	delta_axis	cg03603214	BEND5	0.10115849603011948
GSE42752	delta_axis	cg03763508	HOXA2	0.014572926536473456
GSE42752	delta_axis	cg04481096	HOXA2	0.008893611481424495
GSE42752	delta_axis	cg05493394	EYA4	0.1080014950712437
GSE42752	delta_axis	cg06181518	EYA4	0.11922356181110157
GSE42752	delta_axis	cg06298519	GFRA1	0.11800006587097586
GSE42752	delta_axis	cg06744574	BEND5	0.11552276473900096
GSE42752	delta_axis	cg06786372	HOXA2	0.021940744288384034
GSE42752	delta_axis	cg06955749	RALYL	0.12532341283775558
GSE42752	delta_axis	cg07482795	ZNF793	0.11594847866606967
GSE42752	delta_axis	cg08090772	ADHFE1	0.1256712767598534
GSE42752	delta_axis	cg08327106	RALYL	0.11949457591722977
GSE42752	delta_axis	cg09383816	ADHFE1	0.12087991443115528
GSE42752	delta_axis	cg09757712	RALYL	0.11057347364905651
GSE42752	delta_axis	cg09871315	HOXA2	0.01023954775903623
GSE42752	delta_axis	cg11089595	RALYL	0.10471193777593223
GSE42752	delta_axis	cg11623861	ZNF793	0.12122383127803596
GSE42752	delta_axis	cg11664500	EYA4	0.11960888729495116
GSE42752	delta_axis	cg11666087	BEND5	0.12384639200661213
GSE42752	delta_axis	cg12328063	SFMBT2	0.11772388775219468
GSE42752	delta_axis	cg12584684	UNC5C	0.10668535942172637
GSE42752	delta_axis	cg12767281	SFMBT2	0.11419557808937325
GSE42752	delta_axis	cg13181745	ZNF793	0.11797300752439885
GSE42752	delta_axis	cg13265789	UNC5C	0.13151166104837042
GSE42752	delta_axis	cg14017655	EYA4	0.12067493994580959
GSE42752	delta_axis	cg14270292	EYA4	0.12447298922978574
GSE42752	delta_axis	cg14287112	EYA4	0.12568095836022422
GSE42752	delta_axis	cg14343214	EYA4	0.12086828358350186
GSE42752	delta_axis	cg14732998	ZNF793	0.12996340299973738
GSE42752	delta_axis	cg15139588	ZNF793	0.13183565255436624
GSE42752	delta_axis	cg15701178	UNC5C	0.11107067419471686
GSE42752	delta_axis	cg16573178	BEND5	0.124305158020864
GSE42752	delta_axis	cg16818993	SFMBT2	0.11437214288291778
GSE42752	delta_axis	cg17332326	ZNF793	0.12750284628630668
GSE42752	delta_axis	cg17838029	EYA4	0.12557459586687783
GSE42752	delta_axis	cg18044663	GFRA1	0.11174133521984961
GSE42752	delta_axis	cg18065361	ADHFE1	0.12829002910395865
GSE42752	delta_axis	cg18672939	GFRA1	0.11732555416814043
GSE42752	delta_axis	cg19236679	GFRA1	0.1120999580009928
GSE42752	delta_axis	cg19283840	ADHFE1	0.12165173694691116
GSE42752	delta_axis	cg19485539	GFRA1	0.11648546161033833
GSE42752	delta_axis	cg19598584	HOXA2	0.031195384915959398
GSE42752	delta_axis	cg20154403	ZNF568	0.13109784710380784
GSE42752	delta_axis	cg20286200	EYA4	0.13251925957490868
GSE42752	delta_axis	cg20295442	ADHFE1	0.12386411193162564
GSE42752	delta_axis	cg20299663	SFMBT2	0.1296572470631611
GSE42752	delta_axis	cg20330472	EYA4	0.09881064975626762
GSE42752	delta_axis	cg20506550	SFMBT2	0.12698537033333096
GSE42752	delta_axis	cg20680720	ZNF568	0.10639160330886624
GSE42752	delta_axis	cg20912169	ADHFE1	0.11261645975330112
GSE42752	delta_axis	cg20980055	EYA4	0.12577773575236437
GSE42752	delta_axis	cg21607030	EYA4	0.12911669438337262
GSE42752	delta_axis	cg21761844	ZNF568	0.12505119115674593
GSE42752	delta_axis	cg22862480	SFMBT2	0.13256627709545607
GSE42752	delta_axis	cg22871668	EYA4	0.12727213145135025
GSE42752	delta_axis	cg24078985	ZNF793	0.12315430248535184
GSE42752	delta_axis	cg24675448	EYA4	0.1183644579661179
GSE42752	delta_axis	cg24870497	UNC5C	0.11766607491861526
GSE42752	delta_axis	cg25046651	ADHFE1	0.1270815929364333
GSE42752	delta_axis	cg25361907	ZNF793	0.12057630044488217
GSE42752	delta_axis	cg26449787	EYA4	0.1307605647254434
GSE42752	delta_axis	cg26656135	EYA4	0.11425111371569215
GSE42752	delta_axis	cg26878816	SFMBT2	0.12022643621393674
GSE42752	delta_axis	cg27034576	GFRA1	0.12860715826074612
GSE42752	delta_axis	cg27390819	ZNF568	0.12079082294925132
TCGA-COADREAD	tumor_axis	cg00188704	HOXA2	0.06848898397873104
TCGA-COADREAD	tumor_axis	cg01134282	RALYL	0.1148446937523504
TCGA-COADREAD	tumor_axis	cg01328892	EYA4	0.14283598227441974
TCGA-COADREAD	tumor_axis	cg01588438	ADHFE1	0.1041340896603791
TCGA-COADREAD	tumor_axis	cg02459604	ZNF568	0.10878744842778804
TCGA-COADREAD	tumor_axis	cg02803819	HOXA2	0.08992907381227168
TCGA-COADREAD	tumor_axis	cg03008707	UNC5C	0.13861703082272972
TCGA-COADREAD	tumor_axis	cg03060201	ZNF568	0.13357854956205698
TCGA-COADREAD	tumor_axis	cg03443751	ZNF568	0.13227590890840288
TCGA-COADREAD	tumor_axis	cg03603214	BEND5	0.11652325342784708
TCGA-COADREAD	tumor_axis	cg03763508	HOXA2	0.05872859453665759
TCGA-COADREAD	tumor_axis	cg05493394	EYA4	0.13641598400945143
TCGA-COADREAD	tumor_axis	cg06181518	EYA4	0.13446483687123642
TCGA-COADREAD	tumor_axis	cg06298519	GFRA1	0.1336047546743754
TCGA-COADREAD	tumor_axis	cg06611358	ZNF568	0.13516193087762704
TCGA-COADREAD	tumor_axis	cg06744574	BEND5	0.11117097061977022
TCGA-COADREAD	tumor_axis	cg06786372	HOXA2	0.0707370423751889
TCGA-COADREAD	tumor_axis	cg06955749	RALYL	0.11952187938261695
TCGA-COADREAD	tumor_axis	cg07482795	ZNF793	0.101353802748885
TCGA-COADREAD	tumor_axis	cg08090772	ADHFE1	0.11863582288373808
TCGA-COADREAD	tumor_axis	cg08327106	RALYL	0.11168740058348776
TCGA-COADREAD	tumor_axis	cg09383816	ADHFE1	0.11058029154368271
TCGA-COADREAD	tumor_axis	cg09871315	HOXA2	0.07124167173738374
TCGA-COADREAD	tumor_axis	cg11089595	RALYL	0.11921025757553928
TCGA-COADREAD	tumor_axis	cg11623861	ZNF793	0.11338897552845505
TCGA-COADREAD	tumor_axis	cg11664500	EYA4	0.1449265248422025
TCGA-COADREAD	tumor_axis	cg11666087	BEND5	0.11598054980626261
TCGA-COADREAD	tumor_axis	cg12584684	UNC5C	0.13795051964507532
TCGA-COADREAD	tumor_axis	cg12767281	SFMBT2	0.14611402057549688
TCGA-COADREAD	tumor_axis	cg13181745	ZNF793	0.11578667190893897
TCGA-COADREAD	tumor_axis	cg13265789	UNC5C	0.14312186943269387
TCGA-COADREAD	tumor_axis	cg13661519	HOXA2	0.08992349915915758
TCGA-COADREAD	tumor_axis	cg14017655	EYA4	0.1287305636033669
TCGA-COADREAD	tumor_axis	cg14270292	EYA4	0.1419106432794854
TCGA-COADREAD	tumor_axis	cg14343214	EYA4	0.14267824203648438
TCGA-COADREAD	tumor_axis	cg14732998	ZNF793	0.10818734722303695
TCGA-COADREAD	tumor_axis	cg15139588	ZNF793	0.10898982194711332
TCGA-COADREAD	tumor_axis	cg15701178	UNC5C	0.12009054006782686
TCGA-COADREAD	tumor_axis	cg16573178	BEND5	0.11540777101626723
TCGA-COADREAD	tumor_axis	cg16818993	SFMBT2	0.14428238093722587
TCGA-COADREAD	tumor_axis	cg17332326	ZNF793	0.10031719445809743
TCGA-COADREAD	tumor_axis	cg17838029	EYA4	0.1533903925806055
TCGA-COADREAD	tumor_axis	cg18065361	ADHFE1	0.11383945539897877
TCGA-COADREAD	tumor_axis	cg18672939	GFRA1	0.14145308881649354
TCGA-COADREAD	tumor_axis	cg19283840	ADHFE1	0.11141581184633696
TCGA-COADREAD	tumor_axis	cg19485539	GFRA1	0.1430466536558866
TCGA-COADREAD	tumor_axis	cg19598584	HOXA2	0.05739843342775364
TCGA-COADREAD	tumor_axis	cg20286200	EYA4	0.13987685817853265
TCGA-COADREAD	tumor_axis	cg20295442	ADHFE1	0.10707850754386555
TCGA-COADREAD	tumor_axis	cg20330472	EYA4	0.12995137358012399
TCGA-COADREAD	tumor_axis	cg20506550	SFMBT2	0.15448435627540724
TCGA-COADREAD	tumor_axis	cg20912169	ADHFE1	0.10949336382033238
TCGA-COADREAD	tumor_axis	cg20980055	EYA4	0.13908185224374744
TCGA-COADREAD	tumor_axis	cg21761844	ZNF568	0.1342616726468155
TCGA-COADREAD	tumor_axis	cg22862480	SFMBT2	0.14585149980324555
TCGA-COADREAD	tumor_axis	cg22871668	EYA4	0.14199404562717616
TCGA-COADREAD	tumor_axis	cg24078985	ZNF793	0.11636474696814798
TCGA-COADREAD	tumor_axis	cg24870497	UNC5C	0.14121932848442756
TCGA-COADREAD	tumor_axis	cg25046651	ADHFE1	0.11147701253072637
TCGA-COADREAD	tumor_axis	cg25361907	ZNF793	0.11751115165723144
TCGA-COADREAD	tumor_axis	cg26449787	EYA4	0.1491776590141782
TCGA-COADREAD	tumor_axis	cg26656135	EYA4	0.14607029311530376
TCGA-COADREAD	tumor_axis	cg26878816	SFMBT2	0.14415980314513197
TCGA-COADREAD	tumor_axis	cg27034576	GFRA1	0.14891517723841705
TCGA-COADREAD	tumor_axis	cg27390819	ZNF568	0.12697884278415736
TCGA-COADREAD	delta_axis	cg00188704	HOXA2	0.08261968404074882
TCGA-COADREAD	delta_axis	cg01056653	SFMBT2	0.1266220345661116
TCGA-COADREAD	delta_axis	cg01328892	EYA4	0.11556136549519899
TCGA-COADREAD	delta_axis	cg01588438	ADHFE1	0.13868752765271014
TCGA-COADREAD	delta_axis	cg02459604	ZNF568	0.0937306987172699
TCGA-COADREAD	delta_axis	cg02803819	HOXA2	0.09957626984885609
TCGA-COADREAD	delta_axis	cg03008707	UNC5C	0.13183918557863608
TCGA-COADREAD	delta_axis	cg03060201	ZNF568	0.11663631622659686
TCGA-COADREAD	delta_axis	cg03443751	ZNF568	0.08850671481570796
TCGA-COADREAD	delta_axis	cg03603214	BEND5	0.09015001473212482
TCGA-COADREAD	delta_axis	cg03763508	HOXA2	0.08483716751199741
TCGA-COADREAD	delta_axis	cg05493394	EYA4	0.1306804601530657
TCGA-COADREAD	delta_axis	cg06181518	EYA4	0.12698624331582056
TCGA-COADREAD	delta_axis	cg06298519	GFRA1	0.11832883426469332
TCGA-COADREAD	delta_axis	cg06611358	ZNF568	0.13105395739795211
TCGA-COADREAD	delta_axis	cg06744574	BEND5	0.11568791237085525
TCGA-COADREAD	delta_axis	cg06786372	HOXA2	0.08161908810209141
TCGA-COADREAD	delta_axis	cg06955749	RALYL	0.0827531466762489
TCGA-COADREAD	delta_axis	cg07482795	ZNF793	0.09005875026601001
TCGA-COADREAD	delta_axis	cg08090772	ADHFE1	0.13555181551818943
TCGA-COADREAD	delta_axis	cg09383816	ADHFE1	0.13884982055151343
TCGA-COADREAD	delta_axis	cg09871315	HOXA2	0.07471728152875984
TCGA-COADREAD	delta_axis	cg11089595	RALYL	0.11761759703744935
TCGA-COADREAD	delta_axis	cg11623861	ZNF793	0.09993139851901013
TCGA-COADREAD	delta_axis	cg11666087	BEND5	0.11812553003677888
TCGA-COADREAD	delta_axis	cg12584684	UNC5C	0.1288368044545945
TCGA-COADREAD	delta_axis	cg12767281	SFMBT2	0.13830762727057028
TCGA-COADREAD	delta_axis	cg13181745	ZNF793	0.1133013149910014
TCGA-COADREAD	delta_axis	cg13265789	UNC5C	0.15258787731088605
TCGA-COADREAD	delta_axis	cg13661519	HOXA2	0.10648461520267889
TCGA-COADREAD	delta_axis	cg14017655	EYA4	0.13251018969187725
TCGA-COADREAD	delta_axis	cg14270292	EYA4	0.15419288372855058
TCGA-COADREAD	delta_axis	cg14287112	EYA4	0.16343813537342086
TCGA-COADREAD	delta_axis	cg14343214	EYA4	0.13356437150585534
TCGA-COADREAD	delta_axis	cg15139588	ZNF793	0.10774270363333253
TCGA-COADREAD	delta_axis	cg15701178	UNC5C	0.12080157479416546
TCGA-COADREAD	delta_axis	cg16573178	BEND5	0.13788349311052153
TCGA-COADREAD	delta_axis	cg16818993	SFMBT2	0.11073741613811301
TCGA-COADREAD	delta_axis	cg17332326	ZNF793	0.09342944870850131
TCGA-COADREAD	delta_axis	cg17838029	EYA4	0.13430324591504111
TCGA-COADREAD	delta_axis	cg18044663	GFRA1	0.14700856475825083
TCGA-COADREAD	delta_axis	cg18065361	ADHFE1	0.1404630489637891
TCGA-COADREAD	delta_axis	cg18672939	GFRA1	0.14512244739847105
TCGA-COADREAD	delta_axis	cg19236679	GFRA1	0.14033772026348526
TCGA-COADREAD	delta_axis	cg19283840	ADHFE1	0.13594585485474242
TCGA-COADREAD	delta_axis	cg19485539	GFRA1	0.1413376011694016
TCGA-COADREAD	delta_axis	cg19598584	HOXA2	0.09929930876567991
TCGA-COADREAD	delta_axis	cg20154403	ZNF568	0.10906733159356174
TCGA-COADREAD	delta_axis	cg20286200	EYA4	0.1469566328069938
TCGA-COADREAD	delta_axis	cg20295442	ADHFE1	0.1362009188265166
TCGA-COADREAD	delta_axis	cg20330472	EYA4	0.10120332116639243
TCGA-COADREAD	delta_axis	cg20506550	SFMBT2	0.1455744643651585
TCGA-COADREAD	delta_axis	cg20912169	ADHFE1	0.13077083906939518
TCGA-COADREAD	delta_axis	cg20980055	EYA4	0.14949951391133662
TCGA-COADREAD	delta_axis	cg21761844	ZNF568	0.11510787262084997
TCGA-COADREAD	delta_axis	cg22871668	EYA4	0.16212637257972598
TCGA-COADREAD	delta_axis	cg24078985	ZNF793	0.10258472051023258
TCGA-COADREAD	delta_axis	cg24870497	UNC5C	0.1239800315378163
TCGA-COADREAD	delta_axis	cg25046651	ADHFE1	0.13262007414038668
TCGA-COADREAD	delta_axis	cg25361907	ZNF793	0.11482938687406723
TCGA-COADREAD	delta_axis	cg26449787	EYA4	0.16450011220515678
TCGA-COADREAD	delta_axis	cg26656135	EYA4	0.13310376927801565
TCGA-COADREAD	delta_axis	cg26878816	SFMBT2	0.12298410917948042
TCGA-COADREAD	delta_axis	cg27034576	GFRA1	0.13051890147261871
TCGA-COADREAD	delta_axis	cg27390819	ZNF568	0.10731113138543781
