Cohort,Location,Selection,CpGs,"Median Δ, pp (95% CI)","Range Δ, pp",Positive / negative,Significant positive / negative
CMCBSN,Promoter-associated,Selected,46,27.14 (23.82 to 30.62),18.19 to 39.80,46 / 0,46 / 0
CMCBSN,Promoter-associated,Unselected,111,20.01 (17.36 to 22.36),-24.93 to 32.19,102 / 9,102 / 9
CMCBSN,Body,Selected,7,26.07 (23.25 to 28.74),20.61 to 29.52,7 / 0,7 / 0
CMCBSN,Body,Unselected,85,-6.11 (-7.69 to -4.54),-24.05 to 23.82,13 / 72,12 / 65
CMCBSN,Other,Selected,1,20.68 (17.33 to 24.09),20.68 to 20.68,1 / 0,1 / 0
CMCBSN,Other,Unselected,19,-3.85 (-5.80 to -2.29),-21.70 to 15.62,2 / 17,2 / 15
SNUH,Promoter-associated,Selected,46,31.64 (28.76 to 34.48),20.63 to 43.02,46 / 0,46 / 0
SNUH,Promoter-associated,Unselected,111,22.74 (20.45 to 24.82),-26.44 to 39.88,102 / 9,102 / 9
SNUH,Body,Selected,7,27.83 (25.28 to 29.79),23.44 to 31.22,7 / 0,7 / 0
SNUH,Body,Unselected,84,-6.74 (-8.09 to -5.47),-26.09 to 26.85,12 / 72,12 / 66
SNUH,Other,Selected,1,25.50 (22.56 to 28.37),25.50 to 25.50,1 / 0,1 / 0
SNUH,Other,Unselected,20,-4.35 (-5.40 to -2.62),-24.67 to 20.90,4 / 16,2 / 14
ASAN,Promoter-associated,Selected,46,23.27 (19.70 to 26.00),14.45 to 34.35,46 / 0,46 / 0
ASAN,Promoter-associated,Unselected,111,16.15 (14.04 to 18.61),-20.46 to 27.79,102 / 9,101 / 9
ASAN,Body,Selected,7,22.23 (19.56 to 24.61),17.50 to 24.40,7 / 0,7 / 0
ASAN,Body,Unselected,84,-4.96 (-6.20 to -3.78),-20.01 to 20.57,15 / 69,13 / 60
ASAN,Other,Selected,1,18.76 (15.79 to 21.96),18.76 to 18.76,1 / 0,1 / 0
ASAN,Other,Unselected,20,-3.75 (-4.75 to -2.39),-17.48 to 15.64,3 / 17,2 / 15
