Model,Predictors,5-year Uno C (95% CI),Harrell C (95% CI),5-year Brier (95% CI)
Ridge Cox,Clinical,0.587 (0.405 to 0.777),0.630 (0.461 to 0.787),0.130 (0.074 to 0.195)
Ridge Cox,Tumor methylation,0.584 (0.439 to 0.715),0.583 (0.441 to 0.719),0.130 (0.074 to 0.196)
Ridge Cox,Clinical + methylation,0.596 (0.473 to 0.719),0.615 (0.492 to 0.732),0.130 (0.074 to 0.196)
Elastic-net Cox,Clinical,0.500 (0.500 to 0.500),0.500 (0.500 to 0.500),0.130 (0.074 to 0.195)
Elastic-net Cox,Tumor methylation,0.497 (0.492 to 0.501),0.497 (0.492 to 0.502),0.130 (0.074 to 0.196)
Elastic-net Cox,Clinical + methylation,0.499 (0.496 to 0.501),0.499 (0.495 to 0.502),0.130 (0.074 to 0.195)
Survival forest,Clinical,0.589 (0.376 to 0.814),0.650 (0.450 to 0.813),0.137 (0.077 to 0.209)
Survival forest,Tumor methylation,0.526 (0.385 to 0.676),0.540 (0.402 to 0.689),0.142 (0.084 to 0.213)
Survival forest,Clinical + methylation,0.539 (0.401 to 0.688),0.570 (0.444 to 0.696),0.143 (0.086 to 0.214)
Ridge Cox,Combined minus clinical (difference),0.009 (-0.179 to 0.184),—,—
