analysis	group	planned_tests	flagged_observed	retained_estimable	original_significant	sensitivity_significant	sensitivity_positive_significant	sensitivity_negative_significant
public_meta	A-H	77	0	0	0	0	0.0	0.0
public_meta	N-H	77	2	75	0	0	0.0	0.0
public_meta	T-A	77	0	0	0	0	0.0	0.0
public_meta	T-H	77	2	75	77	75	75.0	0.0
public_meta	T-N	77	2	75	68	66	66.0	0.0
public_context	Colonomics|unadjusted|methylation_expression_spearman	77	2	75	15	15	0.0	15.0
public_context	Colonomics|rank_residual_age_sex_site_stroma|methylation_expression_spearman	77	2	75	8	8	0.0	8.0
public_context	ColoCare_GSE101764_GSE106582|unadjusted|methylation_expression_spearman	77	2	75	20	20	1.0	19.0
public_context	Colonomics|unadjusted|stromal_spearman	77	2	75	75	73	0.0	73.0
public_context	Colonomics|source_cms_labels|CMS_global_Kruskal	77	2	75	61	60		
public_context	GSE164811_MATCH|Welch_CMS3_minus_CMS2|CMS3-CMS2	77	2	73	59	58	58.0	0.0
public_context	GSE164811_MATCH|sex_site_adjusted_OLS_CMS3_minus_CMS2|CMS3-CMS2_adjusted	77	2	73	58	56	56.0	0.0
public_contrast_families	healthy_reference	462	12	450	259	250	244.0	6.0
public_contrast_families	tissue_replication	462	10	433	368	360	360.0	0.0
public_contrast_families	lesion	231	6	225	87	85	75.0	10.0
public_contrast_cohort	Colonomics|N-H	462	2	75	5	4	1.0	3.0
public_contrast_cohort	Colonomics|T-H	462	2	75	77	75	75.0	0.0
public_contrast_cohort	GSE48684|N-H	462	2	75	6	6	6.0	0.0
public_contrast_cohort	GSE48684|T-H	462	2	75	77	75	75.0	0.0
public_contrast_cohort	GSE42752|N-H	462	2	75	17	15	12.0	3.0
public_contrast_cohort	GSE42752|T-H	462	2	75	77	75	75.0	0.0
public_contrast_cohort	Colonomics|T-N	462	2	75	77	75	75.0	0.0
public_contrast_cohort	GSE48684|T-N	462	2	75	77	75	75.0	0.0
public_contrast_cohort	GSE42752|T-N	462	2	75	77	75	75.0	0.0
public_contrast_cohort	GSE193535|T-N	462	0	75	75	75	75.0	0.0
public_contrast_cohort	GSE77718|T-N	462	2	58	60	58	58.0	0.0
public_contrast_cohort	GSE77954|T-N	462	2	75	2	2	2.0	0.0
public_contrast_cohort	GSE48684|A-H	231	2	75	77	75	75.0	0.0
public_contrast_cohort	GSE48684|T-A	231	2	75	1	1	0.0	1.0
public_contrast_cohort	GSE77954|T-A	231	2	75	9	9	0.0	9.0
cmc_expression	CMCBSN	77	2	52	28	27	0.0	27.0
cmc_expression_adjusted	CMCBSN	77	2	52	25	24	0.0	24.0
