cohort	probe	gene	n_pairs	mean_delta_pp	sd_delta_pp	se_delta_pp	paired_t_p	wilcoxon_p	n_tumor_higher	fraction_tumor_higher	paired_t_q77	wilcoxon_q77
CMCBSN	cg20330472	EYA4	103	21.768208315892114	20.2429545994078	1.9945975843347046	7.786674784195818e-19	2.809361481131886e-15	86	0.8349514563106796	1.2756892731554851e-18	4.602570937173515e-15
CMCBSN	cg14343214	EYA4	103	27.36456324331466	19.75838073564386	1.9468511027947242	1.325400598848584e-25	3.3962801635351966e-17	93	0.9029126213592233	3.905571282714818e-25	9.68568787378556e-17
CMCBSN	cg11664500	EYA4	103	26.917280075342457	16.887894233556835	1.6640136634865486	6.444128524460567e-30	1.3349322626518037e-17	94	0.912621359223301	3.1012368523966476e-29	5.710543568010493e-17
CMCBSN	cg20286200	EYA4	103	28.220378970519665	17.18951484956611	1.6937332258717372	7.167593264489151e-31	1.9311781244698685e-17	94	0.912621359223301	4.5992056780472056e-30	6.195863149340828e-17
CMCBSN	cg14270292	EYA4	103	26.1988370670476	17.817203594229397	1.7555812356408302	2.1355396385194594e-27	1.3349322626518037e-17	95	0.9223300970873787	7.830312007904685e-27	5.710543568010493e-17
CMCBSN	cg06181518	EYA4	103	27.19443998679977	20.399880279298742	2.010059931023943	1.694318519196972e-24	2.7158614853922805e-16	91	0.883495145631068	4.3487508659388944e-24	5.503193009873831e-16
CMCBSN	cg14287112	EYA4	103	27.280198779671004	17.287303366123545	1.703368614714967	1.341664587613022e-29	1.9311781244698685e-17	94	0.912621359223301	5.739342958122372e-29	6.195863149340828e-17
CMCBSN	cg01328892	EYA4	103	29.15747797223246	19.723708454017917	1.943434741372044	1.4665712360318385e-27	1.1250736697551088e-17	98	0.9514563106796117	5.6462992587225785e-27	5.710543568010493e-17
CMCBSN	cg05493394	EYA4	103	25.557116485605736	20.86579166068841	2.055967543535264	3.7770602322286384e-22	7.030151182387663e-17	91	0.883495145631068	7.65351678635803e-22	1.7393826784047413e-16
CMCBSN	cg26449787	EYA4	103	29.806245219633322	20.843965345273702	2.0538169327740077	1.4906742887021452e-26	1.1250736697551088e-17	95	0.9223300970873787	4.9905182708723995e-26	5.710543568010493e-17
CMCBSN	cg22871668	EYA4	103	27.971172271670103	17.244167857773853	1.6991183467844215	1.7606279056618442e-30	1.413128072616778e-17	95	0.9223300970873787	9.683453481140143e-30	5.726887452183784e-17
CMCBSN	cg20980055	EYA4	103	26.168126018973048	16.490203160282455	1.6248279976703657	8.904767401610014e-30	1.773720037812108e-17	93	0.9029126213592233	4.0333358230821824e-29	6.195863149340828e-17
CMCBSN	cg27390819	ZNF568	103	20.677522385111498	17.76082077783761	1.750025671663211	8.17845665261471e-21	3.7666193789378195e-16	90	0.8737864077669902	1.4645143308170525e-20	7.250742304455303e-16
CMCBSN	cg20154403	ZNF568	103	27.191483033530428	25.555931095133293	2.51810071387841	1.397474868060279e-18	4.4332627869951584e-16	92	0.8932038834951457	2.1960319355232954e-18	8.127648442824457e-16
CMCBSN	cg02459604	ZNF568	103	26.880191913512842	20.231731661879074	1.9934917554412983	2.1114000013168315e-24	1.9916565581495425e-15	89	0.8640776699029126	5.244445164561162e-24	3.3338598908155383e-15
CMCBSN	cg03060201	ZNF568	103	28.110606083343914	22.805457259381367	2.247088473959288	2.549362224022161e-22	1.1690957409572764e-15	86	0.8349514563106796	5.305429493235308e-22	2.0459175466752337e-15
CMCBSN	cg03443751	ZNF568	103	23.60398273939972	22.103481439629117	2.1779207411827612	1.143762428305929e-18	4.4332627869951584e-16	89	0.8640776699029126	1.8347855620740943e-18	8.127648442824457e-16
CMCBSN	cg17332326	ZNF793	103	24.330899000964084	22.423649433933345	2.2094678310546705	4.72362535880019e-19	3.285292046723954e-14	86	0.8349514563106796	7.906938100600318e-19	5.0593497519548895e-14
CMCBSN	cg07482795	ZNF793	103	18.854799683737237	21.020213196409752	2.0711831495677973	7.834507834780253e-15	9.449622902293294e-14	84	0.8155339805825242	1.1171427838482954e-14	1.3728697424086485e-13
CMCBSN	cg24078985	ZNF793	103	21.367736943401855	21.90438362697108	2.1583030507797174	1.3540751230711608e-16	4.451473863725155e-14	85	0.8252427184466019	2.0050727783938344e-16	6.720852696212489e-14
CMCBSN	cg15139588	ZNF793	103	26.665741681873556	23.81499894082398	2.34656157158455	7.965626510850781e-20	6.175557279169295e-14	83	0.8058252427184466	1.3939846393988867e-19	9.144575201846841e-14
CMCBSN	cg25361907	ZNF793	103	19.99219743579175	20.26244993485897	1.996518516815472	7.600157948405784e-17	3.1226327319912716e-14	79	0.7669902912621359	1.1474748275044026e-16	4.906994293129141e-14
CMCBSN	cg20299663	SFMBT2	103	32.27644536918699	25.074483448462704	2.4706622676616274	1.6495314214043853e-23	1.7241036489345877e-17	92	0.8932038834951457	3.8489066499435655e-23	6.195863149340828e-17
CMCBSN	cg22862480	SFMBT2	103	27.429164333881694	18.420069366104656	1.814983365224011	8.770891402957248e-28	3.30208712641546e-17	96	0.9320388349514563	3.5545191475142526e-27	9.68568787378556e-17
CMCBSN	cg12767281	SFMBT2	103	20.91303563629895	19.786582294029355	1.9496298849114329	2.0121773825701766e-18	1.050400243884512e-15	90	0.8737864077669902	3.098753169158072e-18	1.880949273932731e-15
CMCBSN	cg26878816	SFMBT2	103	29.786766958110412	22.318966675516037	2.1991531323759133	1.5713400670309275e-24	2.5020286484249823e-16	90	0.8737864077669902	4.172178798668325e-24	5.206924484560098e-16
CMCBSN	cg12328063	SFMBT2	103	26.83195884805114	21.65213542546825	2.133448296949215	1.8279652091868148e-22	7.228603338824898e-17	94	0.912621359223301	4.0215234602109925e-22	1.7393826784047413e-16
CMCBSN	cg16818993	SFMBT2	103	28.081036254115947	20.473272948784015	2.01729152562859	2.5474514974086335e-25	1.2610095356420057e-17	96	0.9320388349514563	7.005491617873742e-25	5.710543568010493e-17
CMCBSN	cg25046651	ADHFE1	103	27.32173530876455	15.536994184640788	1.5309055264794929	3.816967635842354e-33	5.186339825678481e-18	98	0.9514563106796117	3.2656278662206804e-32	5.710543568010493e-17
CMCBSN	cg01588438	ADHFE1	103	38.006378330278885	20.167975682920478	1.9872096921687052	1.6409265596348297e-35	5.4940120770947166e-18	96	0.9320388349514563	3.1587836272970472e-34	5.710543568010493e-17
CMCBSN	cg09383816	ADHFE1	103	39.79518147704383	20.72239433890573	2.041838185578982	3.6054931006463664e-36	3.9994685846071e-18	98	0.9514563106796117	9.254098958325674e-35	5.710543568010493e-17
CMCBSN	cg20912169	ADHFE1	103	32.81181743318344	17.61878349566327	1.736030322391485	4.217706122532488e-35	4.116808953110999e-18	99	0.9611650485436893	5.412722857250026e-34	5.710543568010493e-17
CMCBSN	cg18065361	ADHFE1	103	34.46553895557546	19.336636034736028	1.905295362623211	1.3363272311771322e-33	5.337988218176642e-18	98	0.9514563106796117	1.2862149600079897e-32	5.710543568010493e-17
CMCBSN	cg13661519	HOXA2	103	25.35793888250297	14.53750491637343	1.4324229225560097	7.14091049988473e-33	3.8002925997202766e-17	100	0.970873786407767	5.498501084911242e-32	1.0450804649230762e-16
CMCBSN	cg02803819	HOXA2	103	26.069070745035923	14.525699332305422	1.4312596837932057	7.812338952076264e-34	1.2610095356420057e-17	99	0.9611650485436893	8.59357284728389e-33	5.710543568010493e-17
CMCBSN	cg03763508	HOXA2	103	27.551981140978853	14.787889489959255	1.457094047671489	4.071718065690533e-35	9.211106554258335e-18	98	0.9514563106796117	5.412722857250026e-34	5.710543568010493e-17
CMCBSN	cg00188704	HOXA2	103	24.680920674621987	12.79744412021551	1.2609696377319826	2.5579458989906655e-36	1.1911294104474762e-17	97	0.941747572815534	9.254098958325674e-35	5.710543568010493e-17
CMCBSN	cg06786372	HOXA2	103	29.519730240080477	15.165456886780094	1.4942968687282738	1.2098212865985844e-36	8.45303266076412e-18	99	0.9611650485436893	9.254098958325674e-35	5.710543568010493e-17
CMCBSN	cg19236679	GFRA1	103	19.849652652032674	16.98075596206401	1.6731636014784548	6.4271693179009435e-21	4.8907568976508993e-17	92	0.8932038834951457	1.1783143749485064e-20	1.298580279721101e-16
CMCBSN	cg06298519	GFRA1	103	30.35793947600917	21.570673230817004	2.125421588403876	4.45189745040182e-26	3.3962801635351966e-17	92	0.8932038834951457	1.4283170986705837e-25	9.68568787378556e-17
CMCBSN	cg19485539	GFRA1	103	29.657954107205963	20.33114471846821	2.0032872149702063	3.734535494396828e-27	1.8247447931677985e-17	93	0.9029126213592233	1.3070874230388897e-26	6.195863149340828e-17
CMCBSN	cg18672939	GFRA1	103	28.112146933676748	22.70747743107133	2.237434234608949	1.94343147771324e-22	1.7909762439733256e-15	83	0.8058252427184466	4.156783993997763e-22	3.0645593507988017e-15
CMCBSN	cg27034576	GFRA1	103	25.687983633346654	18.27397580728543	1.8005883391384312	4.824898669875738e-26	1.1911294104474762e-17	95	0.9223300970873787	1.4860687903217274e-25	5.710543568010493e-17
CMCBSN	cg18044663	GFRA1	103	27.081078026834167	19.563160756038837	1.9276155066359775	1.3694860341987025e-25	1.4447420118664677e-16	90	0.8737864077669902	3.905571282714818e-25	3.178432426106229e-16
CMCBSN	cg15701178	UNC5C	103	22.76232531577961	18.891565859982535	1.8614412952209796	1.0352407221197746e-21	3.0292131201736234e-16	91	0.883495145631068	1.992838390080566e-21	5.980754109060743e-16
CMCBSN	cg03008707	UNC5C	103	20.61078882582122	15.779824057690913	1.5548322648324135	6.429687943819771e-24	9.028284883188835e-17	93	0.9029126213592233	1.5471436614816326e-23	2.1065998060773949e-16
CMCBSN	cg13265789	UNC5C	103	23.061477248533905	18.59632831032067	1.8323506750514473	1.7487547741988785e-22	1.6580196537727524e-16	93	0.9029126213592233	3.9604152239209895e-22	3.5463198150139424e-16
CMCBSN	cg12584684	UNC5C	103	27.067799139644688	22.187018115156246	2.1861518544025	4.825204429406103e-22	6.837074257167218e-17	94	0.912621359223301	9.526685668314613e-22	1.7393826784047413e-16
CMCBSN	cg11089595	RALYL	103	23.54871747939173	21.473048691842727	2.1158023567520114	2.5999034609632733e-19	7.404907843633505e-15	87	0.8446601941747572	4.44872369987049e-19	1.1878706332495413e-14
CMCBSN	cg06955749	RALYL	103	18.18680754254495	19.059149060962646	1.877953758666399	4.069911595056856e-16	7.042752496656669e-13	78	0.7572815533980582	5.9128904305543e-16	1.0042443374862288e-12
CMCBSN	cg11666087	BEND5	103	37.81941316103235	21.79088960001434	2.147120152013993	1.0523413253504898e-32	8.69861831591945e-18	96	0.9320388349514563	7.366389277453429e-32	5.710543568010493e-17
CMCBSN	cg16573178	BEND5	103	33.82040035619167	20.726222050455508	2.0422153412048183	1.1290603239194812e-30	1.003619964882677e-17	96	0.9320388349514563	6.687511149369235e-30	5.710543568010493e-17
CMCBSN	cg06744574	BEND5	103	27.956416461384936	17.360176952397726	1.710549062531045	3.0117857181821644e-30	1.0327118757445855e-17	97	0.941747572815534	1.5460500020001778e-29	5.710543568010493e-17
CMCBSN	cg03603214	BEND5	103	25.9843926951486	21.98022092251522	2.1657755215473613	3.2794833254507407e-21	1.330010388134215e-16	92	0.8932038834951457	6.1590296599928546e-21	3.0120823495980753e-16
SNUH	cg20330472	EYA4	142	23.588368838037525	19.561214776677257	1.6415406786225286	2.0956577800311559e-29	9.291446612358848e-22	123	0.8661971830985915	3.2931765114775303e-29	1.6583932194723015e-21
SNUH	cg14343214	EYA4	142	29.785424602485826	21.161317840128525	1.7758183448427016	2.113567299576358e-35	6.907245627096507e-23	128	0.9014084507042254	4.398504920739989e-35	1.4773830924623084e-22
SNUH	cg11664500	EYA4	142	30.769300971404444	16.82329129932409	1.4117792443587662	5.447220829668015e-47	9.493524296123728e-24	130	0.9154929577464789	2.7962400258962476e-46	3.847375635797511e-23
SNUH	cg20286200	EYA4	142	32.49474168383442	17.80085335597092	1.4938144298103853	6.714965784606902e-47	4.595360617505777e-24	135	0.9507042253521126	3.2315772838420718e-46	2.726820961125981e-23
SNUH	cg14270292	EYA4	142	31.381704354802014	17.674634540229874	1.4832223820867683	1.3489113994110397e-45	4.8911895312493175e-24	133	0.9366197183098591	5.77034320859167e-45	2.726820961125981e-23
SNUH	cg06181518	EYA4	142	29.797226398536452	20.674393654237434	1.734956574872342	2.2303786944926587e-36	1.4001394517543729e-22	130	0.9154929577464789	5.204216953816204e-36	2.7643778919253e-22
SNUH	cg14287112	EYA4	142	32.53744150566157	17.746214481020218	1.489229237280692	4.163152759808972e-47	6.960635330558963e-24	132	0.9295774647887324	2.2897340178949347e-46	2.977605113628001e-23
SNUH	cg01328892	EYA4	142	34.01793493434229	21.278234514539584	1.785629774206682	7.924846392629719e-41	1.166962313250734e-23	135	0.9507042253521126	2.653100748836906e-40	4.084368096377569e-23
SNUH	cg05493394	EYA4	142	27.145821566275607	21.26326338767271	1.7843734251487442	1.5441456988084685e-31	2.091908484686914e-22	127	0.8943661971830986	2.6422048624056016e-31	4.02692383302231e-22
SNUH	cg26449787	EYA4	142	33.68912667421125	20.887331361177356	1.7528259102865846	3.2181257669345234e-41	5.656834296571065e-24	133	0.9366197183098591	1.179979447875992e-40	2.726820961125981e-23
SNUH	cg22871668	EYA4	142	32.97501963356568	17.47372210532244	1.466362185084337	1.757166777870879e-48	5.656834296571065e-24	133	0.9366197183098591	1.0407833992004436e-47	2.726820961125981e-23
SNUH	cg20980055	EYA4	142	30.092749343768823	15.557576892271802	1.3055628508261834	1.133099556333879e-49	3.579146075479569e-24	134	0.9436619718309859	9.661095588173412e-49	2.726820961125981e-23
SNUH	cg27390819	ZNF568	142	25.49770977740905	17.601702083342847	1.4771020262633312	1.3713041732776656e-36	1.6558359124007164e-23	132	0.9295774647887324	3.40614262394775e-36	5.312473552285632e-23
SNUH	cg20154403	ZNF568	142	34.80908969812615	24.58094978772156	2.062787483108289	1.1922340717634522e-35	5.414902243413912e-23	128	0.9014084507042254	2.700059515464289e-35	1.1912784935510605e-22
SNUH	cg02459604	ZNF568	142	29.591681106641442	21.534972644610434	1.8071747594786227	1.9987478249746157e-34	4.9917833634420835e-21	121	0.852112676056338	3.7537459151962295e-34	7.68734637970081e-21
SNUH	cg03060201	ZNF568	142	33.25868334728588	23.527460449447336	1.9743806217238846	1.4080460356389052e-35	9.857717650552324e-22	123	0.8661971830985915	3.0977012784055915e-35	1.6867650202056199e-21
SNUH	cg03443751	ZNF568	142	28.297421681417887	23.339488682622743	1.9586063814633556	1.3266943028601695e-29	2.6280395634957117e-21	125	0.8802816901408451	2.128238777504855e-29	4.399109704112387e-21
SNUH	cg17332326	ZNF793	142	28.483588793331556	22.377810084877108	1.877904106273252	2.007199939255041e-31	3.7312050501584756e-21	121	0.852112676056338	3.3598781591877858e-31	5.863322221677604e-21
SNUH	cg07482795	ZNF793	142	20.634857336423952	21.255928202919762	1.7837578701183108	3.518603775123458e-22	1.3857391696456123e-20	120	0.8450704225352113	5.017268346009376e-22	2.051959924282926e-20
SNUH	cg24078985	ZNF793	142	25.57111907998838	22.195418664597582	1.8625981582920685	9.094226063888845e-28	7.491200270347237e-21	120	0.8450704225352113	1.3466450133066174e-27	1.131024354542622e-20
SNUH	cg15139588	ZNF793	142	31.564264219676097	24.45782057154654	2.0524547088207132	5.929732140106703e-32	7.934497593943908e-20	115	0.8098591549295775	1.037703124518673e-31	1.1527477636484546e-19
SNUH	cg25361907	ZNF793	142	23.522626460767622	20.242160286852247	1.6986843564379968	4.510513148821042e-28	3.7312050501584756e-21	119	0.8380281690140845	6.809990440376868e-28	5.863322221677604e-21
SNUH	cg20299663	SFMBT2	142	37.1727027998099	26.3645262753761	2.212461897061887	1.7986204423799333e-35	4.602266302911194e-23	130	0.9154929577464789	3.8470492795348576e-35	1.095928276295763e-22
SNUH	cg22862480	SFMBT2	142	35.759256551085805	18.235561242692196	1.5302943052944897	2.4447165454431106e-50	2.5094254438802853e-24	137	0.9647887323943662	3.0822831023116343e-49	2.726820961125981e-23
SNUH	cg12767281	SFMBT2	142	28.2107995098279	19.505197612933745	1.6368398226667078	1.5941867814113122e-36	5.0947387568634395e-23	127	0.8943661971830986	3.83601194277097e-36	1.1538084831720142e-22
SNUH	cg26878816	SFMBT2	142	38.25659078747727	21.227707651555928	1.7813896540557723	2.700821472393354e-46	6.0202540700184e-24	137	0.9647887323943662	1.223313255142872e-45	2.726820961125981e-23
SNUH	cg12328063	SFMBT2	142	30.112978420244136	21.601441857293427	1.8127527318970453	5.232159431347963e-35	2.3952709722813892e-23	132	0.9295774647887324	1.03301609285588e-34	7.377434594626679e-23
SNUH	cg16818993	SFMBT2	142	33.60276842766371	21.349961077999314	1.791648933701691	3.870825905375843e-40	1.376042555926101e-23	131	0.9225352112676056	1.1463599796689997e-39	4.6067511654917295e-23
SNUH	cg25046651	ADHFE1	142	31.21863257383709	16.284296706298836	1.3665478228898158	3.0623058776854223e-49	3.292624931497279e-24	133	0.9366197183098591	2.1436141143797955e-48	2.726820961125981e-23
SNUH	cg01588438	ADHFE1	142	41.63194516276946	21.190348318460508	1.7782545284665652	1.977968091012637e-50	4.408059148548856e-24	133	0.9366197183098591	3.0822831023116343e-49	2.726820961125981e-23
SNUH	cg09383816	ADHFE1	142	43.024462008374456	22.26343413241493	1.868305889558883	1.2546877387238198e-49	6.0202540700184e-24	131	0.9225352112676056	9.661095588173412e-49	2.726820961125981e-23
SNUH	cg20912169	ADHFE1	142	36.39863287112828	19.023202335742585	1.596391677526121	3.800263800208466e-49	6.0202540700184e-24	132	0.9295774647887324	2.4385026051337655e-48	2.726820961125981e-23
SNUH	cg18065361	ADHFE1	142	39.64014882532622	20.23922334564392	1.6984378938067526	2.8020755475560313e-50	4.055847628745509e-24	133	0.9366197183098591	3.0822831023116343e-49	2.726820961125981e-23
SNUH	cg13661519	HOXA2	142	25.518391247502315	12.513671419234079	1.0501239778871312	2.91646848550842e-52	1.9111938319469333e-24	136	0.9577464788732394	7.485602446138278e-51	2.726820961125981e-23
SNUH	cg02803819	HOXA2	142	27.827162403271537	14.24122695977308	1.1950972183913802	3.646440072413675e-50	2.5094254438802853e-24	134	0.9436619718309859	3.5096985696981626e-49	2.726820961125981e-23
SNUH	cg03763508	HOXA2	142	27.878417244209913	14.22467575989064	1.1937082725515016	2.6035986721456453e-50	2.4574650287636024e-24	136	0.9577464788732394	3.0822831023116343e-49	2.726820961125981e-23
SNUH	cg00188704	HOXA2	142	26.510656469379327	12.710027610301614	1.066601823400133	2.1986035410969037e-53	1.993056835180951e-24	136	0.9577464788732394	1.6929247266446157e-51	2.726820961125981e-23
SNUH	cg06786372	HOXA2	142	30.34364150975501	14.750081278133317	1.2377993241970482	1.0723835775692105e-52	2.0352814794387494e-24	135	0.9507042253521126	4.12867677364146e-51	2.726820961125981e-23
SNUH	cg19236679	GFRA1	142	23.474977042450256	17.982824683335025	1.5090851243772314	2.1398683844520098e-32	2.6596417614520435e-22	123	0.8661971830985915	3.8318573396001105e-32	4.994936966629447e-22
SNUH	cg06298519	GFRA1	142	34.79497055895516	22.49576409163464	1.8878025866339843	2.2248894310986063e-39	4.509582732393307e-23	127	0.8943661971830986	5.907465041192852e-39	1.095928276295763e-22
SNUH	cg19485539	GFRA1	142	35.254207043673055	22.089541668129645	1.8537131581212347	9.44342069257865e-41	2.5469554582114504e-23	128	0.9014084507042254	3.0297641388689835e-40	7.542906549318527e-23
SNUH	cg18672939	GFRA1	142	32.96664751813601	23.87883643755004	2.0038674396207714	1.2930092368454512e-34	3.0586855945584473e-22	129	0.9084507042253521	2.4890427809274935e-34	5.607590256690487e-22
SNUH	cg27034576	GFRA1	142	29.87314126123358	18.852172311539224	1.582039156724072	1.951347868538426e-40	1.1198122939499946e-23	133	0.9366197183098591	6.010151435098352e-40	4.084368096377569e-23
SNUH	cg18044663	GFRA1	142	33.87189537527209	21.13537170694366	1.773640993713839	6.183940513628352e-41	7.192816431464425e-23	127	0.8943661971830986	2.1643791797699233e-40	1.496883419520975e-22
SNUH	cg15701178	UNC5C	142	24.68782067037412	18.369804225796322	1.5415597261848017	1.5440275589223588e-33	8.28747180940473e-23	126	0.8873239436619719	2.8307171913576573e-33	1.6793034982214847e-22
SNUH	cg03008707	UNC5C	142	23.444946431992875	16.07916826982375	1.349333826895172	7.3103365075214805e-37	3.06143552276963e-23	132	0.9295774647887324	1.87631970359718e-36	8.418947687616482e-23
SNUH	cg13265789	UNC5C	142	29.952165049392054	19.288383456788438	1.618645182861511	1.4981802429502362e-39	2.821175932284472e-23	129	0.9084507042253521	4.11999566811315e-39	8.045575806885347e-23
SNUH	cg12584684	UNC5C	142	31.71419198404053	22.639015573001046	1.8998239839050917	3.306266081306e-35	4.696835469838984e-23	130	0.9154929577464789	6.699539164751631e-35	1.095928276295763e-22
SNUH	cg11089595	RALYL	142	25.05844922375287	20.189534090593153	1.6942680641521273	1.7976726122448333e-30	2.7863876343185983e-21	125	0.8802816901408451	2.945123215805365e-30	4.564932932819831e-21
SNUH	cg06955749	RALYL	142	21.739855520545213	19.23888799004717	1.6144916155605644	4.315245520194419e-27	9.219470351255866e-20	115	0.8098591549295775	6.269318963301325e-27	1.3146281797161142e-19
SNUH	cg11666087	BEND5	142	41.644761150110476	24.660907549917322	2.0694973894568696	2.7644019740337196e-43	3.4603021553054714e-23	130	0.9154929577464789	1.1203102736873495e-42	9.064462740618739e-23
SNUH	cg16573178	BEND5	142	36.18876356249142	23.139002359521914	1.9417819429693894	7.324178086642722e-40	3.5316088599813267e-23	129	0.9084507042253521	2.0887470839684797e-39	9.064462740618739e-23
SNUH	cg06744574	BEND5	142	31.74248760229385	18.91166346074418	1.5870315430637165	5.223363680596708e-43	1.0745496693142547e-23	132	0.9295774647887324	2.0109950170297326e-42	4.084368096377569e-23
SNUH	cg03603214	BEND5	142	27.17535983918336	23.13748053861669	1.9416542345959562	1.8810409079725326e-28	9.476532682698865e-22	124	0.8732394366197183	2.8968029982777e-28	1.6583932194723015e-21
ASAN	cg20330472	EYA4	128	17.261713928351917	18.138258363420153	1.6032106859609998	1.3181846733351999e-19	1.0858581704134349e-15	99	0.7734375	2.1595791456768168e-19	1.858023980485211e-15
ASAN	cg14343214	EYA4	128	20.991819693560934	20.210119370659775	1.7863390569478907	4.937141013474622e-22	1.0245836045570303e-15	96	0.75	9.747688667629382e-22	1.793021307974803e-15
ASAN	cg11664500	EYA4	128	23.270110043117015	17.885950154004398	1.5809095802326354	3.1231184144983135e-29	4.74518787972347e-19	107	0.8359375	1.7462033004055957e-28	2.383783961340956e-18
ASAN	cg20286200	EYA4	128	24.244219397731744	18.351423478981673	1.6220519983017454	9.048902284887292e-30	3.0193844482651193e-19	108	0.84375	6.334231599421105e-29	1.8672844589200968e-18
ASAN	cg14270292	EYA4	128	22.39550937854909	18.46978082575701	1.6325134086152564	7.774343690647579e-27	9.607647378556986e-19	109	0.8515625	2.850592686570779e-26	4.1099380452715995e-18
ASAN	cg06181518	EYA4	128	24.378624911754105	20.86589322531772	1.844301824392075	1.2636872958086547e-25	4.955996078562147e-17	103	0.8046875	4.0543300740527673e-25	1.0903191372836723e-16
ASAN	cg14287112	EYA4	128	23.34626926528506	18.573106820766842	1.641646222583294	4.80904805936679e-28	7.127995467830441e-19	108	0.84375	2.3143543785702678e-27	3.228562653076141e-18
ASAN	cg01328892	EYA4	128	26.015270339431584	20.87842769937166	1.8454097258423434	9.530716165034974e-28	3.949102300035363e-18	103	0.8046875	4.0770285817094056e-27	1.2163235084108917e-17
ASAN	cg05493394	EYA4	128	18.93217409147812	19.462394665488105	1.7202489057619408	3.403129751177574e-20	1.6599530315177186e-15	96	0.75	5.955477064560755e-20	2.7786170310187897e-15
ASAN	cg26449787	EYA4	128	23.72594981496155	20.48773687931344	1.810877209816031	2.4253247497084262e-25	1.5324670625339855e-18	107	0.8359375	7.4700002291019535e-25	5.478331271347287e-18
ASAN	cg22871668	EYA4	128	24.835796549165913	19.271495677846513	1.7033756596765637	6.6849990165178e-29	4.953317322266921e-19	107	0.8359375	3.4316328284791376e-28	2.383783961340956e-18
ASAN	cg20980055	EYA4	128	21.63244589717123	16.445428689825274	1.4535842682619062	1.2855442110903955e-29	4.0825109967593416e-19	106	0.828125	8.248908687830039e-29	2.245381048217638e-18
ASAN	cg27390819	ZNF568	128	18.75582520265904	18.481081892751376	1.6335122912535516	2.2760043903394173e-21	3.2371024267473633e-17	105	0.8203125	4.172674715622266e-21	7.789277714360843e-17
ASAN	cg20154403	ZNF568	128	23.648150383776116	23.234156183820048	2.053628674090814	1.883025895490278e-21	1.583031998353233e-17	102	0.796875	3.536414486652473e-21	4.35333799547139e-17
ASAN	cg02459604	ZNF568	128	24.093378839508862	21.492842233719223	1.8997168113044356	2.5558631178963127e-24	2.0540229069490432e-16	100	0.78125	7.02862357421486e-24	3.8575552154896665e-16
ASAN	cg03060201	ZNF568	128	23.62298006158518	22.06743184384104	1.9505038375189945	6.429642594021818e-23	2.0540229069490432e-16	101	0.7890625	1.3752291103879998e-22	3.8575552154896665e-16
ASAN	cg03443751	ZNF568	128	19.49053354649016	20.49570929830423	1.811581878757387	1.3803402265493527e-19	5.605388950118869e-16	100	0.78125	2.214295780089587e-19	1.0037556957189603e-15
ASAN	cg17332326	ZNF793	128	20.325448027807354	22.023084202800828	1.9465840228053495	8.347021219877533e-19	2.27020753914623e-13	92	0.71875	1.28544126786114e-18	3.2982260474388625e-13
ASAN	cg07482795	ZNF793	128	17.5962149571119	21.11536234841413	1.8663519879718418	2.5409599347230376e-16	1.9693379381101168e-13	97	0.7578125	3.6232206476606277e-16	2.916135023739981e-13
ASAN	cg24078985	ZNF793	128	18.671820764925297	21.38376898255406	1.8900760068613167	2.013162753424584e-17	8.034308991863517e-15	100	0.78125	2.981029461801788e-17	1.2625342701499812e-14
ASAN	cg15139588	ZNF793	128	22.297966836579945	23.89017000697987	2.1116126519543665	4.2731298380640484e-19	3.7235493587413414e-13	91	0.7109375	6.71491831695779e-19	5.309505567094135e-13
ASAN	cg25361907	ZNF793	128	17.087036588142716	20.08086741636202	1.7749146902771964	8.320088464174979e-17	2.948361424141482e-14	98	0.765625	1.2087675693235346e-16	4.4514476403704737e-14
ASAN	cg20299663	SFMBT2	128	26.472069652165448	25.076035055319423	2.216429304110993	1.6608699993766108e-22	1.565237506099225e-18	108	0.84375	3.365447103999974e-22	5.478331271347287e-18
ASAN	cg22862480	SFMBT2	128	24.31864594652888	19.765844594549986	1.7470703435857198	2.545605630643216e-27	3.787313684780046e-18	106	0.828125	1.0316401766290926e-26	1.2150964738669316e-17
ASAN	cg12767281	SFMBT2	128	17.88595328353491	17.831818295345705	1.5761249546906613	4.865401856221712e-21	4.609056242610089e-16	102	0.796875	8.712463789048183e-21	8.449936444785163e-16
ASAN	cg26878816	SFMBT2	128	25.797275262860207	21.396867978007403	1.8912338054252906	1.199296950299757e-26	4.866182194673223e-18	104	0.8125	4.197539326049149e-26	1.441138573037839e-17
ASAN	cg12328063	SFMBT2	128	21.487655198767065	20.00379054911554	1.768101993339371	5.077752713013401e-23	3.4109162403553098e-18	105	0.8203125	1.1171055968629481e-22	1.1419154369885168e-17
ASAN	cg16818993	SFMBT2	128	24.52889081825629	20.488552318600874	1.8109492851472548	2.0427826955378374e-26	1.565237506099225e-18	109	0.8515625	6.838881198104934e-26	5.478331271347287e-18
ASAN	cg25046651	ADHFE1	128	23.75966754158354	17.944788283850862	1.5861101853084816	7.553918374589641e-30	3.1525581773975658e-19	108	0.84375	5.816517148434023e-29	1.8672844589200968e-18
ASAN	cg01588438	ADHFE1	128	32.77541401728507	22.9418617188219	2.0277932493028783	1.3087579659678836e-32	8.185806380457868e-20	110	0.859375	1.3694896032557783e-31	9.004387018503655e-19
ASAN	cg09383816	ADHFE1	128	34.34581724312007	24.064544028154796	2.1270252835588113	1.4228463410449646e-32	1.112013279846282e-19	109	0.8515625	1.3694896032557783e-31	1.015796375837986e-18
ASAN	cg20912169	ADHFE1	128	28.84788387077064	19.92027523292142	1.760720212537646	4.061065398893824e-33	4.3246080123653894e-20	111	0.8671875	5.211700595247074e-32	5.549913615868916e-19
ASAN	cg18065361	ADHFE1	128	29.984137592870542	21.457116531143388	1.8965590754851822	8.596853145728236e-32	1.1872944652651786e-19	107	0.8359375	7.355085469123046e-31	1.015796375837986e-18
ASAN	cg13661519	HOXA2	128	21.358539325222313	14.363298583956935	1.2695482286153854	4.030724147409045e-34	2.839757487457971e-20	114	0.890625	1.0345525311683216e-32	4.373226530685276e-19
ASAN	cg02803819	HOXA2	128	22.23231820849566	15.091008796579478	1.3338693318758985	9.135000755991713e-34	2.716453623912823e-20	115	0.8984375	1.7116352102736127e-32	4.373226530685276e-19
ASAN	cg03763508	HOXA2	128	22.543776591302766	15.3368013294001	1.3555945277162083	1.1114514352426055e-33	2.839757487457971e-20	115	0.8984375	1.7116352102736127e-32	4.373226530685276e-19
ASAN	cg00188704	HOXA2	128	20.605983969523635	13.534939129719126	1.1963309051964426	5.011197213267081e-35	1.591830608276655e-20	118	0.921875	1.9293109271078263e-33	4.373226530685276e-19
ASAN	cg06786372	HOXA2	128	24.403405129585064	15.71568981924026	1.3890838552761469	8.510287537868686e-36	1.5222695691041663e-20	116	0.90625	6.5529214041588885e-34	4.373226530685276e-19
ASAN	cg19236679	GFRA1	128	14.449218226705785	15.177552663271445	1.341518801251898	1.2898723086190492e-19	6.188647411312315e-17	100	0.78125	2.1591340818188431e-19	1.3236829185306896e-16
ASAN	cg06298519	GFRA1	128	24.725153217398336	22.184196339579312	1.9608244583612895	3.856468778872993e-24	3.6569194052492664e-17	104	0.8125	9.898269865774016e-24	8.532811945581622e-17
ASAN	cg19485539	GFRA1	128	23.26747549433136	21.653174392532275	1.913888305896809	4.9578534812029567e-23	2.013693049301739e-16	96	0.75	1.1171055968629481e-22	3.8575552154896665e-16
ASAN	cg18672939	GFRA1	128	24.209626904846402	21.630850776419457	1.9119151583550618	2.8623428658178025e-24	1.9835715253598037e-17	103	0.8046875	7.600013816136924e-24	5.0911669150901626e-17
ASAN	cg27034576	GFRA1	128	21.629885189055916	19.01748156282199	1.6809237717701964	9.017682638945853e-25	1.8653532903579767e-17	101	0.7890625	2.6706213969185797e-24	4.9528345985366967e-17
ASAN	cg18044663	GFRA1	128	21.68064219443654	21.251890046336168	1.8784194455993994	1.6186630749771757e-21	3.775549115014169e-15	98	0.765625	3.1159264193310632e-21	6.056610038668563e-15
ASAN	cg15701178	UNC5C	128	19.69432855583487	18.235151073307158	1.6117748724870802	3.494611543416127e-23	7.879444003424265e-17	100	0.78125	8.408909026345056e-23	1.6397761844964011e-16
ASAN	cg03008707	UNC5C	128	17.495144601686626	15.53022718475034	1.3726911194630786	1.797702850348307e-24	8.888277105382175e-18	105	0.8203125	5.126782202845171e-24	2.534804952275657e-17
ASAN	cg13265789	UNC5C	128	21.306652176023945	19.652803660305874	1.7370788421912606	2.6829735074684837e-23	4.21493155834951e-17	103	0.8046875	6.664160002421717e-23	9.545580293909184e-17
ASAN	cg12584684	UNC5C	128	22.184169573038332	20.60567384255548	1.8213014631236553	4.347798389926963e-23	1.4945909849630266e-16	99	0.7734375	1.0144862909829581e-22	3.0285133116356065e-16
ASAN	cg11089595	RALYL	128	21.069287699109747	19.889676700517857	1.7580156588180316	1.3157608004086075e-22	2.5872498009765518e-17	105	0.8203125	2.738204908958453e-22	6.426394666941757e-17
ASAN	cg06955749	RALYL	128	16.01376184462099	17.708311010550485	1.5652083498650815	2.7506281173764307e-18	1.4072937582692512e-14	92	0.71875	4.152909118391866e-18	2.1672323877346466e-14
ASAN	cg11666087	BEND5	128	31.324552178178838	24.96917557651867	2.206984171349234	5.6081133986388505e-28	1.3496016726466822e-18	107	0.8359375	2.54014548055995e-27	5.469438357568133e-18
ASAN	cg16573178	BEND5	128	27.542398564688042	22.530588090885978	1.9914414528982929	4.175721223294709e-27	2.1360491646411298e-19	113	0.8828125	1.607652670968463e-26	1.64475785677367e-18
ASAN	cg06744574	BEND5	128	23.47935119802584	18.05046932341212	1.5954511577730577	3.1749150916465376e-29	3.0193844482651193e-19	111	0.8671875	1.7462033004055957e-28	1.8672844589200968e-18
ASAN	cg03603214	BEND5	128	20.340709234167395	21.33631304679221	1.8858814551132221	1.184644349605568e-19	2.57955077870235e-15	98	0.765625	2.027058109325083e-19	4.226072552342148e-15
