variable	source	definition_and_use	unavailable_or_qualification
Population	Surgical cohort and original manuscript	87 Korean patients; primary colorectal cancer surgery, April 2014–January 2015; adjacent mucosa approximately 4–5 cm from tumor.	Single institution; Korean recruitment does not establish an ethnicity-specific effect.
Pathological stage	Original clinical table and clinical workbook: Stage.1	Supplied integer stage I–IV retained. Stage counts: I=6, II=26, III=50, IV=5.	The original clinical table identifies pathological stage. The staging edition was not specified.
TNM	Clinical workbook: Stage	Raw TNM strings retained for audit. A separate sensitivity derives broad I–III groups from strictly interpretable M0 records.	Missing or nonstandard components are not repaired. Derived groups are analytical alternatives, not adjudicated clinical stage.
Primary recurrence population	Derived from the supplied stage	Patients with stage I–III disease: 82 patients and 14 recurrence or progression events.	A TNM-derived group does not alter primary eligibility.
Event	Clinical workbook: Recur (progression) or not	Binary provider-recorded recurrence or progression; 17 events overall and 14 in the primary population.	Local versus distant recurrence, diagnostic confirmation criteria and adjudication procedures were not supplied.
Time origin	Clinical workbook: Date of OP	Recorded operation date.	Predictor set contains measurements available at surgery; postoperative treatment and follow-up information are excluded.
Event/censoring date	Clinical workbook: Date of last follow-up; provider reply	Provider confirmed that this field is recurrence date for patients with recurrence and last follow-up date otherwise. Duration is endpoint date minus operation date in days.	This interpretation was confirmed by correspondence, not independently adjudicated against clinical charts.
Death	Provider reply	Death status and death date were not included.	Overall survival, death-inclusive disease-free survival and competing-risk cumulative incidence cannot be derived.
CEA	Clinical workbook: CEA_law_data(ng/ml)(normal 0-7); provider reply	Raw ng/mL values take precedence over inconsistent historical binary labels. Elevation is >7 ng/mL: 18/87. Prediction uses log1p of the raw value.	Provider confirmed the supplied reference threshold; laboratory assay and institutional derivation of the reference interval were not supplied.
CA19-9	Clinical workbook: CA19-9_law_data(unit/ml)(normal: 0-37)	Elevation is >37 U/mL; reported descriptively.	Not used in the recurrence model.
Lymphovascular invasion	Clinical workbook: LVI	Supplied binary indicator, used as a clinical predictor.	Detailed pathology assessment criteria were not supplied.
Adjuvant chemotherapy	Original clinical table; clinical workbook: postop chemo (1 = at least three cycles)	Adjuvant chemotherapy for at least three cycles: fluoropyrimidine 17, FOLFOX 18, CAPOX 9; 43 patients were recorded as No in the original clinical table.	Regimen counts were taken from the original clinical table. Patient-level treatment descriptions in the workbook were not standardized, and exact cycle counts were not supplied. Postoperative treatment was not a predictor.
Methylation	Final supplied pyrosequencing workbook	Continuous mean percentage across examined CpGs for each of ten genes in paired tissues.	Historical binary calls are not reproducible by one documented threshold; they are not the primary measurements.
