block	model	horizon_days	metric	original_apparent	mean_optimism	corrected	B	n_estimable	status	decision
clinical	ridge	1825	uno_c	0.661281842823731	0.0750353927481799	0.586246450075551	500	500	complete	supporting_rank_diagnostic
clinical	ridge	1825	auc	0.615583647482173	0.0833907089239972	0.532192938558176	500	500	complete	diagnostic_not_primary
clinical	ridge	1825	brier	0.128118046502177	-0.0054893787461656	0.133607425248342	500	500	complete	diagnostic_not_primary
clinical	ridge	1825	ibs	0.0534020053190171	-0.0015072159583603	0.0549092212773774	500	500	complete	diagnostic_not_primary
tumor10	ridge	1825	uno_c	0.650811257808441	0.0759126170626607	0.574898640745781	500	500	complete	supporting_rank_diagnostic
tumor10	ridge	1825	auc	0.629934723050091	0.0822246908223411	0.54771003222775	500	500	complete	diagnostic_not_primary
tumor10	ridge	1825	brier	0.128090911473334	-0.0058585605910887	0.133949472064423	500	500	complete	diagnostic_not_primary
tumor10	ridge	1825	ibs	0.0533955262672532	-0.001634513362376	0.0550300396296293	500	500	complete	diagnostic_not_primary
combined	ridge	1825	uno_c	0.694717584686864	0.0891146788042758	0.605602905882588	500	500	complete	supporting_rank_diagnostic
combined	ridge	1825	auc	0.648936489392234	0.102306114407616	0.546630374984617	500	500	complete	diagnostic_not_primary
combined	ridge	1825	brier	0.128072661252234	-0.0060293721552182	0.134102033407452	500	500	complete	diagnostic_not_primary
combined	ridge	1825	ibs	0.0533873710683708	-0.0017038522569584	0.0550912233253293	500	500	complete	diagnostic_not_primary
