cohort	probe	gene	n_pairs	mean_delta_pp	sd_delta_pp	ci_low_pp	ci_high_pp	paired_t_p	wilcoxon_p	n_tumor_higher	fraction_tumor_higher	ci_method	status	se_delta_pp	paired_t_q77	wilcoxon_q77
CMCBSN	cg14017655	EYA4	0							0		not_estimable	missing_probe			
CMCBSN	cg20330472	EYA4	103	21.76820831589211	20.2429545994078	18.083531836070794	25.79890378182314	7.786674784195818e-19	2.809361481131886e-15	86	0.8349514563106796	bca	estimated	1.9945975843347048	1.2236203232307713e-18	4.506684042649067e-15
CMCBSN	cg17838029	EYA4	0							0		not_estimable	missing_probe			
CMCBSN	cg14343214	EYA4	103	27.36456324331466	19.75838073564386	23.50650964262088	31.134774691319112	1.3254005988485839e-25	3.396280163535197e-17	93	0.9029126213592232	bca	estimated	1.946851102794724	3.7660865940464318e-25	9.33977044972179e-17
CMCBSN	cg24675448	EYA4	0							0		not_estimable	missing_probe			
CMCBSN	cg21607030	EYA4	0							0		not_estimable	missing_probe			
CMCBSN	cg11664500	EYA4	103	26.917280075342457	16.887894233556835	23.54877265944089	30.056771981937143	6.444128524460567e-30	1.3349322626518037e-17	94	0.912621359223301	bca	estimated	1.6640136634865486	2.918811155196845e-29	5.4099886433783614e-17
CMCBSN	cg26656135	EYA4	0							0		not_estimable	missing_probe			
CMCBSN	cg20286200	EYA4	103	28.220378970519672	17.189514849566113	24.75365789118785	31.387456924285505	7.167593264489151e-31	1.9311781244698685e-17	94	0.912621359223301	bca	estimated	1.6937332258717377	4.245420625889728e-30	5.948028623367195e-17
CMCBSN	cg14270292	EYA4	103	26.1988370670476	17.817203594229397	22.853000594935043	29.624586575902423	2.135539638519459e-27	1.3349322626518037e-17	95	0.9223300970873788	bca	estimated	1.7555812356408302	7.474388734818108e-27	5.4099886433783614e-17
CMCBSN	cg06181518	EYA4	103	27.194439986799768	20.399880279298745	23.225940026221274	31.145501482071637	1.6943185191970083e-24	2.7158614853922805e-16	91	0.883495145631068	bca	estimated	2.010059931023943	4.208468579940956e-24	5.362085496800144e-16
CMCBSN	cg14287112	EYA4	103	27.280198779671004	17.28730336612355	24.019142425761142	30.58424994511127	1.341664587613022e-29	1.9311781244698685e-17	94	0.912621359223301	bca	estimated	1.7033686147149671	5.43727227611593e-29	5.948028623367195e-17
CMCBSN	cg01328892	EYA4	103	29.15747797223246	19.723708454017917	25.326279449728258	32.928874288830734	1.4665712360318383e-27	1.1250736697551088e-17	98	0.9514563106796116	bca	estimated	1.943434741372044	5.3774278654500746e-27	5.4099886433783614e-17
CMCBSN	cg05493394	EYA4	103	25.557116485605736	20.86579166068841	21.603231699746996	29.52238989219308	3.777060232228665e-22	7.030151182387663e-17	91	0.883495145631068	bca	estimated	2.055967543535264	7.457272766195056e-22	1.6866741123924764e-16
CMCBSN	cg26449787	EYA4	103	29.80624521963332	20.843965345273705	25.77775224547283	33.76380849111389	1.4906742887021452e-26	1.1250736697551088e-17	95	0.9223300970873788	bca	estimated	2.0538169327740077	4.7825800095860494e-26	5.4099886433783614e-17
CMCBSN	cg22871668	EYA4	103	27.97117227167011	17.244167857773853	24.50086451796301	31.245367425099275	1.7606279056618442e-30	1.413128072616778e-17	95	0.9223300970873788	bca	estimated	1.6991183467844215	9.0378899157308e-30	5.440543079574595e-17
CMCBSN	cg20980055	EYA4	103	26.168126018973055	16.490203160282455	23.089567897014124	29.229459925231	8.904767401609948e-30	1.7737200378121078e-17	93	0.9029126213592232	bca	estimated	1.6248279976703657	3.8092616106887e-29	5.948028623367195e-17
CMCBSN	cg06611358	ZNF568	0							0		not_estimable	missing_probe			
CMCBSN	cg27390819	ZNF568	103	20.677522385111494	17.76082077783761	17.32557880343651	24.12822728761127	8.178456652614592e-21	3.766619378937819e-16	90	0.8737864077669902	bca	estimated	1.750025671663211	1.399424805002941e-20	7.073894931175907e-16
CMCBSN	cg20154403	ZNF568	103	27.191483033530428	25.555931095133293	22.374305592262424	32.246234398890124	1.3974748680602791e-18	4.4332627869951584e-16	92	0.8932038834951457	bca	estimated	2.51810071387841	2.1099130360910093e-18	7.938633362758772e-16
CMCBSN	cg21761844	ZNF568	0							0		not_estimable	missing_probe			
CMCBSN	cg20680720	ZNF568	103	30.741671299322636	26.203127526270503	25.63168913021481	35.75901188407348	5.1747203194416966e-21	9.598239285777601e-15	83	0.8058252427184466	bca	estimated	2.5818708731107036	9.266359641790946e-21	1.4781288500097503e-14
CMCBSN	cg02459604	ZNF568	103	26.88019191351284	20.23173166187907	23.014956218218583	30.639929356077232	2.1114000013168315e-24	1.9916565581495425e-15	89	0.8640776699029126	bca	estimated	1.993491755441298	5.080556253168625e-24	3.2629267016492503e-15
CMCBSN	cg03060201	ZNF568	103	28.110606083343914	22.805457259381367	23.81292763608953	32.710998693942514	2.5493622240221613e-22	1.1690957409572764e-15	86	0.8349514563106796	bca	estimated	2.247088473959288	5.165812927623853e-22	2.000452712304673e-15
CMCBSN	cg03443751	ZNF568	103	23.60398273939972	22.103481439629117	19.61850731478073	28.10650990440638	1.143762428305929e-18	4.4332627869951584e-16	89	0.8640776699029126	bca	estimated	2.1779207411827612	1.7613941395911308e-18	7.938633362758772e-16
CMCBSN	cg17332326	ZNF793	103	24.33089900096409	22.423649433933345	20.101315152921725	28.70859581779655	4.723625358800155e-19	3.285292046723954e-14	86	0.8349514563106796	bca	estimated	2.2094678310546705	7.577482346408583e-19	4.8647593768797015e-14
CMCBSN	cg11623861	ZNF793	0							0		not_estimable	missing_probe			
CMCBSN	cg14732998	ZNF793	0							0		not_estimable	missing_probe			
CMCBSN	cg07482795	ZNF793	103	18.85479968373723	21.020213196409752	14.902744682296396	23.153418693190588	7.834507834780337e-15	9.449622902293295e-14	84	0.8155339805825242	bca	estimated	2.0711831495677973	1.0772448272822964e-14	1.322947206321061e-13
CMCBSN	cg13181745	ZNF793	0							0		not_estimable	missing_probe			
CMCBSN	cg24078985	ZNF793	103	21.367736943401855	21.90438362697108	17.213420017844417	25.50466730481083	1.3540751230711608e-16	4.4514738637251555e-14	85	0.8252427184466019	bca	estimated	2.1583030507797174	1.9308108236385072e-16	6.467235613336545e-14
CMCBSN	cg15139588	ZNF793	103	26.665741681873556	23.81499894082398	22.06325886624079	31.051381377170955	7.965626510850781e-20	6.175557279169295e-14	83	0.8058252427184466	bca	estimated	2.34656157158455	1.333376611598935e-19	8.805887231408068e-14
CMCBSN	cg25361907	ZNF793	103	19.99219743579175	20.262449934858974	16.261331403018577	24.25947053083833	7.600157948405948e-17	3.1226327319912716e-14	79	0.7669902912621359	bca	estimated	1.996518516815472	1.1041738906174679e-16	4.7145631443789786e-14
CMCBSN	cg20299663	SFMBT2	103	32.27644536918699	25.074483448462704	27.50156660005032	37.211288948412495	1.6495314214043853e-23	1.7241036489345877e-17	92	0.8932038834951457	bca	estimated	2.470662267661627	3.7357035131805195e-23	5.948028623367195e-17
CMCBSN	cg20506550	SFMBT2	0							0		not_estimable	missing_probe			
CMCBSN	cg01056653	SFMBT2	0							0		not_estimable	missing_probe			
CMCBSN	cg22862480	SFMBT2	103	27.429164333881698	18.420069366104656	23.876851220238983	31.04917051369401	8.770891402957248e-28	3.30208712641546e-17	96	0.9320388349514565	bca	estimated	1.814983365224011	3.3767931901385404e-27	9.33977044972179e-17
CMCBSN	cg12767281	SFMBT2	103	20.913035636298957	19.786582294029355	17.186481342560693	24.7613258256088	2.0121773825701477e-18	1.050400243884512e-15	90	0.8737864077669902	bca	estimated	1.9496298849114329	2.9795703549596423e-18	1.838200426797896e-15
CMCBSN	cg26878816	SFMBT2	103	29.786766958110412	22.31896667551604	25.35522317943816	33.89788570629999	1.5713400670309275e-24	2.5020286484249823e-16	90	0.8737864077669902	bca	estimated	2.1991531323759137	4.0331061720460476e-24	5.069900156019043e-16
CMCBSN	cg12328063	SFMBT2	103	26.83195884805114	21.65213542546825	22.598378145012237	31.070891499118392	1.8279652091868148e-22	7.228603338824897e-17	94	0.912621359223301	bca	estimated	2.133448296949215	3.9098144752051323e-22	1.6866741123924764e-16
CMCBSN	cg16818993	SFMBT2	103	28.08103625411595	20.473272948784015	24.118934883881018	31.99922858830352	2.5474514974086335e-25	1.2610095356420057e-17	96	0.9320388349514565	bca	estimated	2.01729152562859	6.7639229413953365e-25	5.4099886433783614e-17
CMCBSN	cg20295442	ADHFE1	0							0		not_estimable	missing_probe			
CMCBSN	cg19283840	ADHFE1	0							0		not_estimable	missing_probe			
CMCBSN	cg25046651	ADHFE1	103	27.32173530876455	15.536994184640788	24.31786449760708	30.26307085657353	3.816967635842354e-33	5.186339825678481e-18	98	0.9514563106796116	bca	estimated	1.5309055264794929	3.2656278662206804e-32	5.4099886433783614e-17
CMCBSN	cg01588438	ADHFE1	103	38.006378330278885	20.16797568292048	34.02627563642488	41.71131250379112	1.6409265596348297e-35	5.494012077094717e-18	96	0.9320388349514565	bca	estimated	1.9872096921687052	3.158783627297047e-34	5.4099886433783614e-17
CMCBSN	cg08090772	ADHFE1	0							0		not_estimable	missing_probe			
CMCBSN	cg09383816	ADHFE1	103	39.79518147704383	20.72239433890573	35.51520981410396	43.5157675418612	3.6054931006463664e-36	3.9994685846071e-18	98	0.9514563106796116	bca	estimated	2.041838185578982	9.254098958325674e-35	5.4099886433783614e-17
CMCBSN	cg20912169	ADHFE1	103	32.81181743318345	17.61878349566327	29.350399110591336	36.16986852708629	4.217706122532488e-35	4.116808953110999e-18	99	0.9611650485436892	bca	estimated	1.736030322391485	5.412722857250026e-34	5.4099886433783614e-17
CMCBSN	cg18065361	ADHFE1	103	34.46553895557546	19.336636034736028	30.548829821964716	38.123011579470614	1.3363272311771322e-33	5.337988218176642e-18	98	0.9514563106796116	bca	estimated	1.905295362623211	1.2862149600079895e-32	5.4099886433783614e-17
CMCBSN	cg04481096	HOXA2	103	31.85883827323735	18.181450611730128	28.36067044894543	35.20685972533528	5.0228396557215315e-33	5.9895990755666414e-18	97	0.941747572815534	bca	estimated	1.7914715607235794	3.867586534905579e-32	5.4099886433783614e-17
CMCBSN	cg19598584	HOXA2	0							0		not_estimable	missing_probe			
CMCBSN	cg09871315	HOXA2	0							0		not_estimable	missing_probe			
CMCBSN	cg13661519	HOXA2	103	25.357938882502985	14.53750491637343	22.291275229285375	27.84282394091641	7.140910499884525e-33	3.800292599720277e-17	100	0.970873786407767	bca	estimated	1.4324229225560097	4.998637349919166e-32	1.0090432075119356e-16
CMCBSN	cg02803819	HOXA2	103	26.069070745035923	14.525699332305422	23.220356154004826	28.586316670015165	7.812338952076264e-34	1.2610095356420057e-17	99	0.9611650485436892	bca	estimated	1.4312596837932057	8.59357284728389e-33	5.4099886433783614e-17
CMCBSN	cg03763508	HOXA2	103	27.55198114097886	14.787889489959255	24.48210787165195	30.25269726075405	4.0717180656904167e-35	9.211106554258336e-18	98	0.9514563106796116	bca	estimated	1.457094047671489	5.412722857250026e-34	5.4099886433783614e-17
CMCBSN	cg00188704	HOXA2	103	24.68092067462199	12.797444120215513	21.963383860209944	26.92613311383803	2.5579458989906655e-36	1.1911294104474762e-17	97	0.941747572815534	bca	estimated	1.260969637731983	9.254098958325674e-35	5.4099886433783614e-17
CMCBSN	cg06786372	HOXA2	103	29.519730240080477	15.165456886780094	26.39647907090719	32.327504823500405	1.2098212865985844e-36	8.45303266076412e-18	99	0.9611650485436892	bca	estimated	1.4942968687282738	9.254098958325674e-35	5.4099886433783614e-17
CMCBSN	cg19236679	GFRA1	103	19.849652652032677	16.98075596206401	16.76940901642208	23.268621081073825	6.427169317900806e-21	4.8907568976508993e-17	92	0.8932038834951457	bca	estimated	1.6731636014784548	1.124754630632641e-20	1.255294270397064e-16
CMCBSN	cg06298519	GFRA1	103	30.35793947600917	21.570673230817004	26.223487282284193	34.44498662286812	4.45189745040182e-26	3.396280163535197e-17	92	0.8932038834951457	bca	estimated	2.125421588403876	1.3711844147237604e-25	9.33977044972179e-17
CMCBSN	cg19485539	GFRA1	103	29.657954107205963	20.33114471846821	25.69395439127895	33.548106292598604	3.7345354943968276e-27	1.8247447931677985e-17	93	0.9029126213592232	bca	estimated	2.0032872149702063	1.2502575350806771e-26	5.948028623367195e-17
CMCBSN	cg18672939	GFRA1	103	28.112146933676748	22.70747743107133	23.805317158692823	32.31086388361449	1.9434314777132398e-22	1.7909762439733256e-15	83	0.8058252427184466	bca	estimated	2.237434234608949	4.0444384806464723e-22	2.9979384953466537e-15
CMCBSN	cg27034576	GFRA1	103	25.687983633346654	18.27397580728543	22.177750779367507	29.18963715319773	4.824898669875738e-26	1.1911294104474762e-17	95	0.9223300970873788	bca	estimated	1.8005883391384312	1.4289122983862763e-25	5.4099886433783614e-17
CMCBSN	cg18044663	GFRA1	103	27.08107802683417	19.56316075603884	23.322255347723196	30.741123457927603	1.3694860341987025e-25	1.4447420118664674e-16	90	0.8737864077669902	bca	estimated	1.927615506635978	3.7660865940464318e-25	3.090142636492167e-16
CMCBSN	cg15701178	UNC5C	103	22.762325315779616	18.891565859982535	19.231742097715102	26.445910590890943	1.0352407221197674e-21	3.029213120173623e-16	91	0.883495145631068	bca	estimated	1.8614412952209796	1.944232575688344e-21	5.831235256334224e-16
CMCBSN	cg03008707	UNC5C	103	20.61078882582122	15.779824057690911	17.59927055181339	23.69599350424011	6.4296879438198175e-24	9.028284883188835e-17	93	0.9029126213592232	bca	estimated	1.5548322648324135	1.500260520224624e-23	2.0446409882515892e-16
CMCBSN	cg24870497	UNC5C	0							0		not_estimable	missing_probe			
CMCBSN	cg13265789	UNC5C	103	23.061477248533905	18.59632831032067	19.68176416398858	26.78462971900199	1.7487547741988785e-22	1.6580196537727524e-16	93	0.9029126213592232	bca	estimated	1.832350675051447	3.8472605032375327e-22	3.4504733335270795e-16
CMCBSN	cg12584684	UNC5C	103	27.067799139644688	22.18701811515624	23.11206407234944	31.453804230824	4.825204429406069e-22	6.837074257167217e-17	94	0.912621359223301	bca	estimated	2.1861518544024996	9.288518526606682e-22	1.6866741123924764e-16
CMCBSN	cg08327106	RALYL	0							0		not_estimable	missing_probe			
CMCBSN	cg09757712	RALYL	0							0		not_estimable	missing_probe			
CMCBSN	cg11089595	RALYL	103	23.54871747939173	21.47304869184273	19.596687514812704	27.631148661649803	2.5999034609632733e-19	7.404907843633505e-15	87	0.8446601941747572	bca	estimated	2.115802356752012	4.2594163083866393e-19	1.163628375428122e-14
CMCBSN	cg01134282	RALYL	0							0		not_estimable	missing_probe			
CMCBSN	cg06955749	RALYL	103	18.186807542544955	19.05914906096265	14.590419463505604	21.961625338839248	4.0699115950568563e-16	7.04275249665667e-13	78	0.7572815533980582	bca	estimated	1.877953758666399	5.697876233079599e-16	9.68378468290292e-13
CMCBSN	cg11666087	BEND5	103	37.81941316103235	21.79088960001434	33.44672648994534	41.81295520968354	1.0523413253504898e-32	8.69861831591945e-18	96	0.9320388349514565	bca	estimated	2.147120152013993	6.75252350433231e-32	5.4099886433783614e-17
CMCBSN	cg16573178	BEND5	103	33.820400356191676	20.726222050455508	29.74883684597918	37.55850370411118	1.1290603239194653e-30	1.003619964882677e-17	96	0.9320388349514565	bca	estimated	2.0422153412048183	6.2098317815570585e-30	5.4099886433783614e-17
CMCBSN	cg06744574	BEND5	103	27.956416461384936	17.36017695239773	24.581312901941708	31.31807157092909	3.0117857181821644e-30	1.0327118757445857e-17	97	0.941747572815534	bca	estimated	1.710549062531045	1.449421876875167e-29	5.4099886433783614e-17
CMCBSN	cg03603214	BEND5	103	25.9843926951486	21.98022092251522	21.740957287250577	30.350013802007663	3.279483325450741e-21	1.330010388134215e-16	92	0.8932038834951457	bca	estimated	2.1657755215473613	6.0123860966596906e-21	2.926022853895273e-16
SNUH	cg14017655	EYA4	0							0		not_estimable	missing_probe			
SNUH	cg20330472	EYA4	142	23.588368838037525	19.561214776677257	20.29336992907015	26.790855574047217	2.095657780031156e-29	9.291446612358848e-22	123	0.8661971830985915	bca	estimated	1.6415406786225286	3.22731298124798e-29	1.6215400368173614e-21
SNUH	cg17838029	EYA4	0							0		not_estimable	missing_probe			
SNUH	cg14343214	EYA4	142	29.785424602485826	21.161317840128525	26.223036056188203	33.25580734028162	2.1135672995763578e-35	6.907245627096507e-23	128	0.9014084507042254	bca	estimated	1.7758183448427016	4.2827547912468313e-35	1.4374538196930568e-22
SNUH	cg24675448	EYA4	0							0		not_estimable	missing_probe			
SNUH	cg21607030	EYA4	0							0		not_estimable	missing_probe			
SNUH	cg11664500	EYA4	142	30.769300971404444	16.823291299324094	27.725409212515306	33.27305564901793	5.447220829668093e-47	9.493524296123728e-24	130	0.9154929577464788	bca	estimated	1.4117792443587664	2.7962400258962876e-46	3.6550068540076355e-23
SNUH	cg26656135	EYA4	0							0		not_estimable	missing_probe			
SNUH	cg20286200	EYA4	142	32.49474168383442	17.80085335597092	29.443134774048747	35.164778653590304	6.714965784606902e-47	4.595360617505777e-24	135	0.9507042253521126	bca	estimated	1.4938144298103853	3.2315772838420718e-46	2.726820961125981e-23
SNUH	cg14270292	EYA4	142	31.381704354802014	17.674634540229874	28.29503061133712	34.17089168819879	1.3489113994110397e-45	4.8911895312493175e-24	133	0.9366197183098592	bca	estimated	1.4832223820867685	5.466640934455265e-45	2.726820961125981e-23
SNUH	cg06181518	EYA4	142	29.797226398536452	20.67439365423743	26.36049838003708	33.06372784485262	2.2303786944926587e-36	1.4001394517543729e-22	130	0.9154929577464788	bca	estimated	1.734956574872342	5.0511517492921984e-36	2.6952684446271676e-22
SNUH	cg14287112	EYA4	142	32.53744150566157	17.746214481020218	29.492141149128585	35.25389266438277	4.1631527598089717e-47	6.960635330558963e-24	132	0.9295774647887324	bca	estimated	1.489229237280692	2.2897340178949347e-46	2.977605113628001e-23
SNUH	cg01328892	EYA4	142	34.01793493434229	21.27823451453958	30.39260625764313	37.371453205093665	7.924846392629492e-41	1.166962313250734e-23	135	0.9507042253521126	bca	estimated	1.7856297742066816	2.5425548843019623e-40	3.9067868747959355e-23
SNUH	cg05493394	EYA4	142	27.145821566275607	21.263263387672712	23.637677803083108	30.577638886103024	1.5441456988084906e-31	2.091908484686914e-22	127	0.8943661971830986	bca	estimated	1.7843734251487446	2.584765626266386e-31	3.9287061785583513e-22
SNUH	cg26449787	EYA4	142	33.68912667421125	20.887331361177356	30.279307062232384	37.08571920145469	3.218125766934523e-41	5.656834296571065e-24	133	0.9366197183098592	bca	estimated	1.7528259102865846	1.126344018427083e-40	2.726820961125981e-23
SNUH	cg22871668	EYA4	142	32.97501963356568	17.47372210532244	29.867799889039183	35.6161085031746	1.757166777870879e-48	5.656834296571065e-24	133	0.9366197183098592	bca	estimated	1.466362185084337	1.0407833992004436e-47	2.726820961125981e-23
SNUH	cg20980055	EYA4	142	30.092749343768823	15.557576892271802	27.38684106715884	32.432767318815756	1.1330995563338789e-49	3.5791460754795694e-24	134	0.943661971830986	bca	estimated	1.3055628508261834	9.661095588173412e-49	2.726820961125981e-23
SNUH	cg06611358	ZNF568	0							0		not_estimable	missing_probe			
SNUH	cg27390819	ZNF568	142	25.49770977740905	17.601702083342847	22.65394429505187	28.42737752925633	1.3713041732776656e-36	1.6558359124007164e-23	132	0.9295774647887324	bca	estimated	1.4771020262633312	3.299700666949383e-36	5.099974610194207e-23
SNUH	cg20154403	ZNF568	142	34.80908969812615	24.58094978772156	30.835009690307313	38.7712608679006	1.1922340717634352e-35	5.414902243413912e-23	128	0.9014084507042254	bca	estimated	2.062787483108289	2.6229149578795566e-35	1.1581874242857534e-22
SNUH	cg21761844	ZNF568	0							0		not_estimable	missing_probe			
SNUH	cg20680720	ZNF568	142	30.841886956700748	28.12321233844251	26.30549795075652	35.70635610182778	4.553111002432868e-26	9.612560798515612e-18	113	0.795774647887324	bca	estimated	2.3600475529840392	6.374355403406016e-26	1.3217271097958966e-17
SNUH	cg02459604	ZNF568	142	29.59168110664144	21.53497264461043	25.85359683885326	32.96138852455506	1.9987478249746153e-34	4.9917833634420835e-21	121	0.852112676056338	bca	estimated	1.8071747594786227	3.6643710124534624e-34	7.53661409774589e-21
SNUH	cg03060201	ZNF568	142	33.25868334728588	23.527460449447336	29.284677978913052	37.00212820343456	1.4080460356389052e-35	9.857717650552324e-22	123	0.8661971830985915	bca	estimated	1.9743806217238848	3.0116540206721027e-35	1.6500962154185413e-21
SNUH	cg03443751	ZNF568	142	28.2974216814179	23.339488682622743	24.537820294067277	32.005600455715786	1.3266943028601224e-29	2.6280395634957117e-21	125	0.8802816901408451	bca	estimated	1.9586063814633556	2.084805333065907e-29	4.305511625301485e-21
SNUH	cg17332326	ZNF793	142	28.483588793331556	22.377810084877108	24.765909176087575	32.124849190448536	2.007199939255041e-31	3.7312050501584756e-21	121	0.852112676056338	bca	estimated	1.877904106273252	3.2883913898433647e-31	5.746055777244053e-21
SNUH	cg11623861	ZNF793	0							0		not_estimable	missing_probe			
SNUH	cg14732998	ZNF793	0							0		not_estimable	missing_probe			
SNUH	cg07482795	ZNF793	142	20.634857336423956	21.255928202919755	17.352938112946532	24.15833986764512	3.5186037751234074e-22	1.3857391696456123e-20	120	0.8450704225352113	bca	estimated	1.78375787011831	4.838080190794685e-22	2.0132436992964557e-20
SNUH	cg13181745	ZNF793	0							0		not_estimable	missing_probe			
SNUH	cg24078985	ZNF793	142	25.57111907998838	22.195418664597582	21.886687451652502	29.17114948437103	9.094226063888845e-28	7.491200270347237e-21	120	0.8450704225352113	bca	estimated	1.8625981582920683	1.3212366168291339e-27	1.109273886186033e-20
SNUH	cg15139588	ZNF793	142	31.564264219676097	24.45782057154654	27.52810682452512	35.650482258650584	5.929732140106703e-32	7.934497593943909e-20	115	0.8098591549295775	bca	estimated	2.0524547088207132	1.0146430550849247e-31	1.1314005828401497e-19
SNUH	cg25361907	ZNF793	142	23.522626460767626	20.242160286852247	20.260346407910415	26.921042553919705	4.510513148820979e-28	3.7312050501584756e-21	119	0.8380281690140845	bca	estimated	1.6986843564379968	6.679029085754141e-28	5.746055777244053e-21
SNUH	cg20299663	SFMBT2	142	37.1727027998099	26.364526275376093	32.755484026464075	41.4423039403669	1.7986204423799333e-35	4.602266302911194e-23	130	0.9154929577464788	bca	estimated	2.212461897061886	3.7430749746825635e-35	1.0636950916988288e-22
SNUH	cg20506550	SFMBT2	0							0		not_estimable	missing_probe			
SNUH	cg01056653	SFMBT2	0							0		not_estimable	missing_probe			
SNUH	cg22862480	SFMBT2	142	35.759256551085805	18.235561242692196	32.48097577255482	38.54092828743704	2.4447165454431106e-50	2.509425443880285e-24	137	0.9647887323943662	bca	estimated	1.5302943052944895	3.0822831023117216e-49	2.726820961125981e-23
SNUH	cg12767281	SFMBT2	142	28.2107995098279	19.505197612933745	25.10773661533825	31.270579386861048	1.594186781411335e-36	5.0947387568634395e-23	127	0.8943661971830986	bca	estimated	1.6368398226667078	3.719769156626448e-36	1.1208425265099568e-22
SNUH	cg26878816	SFMBT2	142	38.25659078747727	21.227707651555928	34.502932280713274	41.62695078186285	2.7008214723933542e-46	6.0202540700184004e-24	137	0.9647887323943662	bca	estimated	1.7813896540557723	1.223313255142872e-45	2.726820961125981e-23
SNUH	cg12328063	SFMBT2	142	30.112978420244136	21.601441857293427	26.47290119111933	33.56278117658436	5.232159431347963e-35	2.3952709722813895e-23	132	0.9295774647887324	bca	estimated	1.812752731897045	1.0071906905344828e-34	7.09368711021796e-23
SNUH	cg16818993	SFMBT2	142	33.60276842766372	21.34996107799931	30.064552649141756	36.896855299046585	3.870825905375788e-40	1.376042555926101e-23	131	0.9225352112676056	bca	estimated	1.791648933701691	1.1039022026442062e-39	4.4148032002629073e-23
SNUH	cg20295442	ADHFE1	0							0		not_estimable	missing_probe			
SNUH	cg19283840	ADHFE1	0							0		not_estimable	missing_probe			
SNUH	cg25046651	ADHFE1	142	31.21863257383709	16.284296706298836	28.358059467782393	33.63668171025338	3.0623058776854223e-49	3.292624931497279e-24	133	0.9366197183098592	bca	estimated	1.3665478228898158	2.1436141143797955e-48	2.726820961125981e-23
SNUH	cg01588438	ADHFE1	142	41.63194516276946	21.190348318460504	37.956905460190384	44.94852415136915	1.977968091012637e-50	4.408059148548856e-24	133	0.9366197183098592	bca	estimated	1.7782545284665647	3.0822831023117216e-49	2.726820961125981e-23
SNUH	cg08090772	ADHFE1	0							0		not_estimable	missing_probe			
SNUH	cg09383816	ADHFE1	142	43.024462008374456	22.26343413241493	39.163671027646394	46.530082042580226	1.2546877387238198e-49	6.0202540700184004e-24	131	0.9225352112676056	bca	estimated	1.868305889558883	9.661095588173412e-49	2.726820961125981e-23
SNUH	cg20912169	ADHFE1	142	36.39863287112828	19.023202335742585	33.05778559618072	39.31840506505993	3.800263800208466e-49	6.0202540700184004e-24	132	0.9295774647887324	bca	estimated	1.596391677526121	2.4385026051337655e-48	2.726820961125981e-23
SNUH	cg18065361	ADHFE1	142	39.64014882532622	20.23922334564392	36.00621486471462	42.78188179906784	2.8020755475561106e-50	4.055847628745509e-24	133	0.9366197183098592	bca	estimated	1.6984378938067526	3.0822831023117216e-49	2.726820961125981e-23
SNUH	cg04481096	HOXA2	142	35.31433627392031	19.838969085519643	31.828061977444992	38.34678298698842	1.0258267720551385e-45	7.561867979574345e-24	133	0.9366197183098592	bca	estimated	1.66484930243924	4.3882589693469816e-45	3.064546496985393e-23
SNUH	cg19598584	HOXA2	0							0		not_estimable	missing_probe			
SNUH	cg09871315	HOXA2	0							0		not_estimable	missing_probe			
SNUH	cg13661519	HOXA2	142	25.51839124750232	12.513671419234084	23.30998295287413	27.42184191967873	2.9164684855084203e-52	1.9111938319469333e-24	136	0.9577464788732394	bca	estimated	1.0501239778871314	7.485602446138278e-51	2.726820961125981e-23
SNUH	cg02803819	HOXA2	142	27.827162403271537	14.24122695977308	25.419304595911473	30.134332435018734	3.646440072413675e-50	2.509425443880285e-24	134	0.943661971830986	bca	estimated	1.1950972183913802	3.5096985696981626e-49	2.726820961125981e-23
SNUH	cg03763508	HOXA2	142	27.878417244209913	14.224675759890642	25.534918551805823	30.064043088700636	2.6035986721456824e-50	2.4574650287636024e-24	136	0.9577464788732394	bca	estimated	1.1937082725515018	3.0822831023117216e-49	2.726820961125981e-23
SNUH	cg00188704	HOXA2	142	26.510656469379327	12.710027610301614	24.258686012045693	28.451818098910316	2.1986035410969037e-53	1.993056835180951e-24	136	0.9577464788732394	bca	estimated	1.066601823400133	1.6929247266446157e-51	2.726820961125981e-23
SNUH	cg06786372	HOXA2	142	30.34364150975501	14.750081278133315	27.746711805743647	32.570206693793786	1.0723835775692105e-52	2.0352814794387494e-24	135	0.9507042253521126	bca	estimated	1.2377993241970482	4.12867677364146e-51	2.726820961125981e-23
SNUH	cg19236679	GFRA1	142	23.474977042450256	17.982824683335025	20.57538491915586	26.43919404801405	2.1398683844520096e-32	2.6596417614520435e-22	123	0.8661971830985915	bca	estimated	1.5090851243772314	3.7447696727910175e-32	4.876009895995413e-22
SNUH	cg06298519	GFRA1	142	34.79497055895516	22.49576409163464	30.93223288835347	38.276272412519205	2.2248894310986063e-39	4.509582732393307e-23	127	0.8943661971830986	bca	estimated	1.8878025866339845	5.710549539819757e-39	1.0636950916988288e-22
SNUH	cg19485539	GFRA1	142	35.254207043673055	22.089541668129648	31.5590900080021	38.8073248277464	9.443420692578782e-41	2.5469554582114506e-23	128	0.9014084507042254	bca	estimated	1.853713158121235	2.9085735733142646e-40	7.263539640084507e-23
SNUH	cg18672939	GFRA1	142	32.96664751813601	23.87883643755004	28.83256560989336	36.895366000254015	1.2930092368454512e-34	3.0586855945584473e-22	129	0.908450704225352	bca	estimated	2.0038674396207714	2.428334420417067e-34	5.4771811809534995e-22
SNUH	cg27034576	GFRA1	142	29.87314126123358	18.852172311539228	26.71585577507979	32.93549157420763	1.9513478685384536e-40	1.1198122939499947e-23	133	0.9366197183098592	bca	estimated	1.582039156724072	5.778991764517728e-40	3.9067868747959355e-23
SNUH	cg18044663	GFRA1	142	33.871895375272096	21.13537170694366	30.353444317644406	37.11122669123198	6.183940513628263e-41	7.192816431464425e-23	127	0.8943661971830986	bca	estimated	1.773640993713839	2.0702757371712013e-40	1.4574917505862125e-22
SNUH	cg15701178	UNC5C	142	24.68782067037412	18.36980422579632	21.66165247790348	27.765085747209888	1.5440275589223588e-33	8.287471809404731e-23	126	0.8873239436619719	bca	estimated	1.5415597261848015	2.7648865590005025e-33	1.6362444341645236e-22
SNUH	cg03008707	UNC5C	142	23.44494643199289	16.07916826982375	20.663353108853823	26.02199009326255	7.3103365075209585e-37	3.0614355227696303e-23	132	0.9295774647887324	bca	estimated	1.349333826895172	1.815793261545528e-36	8.128639146664189e-23
SNUH	cg24870497	UNC5C	0							0		not_estimable	missing_probe			
SNUH	cg13265789	UNC5C	142	29.952165049392057	19.28838345678843	26.67397121482249	32.97880973460373	1.4981802429502362e-39	2.821175932284472e-23	129	0.908450704225352	bca	estimated	1.6186451828615105	3.977926851971317e-39	7.758233813782299e-23
SNUH	cg12584684	UNC5C	142	31.71419198404053	22.639015573001046	27.969766246204586	35.4424016667034	3.306266081306e-35	4.696835469838984e-23	130	0.9154929577464788	bca	estimated	1.8998239839050917	6.527756109245179e-35	1.0636950916988288e-22
SNUH	cg08327106	RALYL	0							0		not_estimable	missing_probe			
SNUH	cg09757712	RALYL	0							0		not_estimable	missing_probe			
SNUH	cg11089595	RALYL	142	25.058449223752877	20.189534090593153	21.663074158087703	28.35863657639422	1.7976726122448207e-30	2.7863876343185987e-21	125	0.8802816901408451	bca	estimated	1.6942680641521273	2.883766482142733e-30	4.469830163386085e-21
SNUH	cg01134282	RALYL	0							0		not_estimable	missing_probe			
SNUH	cg06955749	RALYL	142	21.73985552054521	19.238887990047175	18.342410851900663	24.82375686729448	4.3152455201945105e-27	9.219470351255866e-20	115	0.8098591549295775	bca	estimated	1.6144916155605646	6.1532204639810616e-27	1.2907258491758214e-19
SNUH	cg11666087	BEND5	142	41.64476115011048	24.66090754991732	37.35603658618834	45.471560123022115	2.7644019740337196e-43	3.4603021553054714e-23	130	0.9154929577464788	bca	estimated	2.0694973894568696	1.0642947600029821e-42	8.772060716727813e-23
SNUH	cg16573178	BEND5	142	36.18876356249142	23.13900235952191	32.16336804663679	39.78387546899892	7.324178086642722e-40	3.531608859981327e-23	129	0.908450704225352	bca	estimated	1.9417819429693897	2.014148973826748e-39	8.772060716727813e-23
SNUH	cg06744574	BEND5	142	31.742487602293856	18.91166346074418	28.457011018943852	34.74661762520695	5.223363680596709e-43	1.0745496693142548e-23	132	0.9295774647887324	bca	estimated	1.5870315430637163	1.9152333495521264e-42	3.9067868747959355e-23
SNUH	cg03603214	BEND5	142	27.17535983918336	23.13748053861669	23.287183696760707	30.883466577237662	1.8810409079725326e-28	9.476532682698864e-22	124	0.8732394366197183	bca	estimated	1.941654234595956	2.840002939487941e-28	1.6215400368173614e-21
ASAN	cg14017655	EYA4	0							0		not_estimable	missing_probe			
ASAN	cg20330472	EYA4	128	17.261713928351917	18.138258363420157	14.188553871781224	20.450169489949488	1.3181846733352186e-19	1.0858581704134349e-15	99	0.7734375	bca	estimated	1.6032106859610002	2.1145879134752466e-19	1.817632154822489e-15
ASAN	cg17838029	EYA4	0							0		not_estimable	missing_probe			
ASAN	cg14343214	EYA4	128	20.991819693560934	20.210119370659775	17.47335013383121	24.300888273609964	4.937141013474587e-22	1.0245836045570305e-15	96	0.75	bca	estimated	1.7863390569478907	9.50399645093858e-22	1.7531763900198074e-15
ASAN	cg24675448	EYA4	0							0		not_estimable	missing_probe			
ASAN	cg21607030	EYA4	0							0		not_estimable	missing_probe			
ASAN	cg11664500	EYA4	128	23.270110043117015	17.8859501540044	20.072532595743223	26.29567269582042	3.123118414498359e-29	4.74518787972347e-19	107	0.8359375	bca	estimated	1.5809095802326356	1.7462033004055582e-28	2.3837839613409562e-18
ASAN	cg26656135	EYA4	0							0		not_estimable	missing_probe			
ASAN	cg20286200	EYA4	128	24.244219397731747	18.351423478981676	20.95351349705967	27.426293238929254	9.048902284887292e-30	3.0193844482651193e-19	108	0.84375	bca	estimated	1.6220519983017458	6.334231599421105e-29	1.8672844589200968e-18
ASAN	cg14270292	EYA4	128	22.39550937854909	18.46978082575701	19.14793598251408	25.44227644690606	7.774343690647579e-27	9.607647378556986e-19	109	0.8515625	bca	estimated	1.6325134086152564	2.7210202917266527e-26	3.8936255165730945e-18
ASAN	cg06181518	EYA4	128	24.37862491175411	20.865893225317723	20.770571808059906	28.08049959593984	1.2636872958086547e-25	4.9559960785621466e-17	103	0.8046875	bca	estimated	1.8443018243920757	3.892156871090657e-25	1.060032494581348e-16
ASAN	cg14287112	EYA4	128	23.34626926528506	18.57310682076684	20.09844711128593	26.49256008323564	4.809048059366688e-28	7.127995467830441e-19	108	0.84375	bca	estimated	1.641646222583294	2.3143543785702187e-27	3.115029038662709e-18
ASAN	cg01328892	EYA4	128	26.015270339431577	20.87842769937166	22.457216449884328	29.755641242712866	9.53071616503511e-28	3.9491023000353635e-18	103	0.8046875	bca	estimated	1.8454097258423432	4.077028581709464e-27	1.1695418350104729e-17
ASAN	cg05493394	EYA4	128	18.932174091478128	19.462394665488105	15.81937536269011	22.238463423812796	3.4031297511775254e-20	1.6599530315177186e-15	96	0.75	bca	estimated	1.7202489057619408	5.823133129792655e-20	2.7194975197205178e-15
ASAN	cg26449787	EYA4	128	23.725949814961556	20.48773687931344	20.02539399317452	27.199650683618177	2.425324749708357e-25	1.5324670625339857e-18	107	0.8359375	bca	estimated	1.810877209816031	7.182692527982442e-25	5.240142955201753e-18
ASAN	cg22871668	EYA4	128	24.835796549165913	19.271495677846513	21.473279585839684	28.09251694725252	6.684999016517943e-29	4.953317322266921e-19	107	0.8359375	bca	estimated	1.7033756596765637	3.4316328284792103e-28	2.3837839613409562e-18
ASAN	cg20980055	EYA4	128	21.63244589717123	16.445428689825278	18.81619474764615	24.410409515032914	1.2855442110903958e-29	4.0825109967593416e-19	106	0.828125	bca	estimated	1.453584268261907	8.248908687830039e-29	2.245381048217638e-18
ASAN	cg06611358	ZNF568	0							0		not_estimable	missing_probe			
ASAN	cg27390819	ZNF568	128	18.75582520265904	18.481081892751376	15.535047801639362	22.0037960722056	2.2760043903394173e-21	3.2371024267473633e-17	105	0.8203125	bca	estimated	1.6335122912535516	4.075635768747329e-21	7.553238995743848e-17
ASAN	cg20154403	ZNF568	128	23.648150383776123	23.234156183820048	19.73441640301922	27.712930979044813	1.8830258954902508e-21	1.583031998353233e-17	102	0.796875	bca	estimated	2.053628674090814	3.4522141417321265e-21	4.2032228921792737e-17
ASAN	cg21761844	ZNF568	0							0		not_estimable	missing_probe			
ASAN	cg20680720	ZNF568	128	23.138764042901258	25.899847354707116	18.88643313955142	27.89229456490877	5.531144230557393e-18	8.91219350804534e-13	97	0.7578125	bca	estimated	2.289244712026233	8.035813316092816e-18	1.225426607356234e-12
ASAN	cg02459604	ZNF568	128	24.093378839508865	21.492842233719227	20.243441530667983	27.65385196398669	2.5558631178963678e-24	2.0540229069490432e-16	100	0.78125	bca	estimated	1.899716811304436	6.786257244069667e-24	3.7657086627399125e-16
ASAN	cg03060201	ZNF568	128	23.62298006158518	22.06743184384104	19.89769103674816	27.41049426134327	6.429642594021818e-23	2.0540229069490432e-16	101	0.7890625	bca	estimated	1.9505038375189945	1.338060756053189e-22	3.7657086627399125e-16
ASAN	cg03443751	ZNF568	128	19.49053354649016	20.49570929830423	16.031912728208344	22.94893566899908	1.380340226549373e-19	5.605388950118869e-16	100	0.78125	bca	estimated	1.8115818787573872	2.1691060702918716e-19	9.80943066270802e-16
ASAN	cg17332326	ZNF793	128	20.32544802780736	22.023084202800828	16.795577582742315	24.275515757035716	8.347021219877652e-19	2.27020753914623e-13	92	0.71875	bca	estimated	1.9465840228053497	1.2602365371187825e-18	3.237147787301106e-13
ASAN	cg11623861	ZNF793	0							0		not_estimable	missing_probe			
ASAN	cg14732998	ZNF793	0							0		not_estimable	missing_probe			
ASAN	cg07482795	ZNF793	128	17.5962149571119	21.11536234841413	14.08153275753482	21.566734318895904	2.5409599347230376e-16	1.969337938110117e-13	97	0.7578125	bca	estimated	1.8663519879718415	3.4938199102441774e-16	2.861113608197717e-13
ASAN	cg13181745	ZNF793	0							0		not_estimable	missing_probe			
ASAN	cg24078985	ZNF793	128	18.671820764925297	21.38376898255406	15.09802432255634	22.524929522026135	2.0131627534245838e-17	8.034308991863517e-15	100	0.78125	bca	estimated	1.8900760068613167	2.8706209632165365e-17	1.2372835847469816e-14
ASAN	cg15139588	ZNF793	128	22.297966836579945	23.89017000697987	18.15341698463404	26.487344794920315	4.2731298380639256e-19	3.723549358741342e-13	91	0.7109375	bca	estimated	2.1116126519543665	6.580619950618446e-19	5.212969102237878e-13
ASAN	cg25361907	ZNF793	128	17.087036588142716	20.08086741636202	13.8344548087353	20.715428957681535	8.320088464174978e-17	2.948361424141482e-14	98	0.765625	bca	estimated	1.7749146902771964	1.164812384984497e-16	4.3658428780556566e-14
ASAN	cg20299663	SFMBT2	128	26.472069652165448	25.07603505531943	22.191317133515405	30.915071756114155	1.6608699993766108e-22	1.5652375060992252e-18	108	0.84375	bca	estimated	2.216429304110994	3.2791535885127957e-22	5.240142955201753e-18
ASAN	cg20506550	SFMBT2	0							0		not_estimable	missing_probe			
ASAN	cg01056653	SFMBT2	0							0		not_estimable	missing_probe			
ASAN	cg22862480	SFMBT2	128	24.31864594652888	19.765844594549986	20.833451959390445	27.658544011628173	2.545605630643216e-27	3.787313684780046e-18	106	0.828125	bca	estimated	1.7470703435857198	9.80058167797638e-27	1.1664926149122544e-17
ASAN	cg12767281	SFMBT2	128	17.88595328353491	17.83181829534571	14.883907116818646	21.034154502274795	4.865401856221816e-21	4.609056242610089e-16	102	0.796875	bca	estimated	1.5761249546906615	8.514453248388178e-21	8.253426294906439e-16
ASAN	cg26878816	SFMBT2	128	25.797275262860207	21.396867978007403	22.1294987465661	29.46434462150965	1.199296950299757e-26	4.866182194673224e-18	104	0.8125	bca	estimated	1.8912338054252904	4.015037616220925e-26	1.387763070332734e-17
ASAN	cg12328063	SFMBT2	128	21.487655198767065	20.00379054911554	18.27883401216542	25.15458640969992	5.0777527130134014e-23	3.4109162403553098e-18	105	0.8203125	bca	estimated	1.768101993339371	1.0860748858389777e-22	1.0943356271139953e-17
ASAN	cg16818993	SFMBT2	128	24.52889081825629	20.48855231860087	20.92995509572945	28.086848642981167	2.0427826955378377e-26	1.5652375060992252e-18	109	0.8515625	bca	estimated	1.8109492851472548	6.553927814850561e-26	5.240142955201753e-18
ASAN	cg20295442	ADHFE1	0							0		not_estimable	missing_probe			
ASAN	cg19283840	ADHFE1	0							0		not_estimable	missing_probe			
ASAN	cg25046651	ADHFE1	128	23.75966754158354	17.944788283850865	20.61188354970106	26.643449804840746	7.553918374589641e-30	3.1525581773975658e-19	108	0.84375	bca	estimated	1.5861101853084818	5.816517148434022e-29	1.8672844589200968e-18
ASAN	cg01588438	ADHFE1	128	32.77541401728507	22.9418617188219	28.59286762516964	36.62015946251413	1.3087579659678836e-32	8.185806380457868e-20	110	0.859375	bca	estimated	2.0277932493028783	1.3694896032557783e-31	9.004387018503655e-19
ASAN	cg08090772	ADHFE1	0							0		not_estimable	missing_probe			
ASAN	cg09383816	ADHFE1	128	34.34581724312007	24.064544028154796	30.003003247373854	38.33564216836839	1.4228463410449646e-32	1.112013279846282e-19	109	0.8515625	bca	estimated	2.1270252835588113	1.3694896032557783e-31	1.015796375837986e-18
ASAN	cg20912169	ADHFE1	128	28.84788387077064	19.920275232921423	25.241619420081307	31.944444382356274	4.0610653988939395e-33	4.3246080123653894e-20	111	0.8671875	bca	estimated	1.7607202125376462	5.211700595247223e-32	5.549913615868916e-19
ASAN	cg18065361	ADHFE1	128	29.984137592870542	21.457116531143388	26.1863795827414	33.66497116544398	8.596853145728235e-32	1.1872944652651786e-19	107	0.8359375	bca	estimated	1.8965590754851824	7.355085469123046e-31	1.015796375837986e-18
ASAN	cg04481096	HOXA2	128	25.29706927170138	20.323598668615823	21.70272041443126	28.719808139133953	1.0351485582927706e-27	7.2818860644063335e-19	111	0.8671875	bca	estimated	1.796369304586517	4.195075736239123e-27	3.115029038662709e-18
ASAN	cg19598584	HOXA2	0							0		not_estimable	missing_probe			
ASAN	cg09871315	HOXA2	0							0		not_estimable	missing_probe			
ASAN	cg13661519	HOXA2	128	21.358539325222313	14.363298583956936	18.8234609693329	23.797132828924735	4.030724147409103e-34	2.839757487457971e-20	114	0.890625	bca	estimated	1.2695482286153854	1.0345525311683364e-32	4.373226530685277e-19
ASAN	cg02803819	HOXA2	128	22.23231820849566	15.09100879657948	19.53154447802187	24.7278313246365	9.135000755991977e-34	2.716453623912823e-20	115	0.8984375	bca	estimated	1.3338693318758987	1.711635210273588e-32	4.373226530685277e-19
ASAN	cg03763508	HOXA2	128	22.543776591302773	15.3368013294001	19.81056672555263	25.231878800931252	1.1114514352425896e-33	2.839757487457971e-20	115	0.8984375	bca	estimated	1.3555945277162085	1.711635210273588e-32	4.373226530685277e-19
ASAN	cg00188704	HOXA2	128	20.60598396952364	13.534939129719126	18.164482225166235	22.747145819663693	5.01119721326701e-35	1.591830608276655e-20	118	0.921875	bca	estimated	1.1963309051964426	1.929310927107799e-33	4.373226530685277e-19
ASAN	cg06786372	HOXA2	128	24.403405129585064	15.71568981924026	21.665430652110295	26.999151354745464	8.510287537868686e-36	1.5222695691041663e-20	116	0.90625	bca	estimated	1.3890838552761469	6.5529214041588885e-34	4.373226530685277e-19
ASAN	cg19236679	GFRA1	128	14.449218226705783	15.177552663271443	11.954601183992086	17.2567506643881	1.2898723086190492e-19	6.188647411312315e-17	100	0.78125	bca	estimated	1.341518801251898	2.113195058801421e-19	1.2879077045163463e-16
ASAN	cg06298519	GFRA1	128	24.725153217398336	22.184196339579312	20.814597696634987	28.43581012997537	3.8564687788729936e-24	3.6569194052492664e-17	104	0.8125	bca	estimated	1.9608244583612895	9.578970837845821e-24	8.281846888358631e-17
ASAN	cg19485539	GFRA1	128	23.26747549433136	21.653174392532275	19.606158290654456	26.95861362928041	4.957853481202957e-23	2.013693049301739e-16	96	0.75	bca	estimated	1.913888305896809	1.0860748858389777e-22	3.7657086627399125e-16
ASAN	cg18672939	GFRA1	128	24.20962690484641	21.63085077641946	20.398855709798713	27.807213692696664	2.862342865817802e-24	1.9835715253598037e-17	103	0.8046875	bca	estimated	1.911915158355062	7.346680022265693e-24	4.9269357242808026e-17
ASAN	cg27034576	GFRA1	128	21.629885189055916	19.01748156282199	18.310792454558353	24.994082367170776	9.017682638945851e-25	1.865353290357977e-17	101	0.7890625	bca	estimated	1.6809237717701964	2.5717094933290032e-24	4.7877401119188065e-17
ASAN	cg18044663	GFRA1	128	21.68064219443654	21.251890046336168	17.96520482081225	25.287646791638785	1.6186630749771757e-21	3.775549115014169e-15	98	0.765625	bca	estimated	1.8784194455993992	3.0399282139815247e-21	5.933005752165123e-15
ASAN	cg15701178	UNC5C	128	19.69432855583487	18.23515107330716	16.62012557797899	22.89301843670169	3.494611543416152e-23	7.879444003424265e-17	100	0.78125	bca	estimated	1.6117748724870804	8.154093601304355e-23	1.5966241796412326e-16
ASAN	cg03008707	UNC5C	128	17.495144601686626	15.53022718475034	14.854687706078405	20.256105776125743	1.7977028503483073e-24	8.888277105382176e-18	105	0.8203125	bca	estimated	1.3726911194630786	4.9436828384578444e-24	2.444276203980098e-17
ASAN	cg24870497	UNC5C	0							0		not_estimable	missing_probe			
ASAN	cg13265789	UNC5C	128	21.306652176023945	19.65280366030587	17.91957606757647	24.686596483773304	2.6829735074684837e-23	4.21493155834951e-17	103	0.8046875	bca	estimated	1.7370788421912606	6.455905002346039e-23	9.272849428368922e-17
ASAN	cg12584684	UNC5C	128	22.184169573038336	20.605673842555483	18.807980564967497	25.78473720399132	4.347798389926963e-23	1.4945909849630266e-16	99	0.7734375	bca	estimated	1.8213014631236557	9.846484588952241e-23	2.9508591241577704e-16
ASAN	cg08327106	RALYL	0							0		not_estimable	missing_probe			
ASAN	cg09757712	RALYL	0							0		not_estimable	missing_probe			
ASAN	cg11089595	RALYL	128	21.069287699109747	19.889676700517857	17.602300214340552	24.421671965825674	1.3157608004086077e-22	2.587249800976552e-17	105	0.8203125	bca	estimated	1.7580156588180316	2.666146885038494e-22	6.225569833599828e-17
ASAN	cg01134282	RALYL	0							0		not_estimable	missing_probe			
ASAN	cg06955749	RALYL	128	16.01376184462099	17.70831101055049	13.097093454441158	19.252902816936405	2.750628117376431e-18	1.4072937582692512e-14	92	0.71875	bca	estimated	1.5652083498650815	4.073045481499715e-18	2.1247376350339672e-14
ASAN	cg11666087	BEND5	128	31.324552178178845	24.96917557651867	27.016526955883595	35.61423558833903	5.60811339863881e-28	1.3496016726466822e-18	107	0.8359375	bca	estimated	2.206984171349234	2.540145480559931e-27	5.1959664396897265e-18
ASAN	cg16573178	BEND5	128	27.54239856468804	22.530588090885978	23.581046206393736	31.26620358337936	4.175721223294709e-27	2.1360491646411296e-19	113	0.8828125	bca	estimated	1.9914414528982929	1.5310977818747267e-26	1.6447578567736699e-18
ASAN	cg06744574	BEND5	128	23.47935119802585	18.05046932341212	20.233183014754417	26.473131567873864	3.17491509164647e-29	3.0193844482651193e-19	111	0.8671875	bca	estimated	1.5954511577730577	1.7462033004055582e-28	1.8672844589200968e-18
ASAN	cg03603214	BEND5	128	20.3407092341674	21.336313046792213	16.578525948104396	23.943291856105297	1.1846443496055512e-19	2.5795507787023504e-15	98	0.765625	bca	estimated	1.8858814551132224	1.9829916286875532e-19	4.138029374168353e-15
