	cg20330472	cg05493394	cg14343214	cg26449787	cg06181518	cg20980055	cg20286200	cg01328892	cg11664500	cg14287112	cg22871668	cg14270292	cg20680720	cg02459604	cg03060201	cg03443751	cg20154403	cg27390819	cg17332326	cg25361907	cg24078985	cg07482795	cg15139588	cg22862480	cg20299663	cg12328063	cg26878816	cg12767281	cg16818993	cg01588438	cg09383816	cg18065361	cg20912169	cg25046651	cg00188704	cg03763508	cg02803819	cg13661519	cg06786372	cg04481096	cg06744574	cg11666087	cg16573178	cg03603214	cg03008707	cg13265789	cg12584684	cg15701178	cg11089595	cg06955749	cg27034576	cg06298519	cg19485539	cg18044663	cg19236679	cg18672939
cg20330472	1.0	0.7079659926528372	0.6666533945527053	0.7097304852773838	0.6859747983511842	0.6614605053322465	0.6712259870785494	0.760758270797228	0.6652074326632315	0.6533966483022522	0.6384173213660777	0.6583422570836416	0.4731208258328426	0.5431221460589157	0.6474074322441119	0.6376922448243995	0.6455172038030894	0.5375227110318511	0.5159632097000991	0.4970483517082259	0.4815954198633252	0.4647216732922457	0.5327824707507057	0.5323298218113921	0.5990745843907367	0.5137251121668264	0.5360725579484944	0.5140939372284893	0.580989582787605	0.2925725757610684	0.2828029028208831	0.310271987527007	0.2611260480604203	0.287124023713775	0.3536256970479326	0.2324582819038917	0.3488016328891367	0.338441001611514	0.3217097556324407	0.3141739890316456	0.4638289489952661	0.4707150805442684	0.5439645760293049	0.5518021085896424	0.5440525911008381	0.4910214149051428	0.549999895220153	0.4964573933707887	0.5161518134248131	0.6049799765712263	0.6259610931471885	0.5589606677410095	0.5803818596746377	0.5741914663101358	0.5601090548648237	0.6305672152240928
cg05493394	0.7079659926528372	1.0	0.8822777462274017	0.7106567391254237	0.6848054552579576	0.6854047959831598	0.7224172291598124	0.7073959902848126	0.6876135551592549	0.6738664392245454	0.647101475090687	0.6687909034327975	0.5647780448499657	0.6375874649773361	0.6965701364862289	0.6475247856728229	0.6960378548631471	0.557850001362138	0.5493125394234174	0.5349954211206834	0.5036997763998065	0.4476844701597474	0.5652516497586921	0.5370239589598296	0.6472355932949281	0.612339713028955	0.6356259862403105	0.6215896779277061	0.6425749856975509	0.5107954676429355	0.5243791270162262	0.5545221934194066	0.4874463265233418	0.476306133183568	0.3986139721830462	0.3169653241574128	0.3996701530414446	0.3798290412015315	0.4034422275357247	0.4446961489215011	0.4917213442835259	0.5119061340218068	0.6073312363393275	0.5132808456152779	0.5571039688510471	0.5442034740806093	0.599359585574749	0.4936409110817262	0.477680844777039	0.5758469878937366	0.6996632375715385	0.6342554658407221	0.6137060422346609	0.6030981305179688	0.6357391484751389	0.6429815315041566
cg14343214	0.6666533945527053	0.8822777462274017	1.0	0.8063207394942487	0.7218556091795529	0.7355608131754371	0.7641447554543149	0.7708967687990763	0.7570867849561288	0.7478452024451426	0.7388215620160482	0.7528913998797128	0.5663665073314459	0.6335639188501041	0.7240308388045877	0.6838540542466225	0.7237081168756326	0.6014426089343681	0.4901789849347536	0.480769754668466	0.4675968322956636	0.4186101581966131	0.4992696844659686	0.6189073138428848	0.7256863603881886	0.6658780236844367	0.6863981089333202	0.6836822152974387	0.6928274003491265	0.5723347674201735	0.5903149891762418	0.6007217235865724	0.5466259841447135	0.5464457628077647	0.4831587351815102	0.4010239086655029	0.4521564740324106	0.4387488448021862	0.4699439008698823	0.50446676488031	0.531881364065961	0.5454734058270169	0.6265017571580352	0.5787472940604497	0.6126037582435545	0.6601277056776008	0.698204702100417	0.5724605032366495	0.5531055698871102	0.6017192277306153	0.7232596591302015	0.702488102248366	0.6795958012619685	0.6658780236844367	0.6953169695153514	0.6914736447250682
cg26449787	0.7097304852773838	0.7106567391254237	0.8063207394942487	1.0	0.7236997344878677	0.8997759806869787	0.8645406137165202	0.8059309584631731	0.8917121236569843	0.8888579206229792	0.8770387538742349	0.8985018577466886	0.4911178123644411	0.5716599852050857	0.6795832276803209	0.625713812708119	0.7217885500774324	0.6830158154701159	0.5122288559507618	0.5020316812345581	0.4776598888076263	0.3986936048668144	0.4912519305686822	0.6979993336001727	0.7431091533578797	0.7053339228946062	0.700053018602614	0.6701739974140334	0.6906521707240917	0.6360492968224465	0.6159399485740511	0.6268328614747555	0.621572913152176	0.6615652851793098	0.6330316372270223	0.5023669767451607	0.6284171327623531	0.5986261266453056	0.6180187807397877	0.6244941752883019	0.5922638943316199	0.5702056409278465	0.5985339203798898	0.4866709556550732	0.7038460490663069	0.7579250237326354	0.7243326047641301	0.6412924803694956	0.687865026792207	0.6529523817507037	0.7056608360174439	0.7049692890268258	0.7365457437378324	0.7016372898902117	0.7290728450452756	0.7052375254353079
cg06181518	0.6859747983511842	0.6848054552579576	0.7218556091795529	0.7236997344878677	1.0	0.7222747285678063	0.7498779314781712	0.8437606744469196	0.740996791641083	0.7251373139895766	0.7104513706251795	0.6965617540984638	0.5053091948506993	0.625525208983405	0.6008474594030483	0.5645433379925439	0.6293098570593326	0.5353097606618733	0.4839257236620138	0.4552705310871329	0.4638499049646788	0.4424454778065806	0.5135029788910521	0.5320280558518498	0.5775653773855752	0.5602264082935345	0.5590654475880728	0.481318801067078	0.560725160365556	0.3200626164366051	0.3266595556077126	0.3412029983801036	0.3446272037821334	0.3336043638710705	0.4038361997606828	0.256268454350564	0.3588395422378042	0.3557799707035547	0.3514420850351327	0.3535921674968723	0.4387027416694783	0.4374370011169532	0.5108248060001133	0.5145214390045076	0.5852897477110843	0.582309808860603	0.5248736878943652	0.4952796678897968	0.5273381098972949	0.6102147777305105	0.6599223371773567	0.6272980839957166	0.6267741847603999	0.6087646246471539	0.6182576787910921	0.6446370530877573
cg20980055	0.6614605053322465	0.6854047959831598	0.7355608131754371	0.8997759806869787	0.7222747285678063	1.0	0.93164162777588	0.7927161241515454	0.9099102874949444	0.9030115823642944	0.8870640896412548	0.8956308899371531	0.4528480210230285	0.6189366522000626	0.6354709120666568	0.5856711463543948	0.6735604820711205	0.6546079033343043	0.5103260539280917	0.5087082530894339	0.4753840705294107	0.3538310655481768	0.4967926888813913	0.6561125419381338	0.7074001814786951	0.6439329325154919	0.6658654501027891	0.6358355459344373	0.6353451762501807	0.6162584793091236	0.5953737601924597	0.5987686272373117	0.6098543350566126	0.6312210414697679	0.5879888765714358	0.4842777839481466	0.5874272565911763	0.5549874159403677	0.587142255407164	0.5997870873507674	0.5351295393249245	0.5176732168041728	0.5239432428524428	0.3914805601949744	0.669909952199434	0.7386581054546293	0.6733467311831113	0.6027083494868931	0.6272268336997137	0.5616975173463037	0.6965366069351686	0.6695495095255359	0.7144832991401767	0.7041226678625541	0.6838372894710923	0.649473690828201
cg20286200	0.6712259870785494	0.7224172291598124	0.7641447554543149	0.8645406137165202	0.7498779314781712	0.93164162777588	1.0	0.8162329130264403	0.8738157257785668	0.8532663021725055	0.8473567187981333	0.8524993136920018	0.5249365558026031	0.6562759984995526	0.672198344059297	0.6323442814302869	0.6947804966983872	0.6295194167534593	0.5411480937402424	0.5255191317522753	0.5046302214417288	0.408748278991012	0.5242366264242201	0.6330358284209049	0.7319438128548108	0.6646039007441465	0.6988124252133843	0.682035076101603	0.6769427755343249	0.5709390998572899	0.5650546636462129	0.5600168485994078	0.5628123749190576	0.5890241014604216	0.5407918422602271	0.4284049783000937	0.5324346016584555	0.5087208266710814	0.5287337774601785	0.5415881690979085	0.5006737344166172	0.4969016599223372	0.5161434310370481	0.439415244629509	0.661095871464466	0.7297560096481285	0.691197025928821	0.612607949437437	0.649741927236683	0.6216022515093538	0.731072044527244	0.7270233512367166	0.7242906928253049	0.7298063039747188	0.706046425854637	0.6916580572558997
cg01328892	0.760758270797228	0.7073959902848126	0.7708967687990763	0.8059309584631731	0.8437606744469196	0.7927161241515454	0.8162329130264403	1.0	0.8221215404313997	0.8114926727452949	0.8130727528390099	0.7940992181327813	0.5019143278058471	0.6060990253378628	0.6567202650511013	0.6117403723037527	0.663359116161034	0.5686548991913092	0.4927565691725116	0.4770815040518367	0.470727654125916	0.4461840227498004	0.5089932542734461	0.5405864737599829	0.6532457653224809	0.5861279864875909	0.5855328369562712	0.5535456452447762	0.6393519576018827	0.4090500449505544	0.4121808667808068	0.4192094989218154	0.4129352816796628	0.4247209188773468	0.4868008826654317	0.3572049766236161	0.4516702955420367	0.4528186826658508	0.4463307145356891	0.4187568499825018	0.4486274887833174	0.4716706727494861	0.542489275782653	0.5087501650282591	0.6144269275824567	0.6392387953670543	0.633601639595047	0.5776450100693433	0.6246282934925429	0.6209232781003833	0.7239637797024672	0.6615652851793098	0.6917418811335504	0.675253724399664	0.677651087300473	0.707463049386933
cg11664500	0.6652074326632315	0.6876135551592549	0.7570867849561288	0.8917121236569843	0.740996791641083	0.9099102874949444	0.8738157257785668	0.8221215404313997	1.0	0.9829292673164414	0.971885471435966	0.9696599474843408	0.4768342236127673	0.632667003359242	0.6623616120169913	0.6141461175923267	0.7143743280992307	0.7016498634718593	0.5024214622656337	0.5062605958620343	0.4704594177174339	0.385788918902494	0.5379208744506917	0.654440255579003	0.7080623901121355	0.6857778122387053	0.7046633318734009	0.6140622937146762	0.6727138609068487	0.6050512268672293	0.5958641298767161	0.6062331435421038	0.6068282930734235	0.6379101869062912	0.5824313534831965	0.4604885674708869	0.5829133407796879	0.5772426554566201	0.5707253489692807	0.5548197681850664	0.5912789637692245	0.5494215104643634	0.5585122099955783	0.4433256285219126	0.6524955416175074	0.7467261536785061	0.6467075028657289	0.5764044166801134	0.6837199360423813	0.6303576555299659	0.7365666997072452	0.7162477917647232	0.749530062385921	0.7574765659872044	0.728574092973254	0.7007613303687622
cg14287112	0.6533966483022522	0.6738664392245454	0.7478452024451426	0.8888579206229792	0.7251373139895766	0.9030115823642944	0.8532663021725055	0.8114926727452949	0.9829292673164414	1.0	0.97303385855978	0.9665123608785582	0.4517289722563922	0.6140203817758508	0.640131519664034	0.5822720881156602	0.689679813743344	0.6805094815283608	0.4678105831836728	0.4756900276828356	0.4433843052362681	0.353675991374523	0.5039847775838187	0.6374072436403873	0.6901492274581877	0.6632124243751455	0.6726593753863758	0.5884205695413368	0.6487695702559354	0.6125576551108467	0.5996613515342913	0.6119960351305872	0.6057176266945522	0.6446244795061097	0.604372253458259	0.4972956321472953	0.6132743492647598	0.6043219591316685	0.5973352389294854	0.5792041341936458	0.5914717586878211	0.5382352139918817	0.5549622687770726	0.4347336810627191	0.645295070527315	0.7531177243493696	0.6332873000538569	0.5697529919885329	0.6521225253619621	0.6108518392006556	0.7150113895693757	0.7072409161111589	0.7435659934910759	0.761755774941271	0.7149527128550204	0.6935189473397446
cg22871668	0.6384173213660777	0.647101475090687	0.7388215620160482	0.8770387538742349	0.7104513706251795	0.8870640896412548	0.8473567187981333	0.8130727528390099	0.971885471435966	0.97303385855978	1.0	0.967015304144462	0.4388787718125447	0.603131660069029	0.6445364644345766	0.576588829210945	0.6832714782969505	0.6912808498064716	0.4640259351077451	0.4791226154726304	0.4411671636724079	0.3592586616260575	0.4949779019302543	0.632046706664627	0.6909916574285769	0.6641680165803631	0.6834558908277818	0.5942547114258232	0.6456722779767431	0.6124277281004881	0.6030562185791434	0.61046205816958	0.6092885238824706	0.6510328149525034	0.6124361104882532	0.5011724864886388	0.6157806832065148	0.6104285286185196	0.6057176266945522	0.5718905008686249	0.5893803529404369	0.5349996123145659	0.5414624332814324	0.4428143028682436	0.6401063725007389	0.7290183595248025	0.6386059250907917	0.5540108677657375	0.676754171809611	0.6060277750418596	0.7282807094014765	0.7131546906794136	0.7488846185280108	0.7554438369541756	0.7151371253858518	0.6991351471423394
cg14270292	0.6583422570836416	0.6687909034327975	0.7528913998797128	0.8985018577466886	0.6965617540984638	0.8956308899371531	0.8524993136920018	0.7940992181327813	0.9696599474843408	0.9665123608785582	0.967015304144462	1.0	0.4767252525718213	0.6010821662604702	0.661347343097418	0.6205083499060126	0.7085820981535695	0.7172578694904137	0.4672657279789435	0.4884396394735023	0.4534808912992911	0.3658765567665777	0.5060426537801426	0.6729443765703881	0.733037714458152	0.7040765647298463	0.7066499577737217	0.6263131534333214	0.6737155562447742	0.6269041117707586	0.6088987428513949	0.6254371939118718	0.6105710292105259	0.6666533945527053	0.5935925027923831	0.4881127263506646	0.5996697339220565	0.5834665783721822	0.5873518151012908	0.6029975418647879	0.6429857226980392	0.6060990253378628	0.5954575840701104	0.4925176711212073	0.6734263638668794	0.7620617320946959	0.6736987914692439	0.5774438327629817	0.6900863595499497	0.6365815784455282	0.7538218449216353	0.7345423530619815	0.7745514898646454	0.7582142161105303	0.7407914231408388	0.7138168993128537
cg20680720	0.4731208258328426	0.5647780448499657	0.5663665073314459	0.4911178123644411	0.5053091948506993	0.4528480210230285	0.5249365558026031	0.5019143278058471	0.4768342236127673	0.4517289722563922	0.4388787718125447	0.4767252525718213	1.0	0.7703351488188168	0.833831736139198	0.7755573763964534	0.780754456810795	0.4808116666072915	0.5487634930248056	0.5626279623882261	0.5758511790876191	0.5847490837002374	0.571198953878007	0.5033225689503784	0.5398111028917142	0.5842251844649208	0.5798621516332035	0.5695015203555809	0.6082449166057198	0.335117384862665	0.3611279340976674	0.3787183748226602	0.3302639823466914	0.3119275091106078	0.2287993696444401	0.1969211489738909	0.2233633911787942	0.2244614839760179	0.2579365495158123	0.2985785565947388	0.4002653025727644	0.4189873656460411	0.4314100643138702	0.5535079244998334	0.5064617731683959	0.450580585132578	0.4302407212206433	0.4731417818022553	0.5280254656940303	0.5520368154470642	0.5715971172968477	0.572779033971722	0.5453518612044234	0.5305359908296677	0.5760439740062157	0.6330567843903175
cg02459604	0.5431221460589157	0.6375874649773361	0.6335639188501041	0.5716599852050857	0.625525208983405	0.6189366522000626	0.6562759984995526	0.6060990253378628	0.632667003359242	0.6140203817758508	0.603131660069029	0.6010821662604702	0.7703351488188168	1.0	0.8414597090054089	0.7921670777529334	0.8114507608064696	0.5061600072088535	0.5871171082438689	0.5796358271635467	0.5642499544207665	0.5492412891274144	0.619112682343129	0.474285977732187	0.5705032156935065	0.5617058997340688	0.6037351919881139	0.5760733123633933	0.5916142592798272	0.4125706478118825	0.4448051199624469	0.4278014463810089	0.4219086277821669	0.3750846097265036	0.3338139235651972	0.2697138043257312	0.2889681490220897	0.3003430492192854	0.3481268506740488	0.4057138546200579	0.4527767707270255	0.4099218132781214	0.4097248271656423	0.4883055212692612	0.4992613020782034	0.5256071468238085	0.4924506120190867	0.4931798797546475	0.5677831308637423	0.5855370281501537	0.6586691702064792	0.6919472496337945	0.6661672160623314	0.6971024181093106	0.64277197181003	0.6744280592048048
cg03060201	0.6474074322441119	0.6965701364862289	0.7240308388045877	0.6795832276803209	0.6008474594030483	0.6354709120666568	0.672198344059297	0.6567202650511013	0.6623616120169913	0.640131519664034	0.6445364644345766	0.661347343097418	0.833831736139198	0.8414597090054089	1.0	0.9176891433409264	0.9379870953140358	0.6317910438377925	0.6677221489927514	0.6806938940591923	0.669243552372111	0.620575409008133	0.6778732205762474	0.6415481431963302	0.6820518408771331	0.6707775293331183	0.7271574694409576	0.7218849475367307	0.7512442606838772	0.5099153169276034	0.5201292564193374	0.5423383928028819	0.4951581232672033	0.4751787020291665	0.426372249267065	0.3808516925088696	0.4034254627601945	0.3892550362433492	0.4517625018074523	0.5164451969965905	0.525602955629926	0.4913692839973931	0.5129329765230276	0.5607628811104988	0.6180774574541432	0.6035843090083426	0.6036136473655204	0.5983159782979981	0.6637027940594019	0.6495491323180864	0.7609175361647642	0.7421451787648972	0.752107646623679	0.7233434830078523	0.7669738113250252	0.7694927188484276
cg03443751	0.6376922448243995	0.6475247856728229	0.6838540542466225	0.625713812708119	0.5645433379925439	0.5856711463543948	0.6323442814302869	0.6117403723037527	0.6141461175923267	0.5822720881156602	0.576588829210945	0.6205083499060126	0.7755573763964534	0.7921670777529334	0.9176891433409264	1.0	0.9295795603856738	0.6422857933196561	0.6204748203549522	0.6404751975624017	0.647918757897781	0.6086640359939732	0.6247707940845489	0.6093974949234164	0.6596541007688745	0.6326041354510039	0.6776049841677652	0.6765236561460716	0.6880410569352734	0.4706438302482654	0.4764444425816916	0.484076606641785	0.4291132900662419	0.4541263351572012	0.4030105345658238	0.3405114513894856	0.3673644305948771	0.3565343856024108	0.4124826327403493	0.4943282668784616	0.5681058527926973	0.5130796683089162	0.5207747002772475	0.5977711230932687	0.6011534165564733	0.6128342739070938	0.583998859995264	0.5873099031624653	0.6504125182578884	0.6699392905566115	0.7266000406545807	0.6944200540244893	0.6956690298014842	0.6611922689237644	0.7245421644582568	0.7278406340438105
cg20154403	0.6455172038030894	0.6960378548631471	0.7237081168756326	0.7217885500774324	0.6293098570593326	0.6735604820711205	0.6947804966983872	0.663359116161034	0.7143743280992307	0.689679813743344	0.6832714782969505	0.7085820981535695	0.780754456810795	0.8114507608064696	0.9379870953140358	0.9295795603856738	1.0	0.6977059500283954	0.6458650728953397	0.6522440699845555	0.6446873474143477	0.5966436919388672	0.6543480493135873	0.6702703948733317	0.7097179116957362	0.723993118059645	0.7520531611032061	0.7023036897175347	0.7528662527164176	0.5416175074550862	0.541915082220746	0.5633278917666092	0.5148315873518151	0.5081424419152918	0.4723119254135137	0.3988444878465856	0.4395787011909278	0.428069682789491	0.4895670706279037	0.5476192970948739	0.6036262209471679	0.5348696853042074	0.5417348608837971	0.5677370277310344	0.6321514865116903	0.6846587634720688	0.612410963324958	0.6291925036306217	0.6970772709460153	0.6837283184301466	0.774752667171007	0.7673929307132783	0.7753603902839744	0.7364535374724168	0.808860602987064	0.7942668658880826
cg27390819	0.5375227110318511	0.557850001362138	0.6014426089343681	0.6830158154701159	0.5353097606618733	0.6546079033343043	0.6295194167534593	0.5686548991913092	0.7016498634718593	0.6805094815283608	0.6912808498064716	0.7172578694904137	0.4808116666072915	0.5061600072088535	0.6317910438377925	0.6422857933196561	0.6977059500283954	1.0	0.548436579901968	0.5500627631283911	0.5398697796060697	0.4714778778308895	0.5564878633503147	0.668614873289731	0.7358458143594494	0.6677808257071068	0.6696626717603643	0.5648241479826736	0.6622861705271056	0.6241127766449912	0.6051727714898228	0.6336896546665801	0.6115140478340958	0.6540253273846321	0.5646355442579597	0.5095716390292357	0.5795561944797786	0.5518188733651725	0.5771839787422647	0.618249296403327	0.6431240320961628	0.5770163309869634	0.5291612792361968	0.4684015415211101	0.5943888296300643	0.6863855353516727	0.6051224771632324	0.5253766311602692	0.6631998507934979	0.5487467282492755	0.6555132012129316	0.585130482343548	0.6316653080213165	0.5849460698127165	0.604648872254506	0.6195988608335027
cg17332326	0.5159632097000991	0.5493125394234174	0.4901789849347536	0.5122288559507618	0.4839257236620138	0.5103260539280917	0.5411480937402424	0.4927565691725116	0.5024214622656337	0.4678105831836728	0.4640259351077451	0.4672657279789435	0.5487634930248056	0.5871171082438689	0.6677221489927514	0.6204748203549522	0.6458650728953397	0.548436579901968	1.0	0.9418765232370268	0.9201870948949162	0.840487352024661	0.9223707069077162	0.4584223088867979	0.5263783264981946	0.516746962956133	0.5177444671001759	0.5210345542979645	0.5215081592066909	0.4208817852809463	0.4261710719607033	0.4354042720839245	0.4222355409050045	0.3870420858733714	0.3873438518329138	0.3151002428796854	0.3869624531896034	0.370105471394054	0.3723519513150919	0.4218750982311066	0.3610985957404896	0.3744643130318887	0.3853236963815328	0.4070885662135288	0.4997139510175171	0.4120970429031562	0.4815325519550871	0.4604047435932363	0.5064282436173356	0.44078995622298	0.5287212038785308	0.5478498127584134	0.5258795744261733	0.540226031086085	0.5490694501782306	0.5130293739823257
cg25361907	0.4970483517082259	0.5349954211206834	0.480769754668466	0.5020316812345581	0.4552705310871329	0.5087082530894339	0.5255191317522753	0.4770815040518367	0.5062605958620343	0.4756900276828356	0.4791226154726304	0.4884396394735023	0.5626279623882261	0.5796358271635467	0.6806938940591923	0.6404751975624017	0.6522440699845555	0.5500627631283911	0.9418765232370268	1.0	0.9626355065372147	0.8316900360652234	0.9430626311057836	0.4668801381417504	0.5138215096261246	0.5281679662860365	0.5142070994633177	0.5210890398184376	0.4890431713925871	0.4120802781276261	0.4139034474665281	0.4376214136477846	0.411074391595818	0.4002569201849993	0.4127843986998917	0.3491788403385646	0.4180108174714109	0.4027339157695765	0.4068161386111641	0.430944841792909	0.3701348097512317	0.383785528226643	0.376689836983514	0.400466479879126	0.4937037789899642	0.4197627365143098	0.4593443715409553	0.4343439000316435	0.5408882397195254	0.4621063683095448	0.5198610200108552	0.5462864974402284	0.5200663885110993	0.5301168714414145	0.5454021555310139	0.5120318698382829
cg24078985	0.4815954198633252	0.5036997763998065	0.4675968322956636	0.4776598888076263	0.4638499049646788	0.4753840705294107	0.5046302214417288	0.470727654125916	0.4704594177174339	0.4433843052362681	0.4411671636724079	0.4534808912992911	0.5758511790876191	0.5642499544207665	0.669243552372111	0.647918757897781	0.6446873474143477	0.5398697796060697	0.9201870948949162	0.9626355065372147	1.0	0.8648675268393579	0.909239696473739	0.4414940767952455	0.4812936539037828	0.5093914176922868	0.4679069806429711	0.480895490484942	0.4596629022760278	0.3663375880936564	0.3687475245761131	0.4000850812358155	0.3670836206047473	0.3586802768702679	0.39281335984962	0.3374979829879441	0.3804996322227368	0.3735673975410266	0.3761198346154895	0.4061748859471365	0.359694545789841	0.3680266392283174	0.3715765804468232	0.4294569679646096	0.4787705551864977	0.3947287354539378	0.449323226967818	0.4344989742052973	0.5355486587131778	0.4774503291134996	0.4962394512888969	0.5266842836516197	0.4983057098729859	0.4923919353047312	0.5316089364635964	0.4894203788420151
cg07482795	0.4647216732922457	0.4476844701597474	0.4186101581966131	0.3986936048668144	0.4424454778065806	0.3538310655481768	0.408748278991012	0.4461840227498004	0.385788918902494	0.353675991374523	0.3592586616260575	0.3658765567665777	0.5847490837002374	0.5492412891274144	0.620575409008133	0.6086640359939732	0.5966436919388672	0.4714778778308895	0.840487352024661	0.8316900360652234	0.8648675268393579	1.0	0.8164005607817414	0.3791374942109135	0.4456726970961313	0.4800530605145529	0.4447338696664438	0.4529192713190316	0.4655850592320475	0.2426722213956256	0.2529616023772452	0.279722375317221	0.2479195961365575	0.2093396564478374	0.2441349480606298	0.1966906333103516	0.213673350922377	0.2202451429301894	0.2188955785000136	0.2789428132550698	0.3762874823707908	0.3913925451234412	0.4133292539046211	0.5151123973419449	0.4301233677919324	0.3438308769444521	0.4793615135239348	0.5071365553834838	0.4539335402386046	0.4751325988964587	0.4474916752411509	0.467018447539874	0.4374789130557785	0.4443985741558411	0.498385342556754	0.4942821637457538
cg15139588	0.5327824707507057	0.5652516497586921	0.4992696844659686	0.4912519305686822	0.5135029788910521	0.4967926888813913	0.5242366264242201	0.5089932542734461	0.5379208744506917	0.5039847775838187	0.4949779019302543	0.5060426537801426	0.571198953878007	0.619112682343129	0.6778732205762474	0.6247707940845489	0.6543480493135873	0.5564878633503147	0.9223707069077162	0.9430626311057836	0.909239696473739	0.8164005607817414	1.0	0.4610879081960892	0.5185827058766825	0.5416678017816766	0.5122288559507618	0.4711635382896995	0.4934900281019551	0.3859817138210905	0.4013298658189279	0.4247586396222896	0.3929390956660959	0.3766479250446886	0.3690534817295381	0.3126944975911113	0.3728590857748784	0.3653945694700864	0.3544555534366742	0.3810319138458186	0.3770251324941167	0.3828760391541333	0.3753612285227509	0.3920254153997037	0.5091399460593348	0.4334469845407814	0.4570266413239144	0.4209907563218921	0.556726761401619	0.4997516717624599	0.5492370979335319	0.5835001079232425	0.542409643098885	0.5627285510414071	0.5590864035574854	0.5395386752893496
cg22862480	0.5323298218113921	0.5370239589598296	0.6189073138428848	0.6979993336001727	0.5320280558518498	0.6561125419381338	0.6330358284209049	0.5405864737599829	0.654440255579003	0.6374072436403873	0.632046706664627	0.6729443765703881	0.5033225689503784	0.474285977732187	0.6415481431963302	0.6093974949234164	0.6702703948733317	0.668614873289731	0.4584223088867979	0.4668801381417504	0.4414940767952455	0.3791374942109135	0.4610879081960892	1.0	0.8139948154931675	0.8345987246197017	0.8239908129030095	0.7818274024447236	0.7808131335251504	0.6220465180609023	0.6058517448987932	0.6372395958850858	0.6147999438380021	0.6302486844890203	0.6038190158657645	0.4947599598483627	0.571198953878007	0.5469109853287258	0.6063882177157575	0.6245905727476001	0.6378473189980532	0.6696249510154216	0.6573196057763034	0.574208231085666	0.6840384667774541	0.6770601289630358	0.6287817666301335	0.6289242672221396	0.6689082568615083	0.5865345322941967	0.6665695706750547	0.62018981917094	0.6901827570092479	0.5980100211445732	0.6928357827368917	0.6856143556772865
cg20299663	0.5990745843907367	0.6472355932949281	0.7256863603881886	0.7431091533578797	0.5775653773855752	0.7074001814786951	0.7319438128548108	0.6532457653224809	0.7080623901121355	0.6901492274581877	0.6909916574285769	0.733037714458152	0.5398111028917142	0.5705032156935065	0.6820518408771331	0.6596541007688745	0.7097179116957362	0.7358458143594494	0.5263783264981946	0.5138215096261246	0.4812936539037828	0.4456726970961313	0.5185827058766825	0.8139948154931675	1.0	0.8248625812305765	0.8497163609539996	0.8050927196866664	0.817465124027905	0.6193473892005508	0.6061199813072753	0.6176038525454168	0.5950845678145649	0.6155124467980327	0.5751554409031184	0.4978446785459072	0.5554023441347385	0.5408421365868175	0.5876703458363632	0.6086849919633858	0.6414182161859717	0.6467955179372621	0.640768581134179	0.5336751950476853	0.6616574914447255	0.685052735697027	0.6992734565404628	0.6454543358948513	0.6803502161608245	0.5938397832314525	0.6956355002504239	0.685429943146455	0.7075510644584664	0.6613221959341229	0.7069475325393816	0.680580731824364
cg12328063	0.5137251121668264	0.612339713028955	0.6658780236844367	0.7053339228946062	0.5602264082935345	0.6439329325154919	0.6646039007441465	0.5861279864875909	0.6857778122387053	0.6632124243751455	0.6641680165803631	0.7040765647298463	0.5842251844649208	0.5617058997340688	0.6707775293331183	0.6326041354510039	0.723993118059645	0.6677808257071068	0.516746962956133	0.5281679662860365	0.5093914176922868	0.4800530605145529	0.5416678017816766	0.8345987246197017	0.8248625812305765	1.0	0.8619085439582892	0.787913015962162	0.8267779568348943	0.5915388177899417	0.5829803998818084	0.6209861460086212	0.6059313775825613	0.6011324605870606	0.5144879094534474	0.405047454792735	0.4972788673717652	0.4789004821968562	0.5265753126106737	0.5568524972180952	0.6636524997328114	0.6791724906798327	0.6800903621401075	0.5892965290627862	0.6617455065162587	0.6788874894958205	0.5949923615491491	0.681289043590512	0.6652451534081741	0.60702108799202	0.657260929061948	0.7064613540490077	0.7375055271369326	0.66722339692073	0.7585369380394853	0.7383521483012044
cg26878816	0.5360725579484944	0.6356259862403105	0.6863981089333202	0.700053018602614	0.5590654475880728	0.6658654501027891	0.6988124252133843	0.5855328369562712	0.7046633318734009	0.6726593753863758	0.6834558908277818	0.7066499577737217	0.5798621516332035	0.6037351919881139	0.7271574694409576	0.6776049841677652	0.7520531611032061	0.6696626717603643	0.5177444671001759	0.5142070994633177	0.4679069806429711	0.4447338696664438	0.5122288559507618	0.8239908129030095	0.8497163609539996	0.8619085439582892	1.0	0.8937616174655434	0.9016787827096489	0.5667604795564041	0.5653270912485777	0.5739777154221266	0.5698996837744217	0.5461649528176349	0.4544742042494515	0.365092803510544	0.432830879040049	0.4262255574811763	0.4747721562225608	0.5288427485011242	0.6432162383615785	0.673321584019816	0.6668922926040098	0.5602096435180044	0.6081066072075962	0.6556557018049377	0.633492668554101	0.6565903380407426	0.6127630236110907	0.6134378058261786	0.6292679451205074	0.6422019694420055	0.6564394550609713	0.6179852511887275	0.6846336163087736	0.6503286943802377
cg12767281	0.5140939372284893	0.6215896779277061	0.6836822152974387	0.6701739974140334	0.481318801067078	0.6358355459344373	0.682035076101603	0.5535456452447762	0.6140622937146762	0.5884205695413368	0.5942547114258232	0.6263131534333214	0.5695015203555809	0.5760733123633933	0.7218849475367307	0.6765236561460716	0.7023036897175347	0.5648241479826736	0.5210345542979645	0.5210890398184376	0.480895490484942	0.4529192713190316	0.4711635382896995	0.7818274024447236	0.8050927196866664	0.787913015962162	0.8937616174655434	1.0	0.8618121464989911	0.5698829189988914	0.5702182145094942	0.5725778566653605	0.5536923370306649	0.5470786330840272	0.47091625785063	0.3825700820007083	0.4412342227745284	0.4281199771160814	0.490166411353106	0.5443962689992058	0.5803357565419298	0.6290877237835585	0.6514016400141663	0.5758469878937366	0.6274280110060753	0.6460201470689934	0.679843081701038	0.6610916802705835	0.5677789396698597	0.571781529827679	0.6263760213415593	0.6452531585884898	0.6559365117950674	0.6049129174691058	0.662399332761934	0.6313383948984788
cg16818993	0.580989582787605	0.6425749856975509	0.6928274003491265	0.6906521707240917	0.560725160365556	0.6353451762501807	0.6769427755343249	0.6393519576018827	0.6727138609068487	0.6487695702559354	0.6456722779767431	0.6737155562447742	0.6082449166057198	0.5916142592798272	0.7512442606838772	0.6880410569352734	0.7528662527164176	0.6622861705271056	0.5215081592066909	0.4890431713925871	0.4596629022760278	0.4655850592320475	0.4934900281019551	0.7808131335251504	0.817465124027905	0.8267779568348943	0.9016787827096489	0.8618121464989911	1.0	0.5485832716878567	0.5395470576771146	0.551194385476675	0.5516805639670489	0.5141358491673146	0.4515697068888558	0.3665429565939005	0.436846042779516	0.4135220488232176	0.4699271360943522	0.5262022963551284	0.5964886177652136	0.6192300357718398	0.632667003359242	0.589568956665151	0.5872051233154021	0.661644917863078	0.6844701597473548	0.7150449191204361	0.5843299643119841	0.5678166604148025	0.6903043016318414	0.6631956595996152	0.7117380671471173	0.6528937050363481	0.7108704900134329	0.7260090823171436
cg01588438	0.2925725757610684	0.5107954676429355	0.5723347674201735	0.6360492968224465	0.3200626164366051	0.6162584793091236	0.5709390998572899	0.4090500449505544	0.6050512268672293	0.6125576551108467	0.6124277281004881	0.6269041117707586	0.335117384862665	0.4125706478118825	0.5099153169276034	0.4706438302482654	0.5416175074550862	0.6241127766449912	0.4208817852809463	0.4120802781276261	0.3663375880936564	0.2426722213956256	0.3859817138210905	0.6220465180609023	0.6193473892005508	0.5915388177899417	0.5667604795564041	0.5698829189988914	0.5485832716878567	1.0	0.974194819265242	0.973503272274624	0.9565205546625986	0.93379171023762	0.6542642254359365	0.66724016169626	0.6833930229195438	0.6366821670987091	0.6795245509659655	0.7178949309605589	0.6104327198124022	0.5430760429262078	0.4936744406327865	0.3588898365643945	0.5138382744016547	0.6635686758551609	0.5284278203067535	0.4825635856501904	0.5543252073069275	0.3760360107378387	0.5759852972918601	0.5740950688508375	0.6206885712429614	0.5891163077258373	0.6031777632017369	0.5323759249441
cg09383816	0.2828029028208831	0.5243791270162262	0.5903149891762418	0.6159399485740511	0.3266595556077126	0.5953737601924597	0.5650546636462129	0.4121808667808068	0.5958641298767161	0.5996613515342913	0.6030562185791434	0.6088987428513949	0.3611279340976674	0.4448051199624469	0.5201292564193374	0.4764444425816916	0.541915082220746	0.6051727714898228	0.4261710719607033	0.4139034474665281	0.3687475245761131	0.2529616023772452	0.4013298658189279	0.6058517448987932	0.6061199813072753	0.5829803998818084	0.5653270912485777	0.5702182145094942	0.5395470576771146	0.974194819265242	1.0	0.9717429708439598	0.9360004694137152	0.9026050365576886	0.6269124941585236	0.6505089157171866	0.6427593982283824	0.6096489665563685	0.6489623651745319	0.6859496511878892	0.5876954929996585	0.5172792445792147	0.4645204959858841	0.3692923797808424	0.5211393341450279	0.6608863117703394	0.5381807284714087	0.4950659170017876	0.5363198383875639	0.3764425565444445	0.5822553233401301	0.5817481888803435	0.6091502144843469	0.5944265503750071	0.5892462347361959	0.5309341542485085
cg18065361	0.310271987527007	0.5545221934194066	0.6007217235865724	0.6268328614747555	0.3412029983801036	0.5987686272373117	0.5600168485994078	0.4192094989218154	0.6062331435421038	0.6119960351305872	0.61046205816958	0.6254371939118718	0.3787183748226602	0.4278014463810089	0.5423383928028819	0.484076606641785	0.5633278917666092	0.6336896546665801	0.4354042720839245	0.4376214136477846	0.4000850812358155	0.279722375317221	0.4247586396222896	0.6372395958850858	0.6176038525454168	0.6209861460086212	0.5739777154221266	0.5725778566653605	0.551194385476675	0.973503272274624	0.9717429708439598	1.0	0.9465958075487596	0.9149103817968068	0.6381993792841861	0.6579063729198581	0.6599935874733598	0.6202443046914129	0.6595828504728715	0.7082132730919066	0.6009354744745815	0.5584828716384006	0.5114451026947281	0.3798080852321188	0.5384615384615385	0.6560203356727181	0.5409594900155283	0.4858243344908013	0.5482018730445462	0.3830269221339045	0.5939277983029857	0.5939655190479284	0.6329687693187843	0.6027041582930106	0.6244690281250066	0.553260644060764
cg20912169	0.2611260480604203	0.4874463265233418	0.5466259841447135	0.621572913152176	0.3446272037821334	0.6098543350566126	0.5628123749190576	0.4129352816796628	0.6068282930734235	0.6057176266945522	0.6092885238824706	0.6105710292105259	0.3302639823466914	0.4219086277821669	0.4951581232672033	0.4291132900662419	0.5148315873518151	0.6115140478340958	0.4222355409050045	0.411074391595818	0.3670836206047473	0.2479195961365575	0.3929390956660959	0.6147999438380021	0.5950845678145649	0.6059313775825613	0.5698996837744217	0.5536923370306649	0.5516805639670489	0.9565205546625986	0.9360004694137152	0.9465958075487596	1.0	0.9224503395914844	0.6391088683566959	0.6392178393976417	0.6737197474386567	0.6239996144101628	0.6649852993874571	0.696524033353521	0.5855873224767442	0.534127843986999	0.4738417111806384	0.3425944747491047	0.4983518130056937	0.6503789887068282	0.5117845893992135	0.479378278299465	0.5451925958368872	0.3514001730963074	0.5483443736365522	0.5636128929506214	0.6160614931966446	0.6020377584656879	0.6060654957868025	0.51606379835328
cg25046651	0.287124023713775	0.476306133183568	0.5464457628077647	0.6615652851793098	0.3336043638710705	0.6312210414697679	0.5890241014604216	0.4247209188773468	0.6379101869062912	0.6446244795061097	0.6510328149525034	0.6666533945527053	0.3119275091106078	0.3750846097265036	0.4751787020291665	0.4541263351572012	0.5081424419152918	0.6540253273846321	0.3870420858733714	0.4002569201849993	0.3586802768702679	0.2093396564478374	0.3766479250446886	0.6302486844890203	0.6155124467980327	0.6011324605870606	0.5461649528176349	0.5470786330840272	0.5141358491673146	0.93379171023762	0.9026050365576886	0.9149103817968068	0.9224503395914844	1.0	0.709629896624203	0.6599893962794773	0.7332514653461613	0.6951451305661676	0.7150155807632583	0.7350578699095331	0.6250474128807962	0.5591366978840758	0.5067803039034684	0.3314123694705055	0.5494047456888332	0.6789126366591156	0.5113277492660172	0.4654760881911016	0.5927374992403461	0.4197082509938369	0.5400751481063139	0.5490317294332877	0.5918028630045412	0.5623261964286836	0.5806920080219451	0.5046050742784336
cg00188704	0.3536256970479326	0.3986139721830462	0.4831587351815102	0.6330316372270223	0.4038361997606828	0.5879888765714358	0.5407918422602271	0.4868008826654317	0.5824313534831965	0.604372253458259	0.6124361104882532	0.5935925027923831	0.2287993696444401	0.3338139235651972	0.426372249267065	0.4030105345658238	0.4723119254135137	0.5646355442579597	0.3873438518329138	0.4127843986998917	0.39281335984962	0.2441349480606298	0.3690534817295381	0.6038190158657645	0.5751554409031184	0.5144879094534474	0.4544742042494515	0.47091625785063	0.4515697068888558	0.6542642254359365	0.6269124941585236	0.6381993792841861	0.6391088683566959	0.709629896624203	1.0	0.8818334796758532	0.9258703537996318	0.9420735093495056	0.958230561766672	0.8155120276786444	0.5478246655951182	0.4529653744517394	0.4595329752656693	0.3217390939896185	0.5915472001777067	0.6420594688499993	0.4946090768685914	0.4535228032381164	0.552577479457911	0.4515571333072082	0.5169188019053167	0.5032303626849626	0.5568608796058602	0.5101793621422032	0.5323717337502175	0.5331890165573114
cg03763508	0.2324582819038917	0.3169653241574128	0.4010239086655029	0.5023669767451607	0.256268454350564	0.4842777839481466	0.4284049783000937	0.3572049766236161	0.4604885674708869	0.4972956321472953	0.5011724864886388	0.4881127263506646	0.1969211489738909	0.2697138043257312	0.3808516925088696	0.3405114513894856	0.3988444878465856	0.5095716390292357	0.3151002428796854	0.3491788403385646	0.3374979829879441	0.1966906333103516	0.3126944975911113	0.4947599598483627	0.4978446785459072	0.405047454792735	0.365092803510544	0.3825700820007083	0.3665429565939005	0.66724016169626	0.6505089157171866	0.6579063729198581	0.6392178393976417	0.6599893962794773	0.8818334796758532	1.0	0.8217443329819716	0.8312499607075574	0.8785056717331216	0.7907253070573419	0.4783975389309521	0.382528170061883	0.3768952054837581	0.2584730223327766	0.4817085820981535	0.5722886642874657	0.4674752876730702	0.3819288293366807	0.4552495751177202	0.3245430026970333	0.4668759469478679	0.4463600528928668	0.4843406518563846	0.4464983622909904	0.4751870844169316	0.4475210135983286
cg02803819	0.3488016328891367	0.3996701530414446	0.4521564740324106	0.6284171327623531	0.3588395422378042	0.5874272565911763	0.5324346016584555	0.4516702955420367	0.5829133407796879	0.6132743492647598	0.6157806832065148	0.5996697339220565	0.2233633911787942	0.2889681490220897	0.4034254627601945	0.3673644305948771	0.4395787011909278	0.5795561944797786	0.3869624531896034	0.4180108174714109	0.3804996322227368	0.213673350922377	0.3728590857748784	0.571198953878007	0.5554023441347385	0.4972788673717652	0.432830879040049	0.4412342227745284	0.436846042779516	0.6833930229195438	0.6427593982283824	0.6599935874733598	0.6737197474386567	0.7332514653461613	0.9258703537996318	0.8217443329819716	1.0	0.9572414400103942	0.9385654800698254	0.7756621562435169	0.5383441850328275	0.4269003396962642	0.4205548721581086	0.2873252010201366	0.5798789164087337	0.6293894897431007	0.4679111718368536	0.4287779945556392	0.5663497425559157	0.4133627834556813	0.5091776668042776	0.4811427709240116	0.523536697045837	0.5127779023493738	0.4945797385114138	0.5135281260543472
cg13661519	0.338441001611514	0.3798290412015315	0.4387488448021862	0.5986261266453056	0.3557799707035547	0.5549874159403677	0.5087208266710814	0.4528186826658508	0.5772426554566201	0.6043219591316685	0.6104285286185196	0.5834665783721822	0.2244614839760179	0.3003430492192854	0.3892550362433492	0.3565343856024108	0.428069682789491	0.5518188733651725	0.370105471394054	0.4027339157695765	0.3735673975410266	0.2202451429301894	0.3653945694700864	0.5469109853287258	0.5408421365868175	0.4789004821968562	0.4262255574811763	0.4281199771160814	0.4135220488232176	0.6366821670987091	0.6096489665563685	0.6202443046914129	0.6239996144101628	0.6951451305661676	0.9420735093495056	0.8312499607075574	0.9572414400103942	1.0	0.9345964194630662	0.7658757185278013	0.5270279615499873	0.4006299364405448	0.4036350224543212	0.2779453091110269	0.570696010612103	0.6063882177157575	0.4496920520294808	0.4227552489464387	0.5265417830596134	0.4266069561244869	0.490103543444868	0.4712264061979375	0.5112690725516618	0.5049906641156267	0.4896341297300243	0.5055271369325909
cg06786372	0.3217097556324407	0.4034422275357247	0.4699439008698823	0.6180187807397877	0.3514420850351327	0.587142255407164	0.5287337774601785	0.4463307145356891	0.5707253489692807	0.5973352389294854	0.6057176266945522	0.5873518151012908	0.2579365495158123	0.3481268506740488	0.4517625018074523	0.4124826327403493	0.4895670706279037	0.5771839787422647	0.3723519513150919	0.4068161386111641	0.3761198346154895	0.2188955785000136	0.3544555534366742	0.6063882177157575	0.5876703458363632	0.5265753126106737	0.4747721562225608	0.490166411353106	0.4699271360943522	0.6795245509659655	0.6489623651745319	0.6595828504728715	0.6649852993874571	0.7150155807632583	0.958230561766672	0.8785056717331216	0.9385654800698254	0.9345964194630662	1.0	0.8158557055770121	0.5385327887575416	0.438597961822415	0.4358233914721778	0.289387268410343	0.6157303888799244	0.6550228315286751	0.4971615139430542	0.4648683650781343	0.5608215578248542	0.4235096638452947	0.5429461159158492	0.5036033789405081	0.5732400652988007	0.5261897227734806	0.5446393582443927	0.538654333380135
cg04481096	0.3141739890316456	0.4446961489215011	0.50446676488031	0.6244941752883019	0.3535921674968723	0.5997870873507674	0.5415881690979085	0.4187568499825018	0.5548197681850664	0.5792041341936458	0.5718905008686249	0.6029975418647879	0.2985785565947388	0.4057138546200579	0.5164451969965905	0.4943282668784616	0.5476192970948739	0.618249296403327	0.4218750982311066	0.430944841792909	0.4061748859471365	0.2789428132550698	0.3810319138458186	0.6245905727476001	0.6086849919633858	0.5568524972180952	0.5288427485011242	0.5443962689992058	0.5262022963551284	0.7178949309605589	0.6859496511878892	0.7082132730919066	0.696524033353521	0.7350578699095331	0.8155120276786444	0.7907253070573419	0.7756621562435169	0.7658757185278013	0.8158557055770121	1.0	0.6338447288402338	0.5785670727235007	0.5383064642878848	0.3661657491444726	0.5638559821958085	0.6400686517557959	0.5452177430001823	0.4746757587632625	0.5299995180127035	0.4409073096516909	0.5547359443074158	0.5512069590583226	0.6146700168276434	0.5397943381161842	0.5685040162115379	0.5327615147812931
cg06744574	0.4638289489952661	0.4917213442835259	0.531881364065961	0.5922638943316199	0.4387027416694783	0.5351295393249245	0.5006737344166172	0.4486274887833174	0.5912789637692245	0.5914717586878211	0.5893803529404369	0.6429857226980392	0.4002653025727644	0.4527767707270255	0.525602955629926	0.5681058527926973	0.6036262209471679	0.6431240320961628	0.3610985957404896	0.3701348097512317	0.359694545789841	0.3762874823707908	0.3770251324941167	0.6378473189980532	0.6414182161859717	0.6636524997328114	0.6432162383615785	0.5803357565419298	0.5964886177652136	0.6104327198124022	0.5876954929996585	0.6009354744745815	0.5855873224767442	0.6250474128807962	0.5478246655951182	0.4783975389309521	0.5383441850328275	0.5270279615499873	0.5385327887575416	0.6338447288402338	1.0	0.8466274510625724	0.8157718816993615	0.699470442652942	0.6780324859437836	0.7076223147544695	0.5784581016825548	0.567246658046778	0.5872093145092846	0.6285512509665941	0.5574476467494149	0.5445094312340343	0.5808848029405417	0.5334237234147333	0.595541407947761	0.5363072648059164
cg11666087	0.4707150805442684	0.5119061340218068	0.5454734058270169	0.5702056409278465	0.4374370011169532	0.5176732168041728	0.4969016599223372	0.4716706727494861	0.5494215104643634	0.5382352139918817	0.5349996123145659	0.6060990253378628	0.4189873656460411	0.4099218132781214	0.4913692839973931	0.5130796683089162	0.5348696853042074	0.5770163309869634	0.3744643130318887	0.383785528226643	0.3680266392283174	0.3913925451234412	0.3828760391541333	0.6696249510154216	0.6467955179372621	0.6791724906798327	0.673321584019816	0.6290877237835585	0.6192300357718398	0.5430760429262078	0.5172792445792147	0.5584828716384006	0.534127843986999	0.5591366978840758	0.4529653744517394	0.382528170061883	0.4269003396962642	0.4006299364405448	0.438597961822415	0.5785670727235007	0.8466274510625724	1.0	0.932676852664866	0.6952666751887611	0.6321011921851001	0.6069163081449567	0.5415001540263753	0.4926308333560356	0.5663245953926206	0.5866225473657299	0.4734519301495628	0.4860129382155154	0.5089387687529732	0.4562428880678806	0.522153603064601	0.464700717322833
cg16573178	0.5439645760293049	0.6073312363393275	0.6265017571580352	0.5985339203798898	0.5108248060001133	0.5239432428524428	0.5161434310370481	0.542489275782653	0.5585122099955783	0.5549622687770726	0.5414624332814324	0.5954575840701104	0.4314100643138702	0.4097248271656423	0.5129329765230276	0.5207747002772475	0.5417348608837971	0.5291612792361968	0.3853236963815328	0.376689836983514	0.3715765804468232	0.4133292539046211	0.3753612285227509	0.6573196057763034	0.640768581134179	0.6800903621401075	0.6668922926040098	0.6514016400141663	0.632667003359242	0.4936744406327865	0.4645204959858841	0.5114451026947281	0.4738417111806384	0.5067803039034684	0.4595329752656693	0.3768952054837581	0.4205548721581086	0.4036350224543212	0.4358233914721778	0.5383064642878848	0.8157718816993615	0.932676852664866	1.0	0.7372121435651552	0.6488450117458209	0.5867608567638535	0.5590780211697204	0.50383808579793	0.5382980819001196	0.620495776324365	0.5026645515108207	0.4933601010915964	0.5156069582200837	0.4672196248462356	0.5444549457135612	0.5100955382645523
cg03603214	0.5518021085896424	0.5132808456152779	0.5787472940604497	0.4866709556550732	0.5145214390045076	0.3914805601949744	0.439415244629509	0.5087501650282591	0.4433256285219126	0.4347336810627191	0.4428143028682436	0.4925176711212073	0.5535079244998334	0.4883055212692612	0.5607628811104988	0.5977711230932687	0.5677370277310344	0.4684015415211101	0.4070885662135288	0.400466479879126	0.4294569679646096	0.5151123973419449	0.3920254153997037	0.574208231085666	0.5336751950476853	0.5892965290627862	0.5602096435180044	0.5758469878937366	0.589568956665151	0.3588898365643945	0.3692923797808424	0.3798080852321188	0.3425944747491047	0.3314123694705055	0.3217390939896185	0.2584730223327766	0.2873252010201366	0.2779453091110269	0.289387268410343	0.3661657491444726	0.699470442652942	0.6952666751887611	0.7372121435651552	1.0	0.5676615862411488	0.5192868264489481	0.5162607844657591	0.5068641277811191	0.4975512949741298	0.5926075722299876	0.5227822821469811	0.5251167771395522	0.5154854135974903	0.4723831757095168	0.544664505407688	0.5886720411742887
cg03008707	0.5440525911008381	0.5571039688510471	0.6126037582435545	0.7038460490663069	0.5852897477110843	0.669909952199434	0.661095871464466	0.6144269275824567	0.6524955416175074	0.645295070527315	0.6401063725007389	0.6734263638668794	0.5064617731683959	0.4992613020782034	0.6180774574541432	0.6011534165564733	0.6321514865116903	0.5943888296300643	0.4997139510175171	0.4937037789899642	0.4787705551864977	0.4301233677919324	0.5091399460593348	0.6840384667774541	0.6616574914447255	0.6617455065162587	0.6081066072075962	0.6274280110060753	0.5872051233154021	0.5138382744016547	0.5211393341450279	0.5384615384615385	0.4983518130056937	0.5494047456888332	0.5915472001777067	0.4817085820981535	0.5798789164087337	0.570696010612103	0.6157303888799244	0.5638559821958085	0.6780324859437836	0.6321011921851001	0.6488450117458209	0.5676615862411488	1.0	0.7548151578717957	0.7006062561951085	0.6700021584648497	0.6681622243504174	0.6803334513852943	0.6881206896190415	0.6575459302459602	0.6873034068119475	0.6436311665559493	0.6907485681833899	0.6303534643360835
cg13265789	0.4910214149051428	0.5442034740806093	0.6601277056776008	0.7579250237326354	0.582309808860603	0.7386581054546293	0.7297560096481285	0.6392387953670543	0.7467261536785061	0.7531177243493696	0.7290183595248025	0.7620617320946959	0.450580585132578	0.5256071468238085	0.6035843090083426	0.6128342739070938	0.6846587634720688	0.6863855353516727	0.4120970429031562	0.4197627365143098	0.3947287354539378	0.3438308769444521	0.4334469845407814	0.6770601289630358	0.685052735697027	0.6788874894958205	0.6556557018049377	0.6460201470689934	0.661644917863078	0.6635686758551609	0.6608863117703394	0.6560203356727181	0.6503789887068282	0.6789126366591156	0.6420594688499993	0.5722886642874657	0.6293894897431007	0.6063882177157575	0.6550228315286751	0.6400686517557959	0.7076223147544695	0.6069163081449567	0.5867608567638535	0.5192868264489481	0.7548151578717957	1.0	0.7381174414437826	0.752036396327676	0.6543312845380571	0.6128929506214493	0.7241733393965939	0.6558862174684771	0.7093574690218382	0.6785647675668653	0.7150784486714963	0.6505047245233041
cg12584684	0.549999895220153	0.599359585574749	0.698204702100417	0.7243326047641301	0.5248736878943652	0.6733467311831113	0.691197025928821	0.633601639595047	0.6467075028657289	0.6332873000538569	0.6386059250907917	0.6736987914692439	0.4302407212206433	0.4924506120190867	0.6036136473655204	0.583998859995264	0.612410963324958	0.6051224771632324	0.4815325519550871	0.4593443715409553	0.449323226967818	0.4793615135239348	0.4570266413239144	0.6287817666301335	0.6992734565404628	0.5949923615491491	0.633492668554101	0.679843081701038	0.6844701597473548	0.5284278203067535	0.5381807284714087	0.5409594900155283	0.5117845893992135	0.5113277492660172	0.4946090768685914	0.4674752876730702	0.4679111718368536	0.4496920520294808	0.4971615139430542	0.5452177430001823	0.5784581016825548	0.5415001540263753	0.5590780211697204	0.5162607844657591	0.7006062561951085	0.7381174414437826	1.0	0.784840870846265	0.572322193838526	0.5994853213912249	0.7417386329582913	0.6231026989193007	0.6823242684794978	0.617566131800474	0.6803837457118849	0.632683768134772
cg15701178	0.4964573933707887	0.4936409110817262	0.5724605032366495	0.6412924803694956	0.4952796678897968	0.6027083494868931	0.612607949437437	0.5776450100693433	0.5764044166801134	0.5697529919885329	0.5540108677657375	0.5774438327629817	0.4731417818022553	0.4931798797546475	0.5983159782979981	0.5873099031624653	0.6291925036306217	0.5253766311602692	0.4604047435932363	0.4343439000316435	0.4344989742052973	0.5071365553834838	0.4209907563218921	0.6289242672221396	0.6454543358948513	0.681289043590512	0.6565903380407426	0.6610916802705835	0.7150449191204361	0.4825635856501904	0.4950659170017876	0.4858243344908013	0.479378278299465	0.4654760881911016	0.4535228032381164	0.3819288293366807	0.4287779945556392	0.4227552489464387	0.4648683650781343	0.4746757587632625	0.567246658046778	0.4926308333560356	0.50383808579793	0.5068641277811191	0.6700021584648497	0.752036396327676	0.784840870846265	1.0	0.5001498351813006	0.5886301292354634	0.6314138363883645	0.5821086315542415	0.6148879589095353	0.5737639645341174	0.6813728674681626	0.6472397844888105
cg11089595	0.5161518134248131	0.477680844777039	0.5531055698871102	0.687865026792207	0.5273381098972949	0.6272268336997137	0.649741927236683	0.6246282934925429	0.6837199360423813	0.6521225253619621	0.676754171809611	0.6900863595499497	0.5280254656940303	0.5677831308637423	0.6637027940594019	0.6504125182578884	0.6970772709460153	0.6631998507934979	0.5064282436173356	0.5408882397195254	0.5355486587131778	0.4539335402386046	0.556726761401619	0.6689082568615083	0.6803502161608245	0.6652451534081741	0.6127630236110907	0.5677789396698597	0.5843299643119841	0.5543252073069275	0.5363198383875639	0.5482018730445462	0.5451925958368872	0.5927374992403461	0.552577479457911	0.4552495751177202	0.5663497425559157	0.5265417830596134	0.5608215578248542	0.5299995180127035	0.5872093145092846	0.5663245953926206	0.5382980819001196	0.4975512949741298	0.6681622243504174	0.6543312845380571	0.572322193838526	0.5001498351813006	1.0	0.7841786622128248	0.6576884308379664	0.6437904319234855	0.6613180047402403	0.6332705352783268	0.6631286004974947	0.6594068203298051
cg06955749	0.6049799765712263	0.5758469878937366	0.6017192277306153	0.6529523817507037	0.6102147777305105	0.5616975173463037	0.6216022515093538	0.6209232781003833	0.6303576555299659	0.6108518392006556	0.6060277750418596	0.6365815784455282	0.5520368154470642	0.5855370281501537	0.6495491323180864	0.6699392905566115	0.6837283184301466	0.5487467282492755	0.44078995622298	0.4621063683095448	0.4774503291134996	0.4751325988964587	0.4997516717624599	0.5865345322941967	0.5938397832314525	0.60702108799202	0.6134378058261786	0.571781529827679	0.5678166604148025	0.3760360107378387	0.3764425565444445	0.3830269221339045	0.3514001730963074	0.4197082509938369	0.4515571333072082	0.3245430026970333	0.4133627834556813	0.4266069561244869	0.4235096638452947	0.4409073096516909	0.6285512509665941	0.5866225473657299	0.620495776324365	0.5926075722299876	0.6803334513852943	0.6128929506214493	0.5994853213912249	0.5886301292354634	0.7841786622128248	1.0	0.6193641539760809	0.6124947872026086	0.5744555115247354	0.560544939028607	0.6191336383125415	0.6359026050365578
cg27034576	0.6259610931471885	0.6996632375715385	0.7232596591302015	0.7056608360174439	0.6599223371773567	0.6965366069351686	0.731072044527244	0.7239637797024672	0.7365666997072452	0.7150113895693757	0.7282807094014765	0.7538218449216353	0.5715971172968477	0.6586691702064792	0.7609175361647642	0.7266000406545807	0.774752667171007	0.6555132012129316	0.5287212038785308	0.5198610200108552	0.4962394512888969	0.4474916752411509	0.5492370979335319	0.6665695706750547	0.6956355002504239	0.657260929061948	0.6292679451205074	0.6263760213415593	0.6903043016318414	0.5759852972918601	0.5822553233401301	0.5939277983029857	0.5483443736365522	0.5400751481063139	0.5169188019053167	0.4668759469478679	0.5091776668042776	0.490103543444868	0.5429461159158492	0.5547359443074158	0.5574476467494149	0.4734519301495628	0.5026645515108207	0.5227822821469811	0.6881206896190415	0.7241733393965939	0.7417386329582913	0.6314138363883645	0.6576884308379664	0.6193641539760809	1.0	0.84066757336161	0.8857983490887297	0.8325115100662001	0.855776827308143	0.8713261566123419
cg06298519	0.5589606677410095	0.6342554658407221	0.702488102248366	0.7049692890268258	0.6272980839957166	0.6695495095255359	0.7270233512367166	0.6615652851793098	0.7162477917647232	0.7072409161111589	0.7131546906794136	0.7345423530619815	0.572779033971722	0.6919472496337945	0.7421451787648972	0.6944200540244893	0.7673929307132783	0.585130482343548	0.5478498127584134	0.5462864974402284	0.5266842836516197	0.467018447539874	0.5835001079232425	0.62018981917094	0.685429943146455	0.7064613540490077	0.6422019694420055	0.6452531585884898	0.6631956595996152	0.5740950688508375	0.5817481888803435	0.5939655190479284	0.5636128929506214	0.5490317294332877	0.5032303626849626	0.4463600528928668	0.4811427709240116	0.4712264061979375	0.5036033789405081	0.5512069590583226	0.5445094312340343	0.4860129382155154	0.4933601010915964	0.5251167771395522	0.6575459302459602	0.6558862174684771	0.6231026989193007	0.5821086315542415	0.6437904319234855	0.6124947872026086	0.84066757336161	1.0	0.9261134430448188	0.8994071556253157	0.8824579675643506	0.8476207640127329
cg19485539	0.5803818596746377	0.6137060422346609	0.6795958012619685	0.7365457437378324	0.6267741847603999	0.7144832991401767	0.7242906928253049	0.6917418811335504	0.749530062385921	0.7435659934910759	0.7488846185280108	0.7745514898646454	0.5453518612044234	0.6661672160623314	0.752107646623679	0.6956690298014842	0.7753603902839744	0.6316653080213165	0.5258795744261733	0.5200663885110993	0.4983057098729859	0.4374789130557785	0.542409643098885	0.6901827570092479	0.7075510644584664	0.7375055271369326	0.6564394550609713	0.6559365117950674	0.7117380671471173	0.6206885712429614	0.6091502144843469	0.6329687693187843	0.6160614931966446	0.5918028630045412	0.5568608796058602	0.4843406518563846	0.523536697045837	0.5112690725516618	0.5732400652988007	0.6146700168276434	0.5808848029405417	0.5089387687529732	0.5156069582200837	0.5154854135974903	0.6873034068119475	0.7093574690218382	0.6823242684794978	0.6148879589095353	0.6613180047402403	0.5744555115247354	0.8857983490887297	0.9261134430448188	1.0	0.8994197292069633	0.9194536359654732	0.8639454641852005
cg18044663	0.5741914663101358	0.6030981305179688	0.6658780236844367	0.7016372898902117	0.6087646246471539	0.7041226678625541	0.7298063039747188	0.675253724399664	0.7574765659872044	0.761755774941271	0.7554438369541756	0.7582142161105303	0.5305359908296677	0.6971024181093106	0.7233434830078523	0.6611922689237644	0.7364535374724168	0.5849460698127165	0.540226031086085	0.5301168714414145	0.4923919353047312	0.4443985741558411	0.5627285510414071	0.5980100211445732	0.6613221959341229	0.66722339692073	0.6179852511887275	0.6049129174691058	0.6528937050363481	0.5891163077258373	0.5944265503750071	0.6027041582930106	0.6020377584656879	0.5623261964286836	0.5101793621422032	0.4464983622909904	0.5127779023493738	0.5049906641156267	0.5261897227734806	0.5397943381161842	0.5334237234147333	0.4562428880678806	0.4672196248462356	0.4723831757095168	0.6436311665559493	0.6785647675668653	0.617566131800474	0.5737639645341174	0.6332705352783268	0.560544939028607	0.8325115100662001	0.8994071556253157	0.8994197292069633	1.0	0.8780697875693381	0.8567533754827733
cg19236679	0.5601090548648237	0.6357391484751389	0.6953169695153514	0.7290728450452756	0.6182576787910921	0.6838372894710923	0.706046425854637	0.677651087300473	0.728574092973254	0.7149527128550204	0.7151371253858518	0.7407914231408388	0.5760439740062157	0.64277197181003	0.7669738113250252	0.7245421644582568	0.808860602987064	0.604648872254506	0.5490694501782306	0.5454021555310139	0.5316089364635964	0.498385342556754	0.5590864035574854	0.6928357827368917	0.7069475325393816	0.7585369380394853	0.6846336163087736	0.662399332761934	0.7108704900134329	0.6031777632017369	0.5892462347361959	0.6244690281250066	0.6060654957868025	0.5806920080219451	0.5323717337502175	0.4751870844169316	0.4945797385114138	0.4896341297300243	0.5446393582443927	0.5685040162115379	0.595541407947761	0.522153603064601	0.5444549457135612	0.544664505407688	0.6907485681833899	0.7150784486714963	0.6803837457118849	0.6813728674681626	0.6631286004974947	0.6191336383125415	0.855776827308143	0.8824579675643506	0.9194536359654732	0.8780697875693381	1.0	0.8576838205246957
cg18672939	0.6305672152240928	0.6429815315041566	0.6914736447250682	0.7052375254353079	0.6446370530877573	0.649473690828201	0.6916580572558997	0.707463049386933	0.7007613303687622	0.6935189473397446	0.6991351471423394	0.7138168993128537	0.6330567843903175	0.6744280592048048	0.7694927188484276	0.7278406340438105	0.7942668658880826	0.6195988608335027	0.5130293739823257	0.5120318698382829	0.4894203788420151	0.4942821637457538	0.5395386752893496	0.6856143556772865	0.680580731824364	0.7383521483012044	0.6503286943802377	0.6313383948984788	0.7260090823171436	0.5323759249441	0.5309341542485085	0.553260644060764	0.51606379835328	0.5046050742784336	0.5331890165573114	0.4475210135983286	0.5135281260543472	0.5055271369325909	0.538654333380135	0.5327615147812931	0.5363072648059164	0.464700717322833	0.5100955382645523	0.5886720411742887	0.6303534643360835	0.6505047245233041	0.632683768134772	0.6472397844888105	0.6594068203298051	0.6359026050365578	0.8713261566123419	0.8476207640127329	0.8639454641852005	0.8567533754827733	0.8576838205246957	1.0
