cohort	metric	estimate	ci_low	ci_high	bootstrap	background_genes	background_unique_probes
ASAN	raw_balanced_median	0.6713285112616739	0.6066291516975739	0.7370810358869861	500	151	965
ASAN	background_adjusted_balanced_median	0.08767955686072759	0.02758999319538686	0.14596406647471083	500	151	965
ASAN	adjusted_minus_raw	-0.5836489544009463	-0.6639315395377806	-0.5064358627737414	500	151	965
ASAN	median_probe_background_correlation	0.8260534929500092	0.7825944902481923	0.8558976567609451	500	151	965
ASAN	mean_rank_panel_background_correlation	0.9574153048548651	0.9335653369395167	0.970273511566127	500	151	965
SNUH	raw_balanced_median	0.5674541221439633	0.48172936446590975	0.6365514872345057	500	151	965
SNUH	background_adjusted_balanced_median	0.12391177079874098	0.05693202304629036	0.18144745268113102	500	151	965
SNUH	adjusted_minus_raw	-0.4435423513452223	-0.5306802299424094	-0.3538843316227845	500	151	965
SNUH	median_probe_background_correlation	0.7410869023095574	0.676927823683888	0.7893091567634786	500	151	965
SNUH	mean_rank_panel_background_correlation	0.9248015993595856	0.8849463794983992	0.9488931350064267	500	151	965
