cohort	measurement	pairs	balanced_median_spearman	min_gene_pair_median	max_gene_pair_median	median_ratio
ASAN	delta	128	0.6713285112616739	0.38832173594579755	0.8004686641640728	
ASAN	tumor	128	0.6535433070866141	0.3916664759201613	0.7940996383446255	
ASAN	adjacent	128	0.34564697399743644	0.03803389946896173	0.656873741073064	
ASAN	adjacent_variance_divided_by_delta_variance	128				0.05589099560405049
SNUH	delta	142	0.5674541221439633	0.372605518544985	0.70330538505546	
SNUH	tumor	142	0.5808072658537147	0.40240700264673884	0.7406174885947137	
SNUH	adjacent	142	0.3930313019315117	0.13890664325186353	0.6553560314423363	
SNUH	adjacent_variance_divided_by_delta_variance	142				0.04717451438035135
CMCBSN	delta	103	0.6606170100601851	0.30273360277643535	0.8310361112331413	
CMCBSN	tumor	103	0.6587828932917452	0.32913609805385924	0.8374225717172603	
CMCBSN	adjacent	103	0.4611101348679874	0.25913763563677894	0.6768110530246452	
CMCBSN	adjacent_variance_divided_by_delta_variance	103				0.07608765174627423
