cohort	term	balanced_median_normalized_covariance	identity_max_error
ASAN	tumor_covariance	0.6573290345400677	1.1102230246251565e-15
ASAN	adjacent_covariance	0.02969711716431504	1.1102230246251565e-15
ASAN	negative_cross_tumor_adjacent	0.004851657677919025	1.1102230246251565e-15
ASAN	negative_cross_adjacent_tumor	0.006458549600479849	1.1102230246251565e-15
ASAN	delta_correlation	0.6809678800979295	1.1102230246251565e-15
SNUH	tumor_covariance	0.5275280564008571	7.771561172376096e-16
SNUH	adjacent_covariance	0.02143689305531617	7.771561172376096e-16
SNUH	negative_cross_tumor_adjacent	0.003982936220407792	7.771561172376096e-16
SNUH	negative_cross_adjacent_tumor	0.0015600729372429584	7.771561172376096e-16
SNUH	delta_correlation	0.5649005392311736	7.771561172376096e-16
CMCBSN	tumor_covariance	0.6771856195334159	1.1102230246251565e-15
CMCBSN	adjacent_covariance	0.03705931855155647	1.1102230246251565e-15
CMCBSN	negative_cross_tumor_adjacent	-0.019869210899610815	1.1102230246251565e-15
CMCBSN	negative_cross_adjacent_tumor	-0.02022953255776482	1.1102230246251565e-15
CMCBSN	delta_correlation	0.6926070820661548	1.1102230246251565e-15
