raw_balanced_median	background_adjusted_balanced_median	adjusted_minus_raw	median_probe_background_correlation	mean_rank_panel_background_correlation
0.5777248661722972	0.09155589245980358	-0.4861689737124937	0.7751380196434337	0.938634181921837
0.5276013053949196	0.10907893652804779	-0.4185223688668718	0.7135006088908544	0.8905924790975422
0.6156728931218349	0.18024477932640687	-0.43542811379542806	0.7547180488949996	0.9212750259901407
0.5214325244428045	0.021734090521780942	-0.4996984339210236	0.7214442636971942	0.9544978114675745
0.6498275074299655	0.12692223446551565	-0.5229052729644499	0.7968360293593673	0.9445969793889196
0.6053610615648063	0.14291564662930395	-0.46244541493550234	0.7731913386305378	0.9277562475503399
0.5665587954191051	0.07746762069665242	-0.4890911747224527	0.7263577524774059	0.9224500746156038
0.5695346887444979	0.08319970304433325	-0.48633498570016465	0.7495891846573046	0.9303542234332423
0.5632495902275023	0.09211322144378416	-0.4711363687837182	0.7289171525946669	0.9139708317438492
0.5617319015408608	0.09449165814239147	-0.46724024339846937	0.735779370366256	0.9360514472688551
0.597155355088062	0.16420671234307127	-0.4329486427449907	0.7570209617549102	0.9046712791889451
0.5216649514679097	0.13590795540234038	-0.38575699606556935	0.683716650562662	0.8861261729549138
0.6085508458412192	0.08807574804501758	-0.5204750977962016	0.7843655090452923	0.9393794579322111
0.6171172493009646	0.11088037764584341	-0.5062368716551211	0.7919389795550488	0.9486926885299505
0.5029638510780117	0.15615846895622315	-0.3468053821217885	0.6917091820693299	0.9007172771137875
0.5709593853092945	0.15898024032554942	-0.41197914498374505	0.7181535804559878	0.9031308816686857
0.5497394708932607	0.12888676958100367	-0.42085270131225705	0.7113974672295045	0.9081545820006456
0.580445243664227	0.08034765201723418	-0.5000975916469929	0.7543090800868522	0.9291391061593017
0.5449981869515005	0.07864226161344894	-0.46635592533805154	0.7503379815844575	0.9295195735877612
0.5388186715294808	0.09576891610287284	-0.44304975542660796	0.7267957827663545	0.9302144249512672
0.5604343314712139	0.09533911546205834	-0.4650952160091556	0.7421827671861734	0.9349215499261092
0.5175727622185614	0.08774282286206031	-0.4298299393565011	0.7131431014751564	0.9137866889964492
0.6258331586669462	0.13553261811734996	-0.49030054054959626	0.7737350660238945	0.9439530496751203
0.5667013889616637	0.10674312739893936	-0.4599582615627243	0.7441455905130585	0.9294809051829835
0.5576361597551902	0.10242814279434165	-0.45520801696084856	0.7231909118537849	0.9353643327988599
0.5993301208758732	0.0772433920676774	-0.5220867288081958	0.7737900360720267	0.94107327379318
0.6041748323716141	0.08863899906294732	-0.5155358333086667	0.7746852317243664	0.9442553954129238
0.5685958451151489	0.1116357174701186	-0.45696012764503036	0.7669328012039984	0.9235217795030993
0.540893751703033	0.07677077668317749	-0.4641229750198555	0.7503070699448742	0.9407239724161062
0.5845182303674578	0.1439534480043544	-0.44056478236310337	0.7522929434351393	0.9044055462622336
0.6437418124272942	0.12624890327309118	-0.5174929091542031	0.7865938649535209	0.9482954128632664
0.5093536006908563	0.11411848943902572	-0.39523511125183064	0.6723001368717365	0.9004378637948055
0.5401618968169793	0.12037103461962986	-0.4197908621973495	0.7027231530893284	0.8939915404511481
0.5404930684519195	0.10986654916566832	-0.4306265192862512	0.7206651100202476	0.9185904664489598
0.5938198867768716	0.10726027485343134	-0.4865596119234402	0.7485302162389884	0.9179603907686051
0.5110686758882924	0.07147843895362581	-0.4395902369346666	0.6903118429906072	0.9223798753634187
0.5260334900450012	0.10440986631844336	-0.4216236237265579	0.7282984382630786	0.9196515593265102
0.564037968608202	0.08594571805488797	-0.478092250553314	0.7387866225418178	0.9223525614558684
0.5411835232369983	0.10871273895758739	-0.4324707842794109	0.7332335605469895	0.9151050967963712
0.5442092885305072	0.12466416081034491	-0.4195451277201623	0.7448787737144271	0.9195318215069496
0.5209018919020889	0.16799759979591633	-0.3529042921061726	0.7028418356438879	0.8814259902826742
0.4794129483374416	0.041008585753275505	-0.4384043625841661	0.6631893790767478	0.9230385498935224
0.5268045774647887	0.14282157255596267	-0.38398300490882603	0.6959507042253522	0.9068158953722335
0.6518910398832931	0.13518218239364901	-0.5167088574896441	0.7972864772412867	0.9476956226472043
0.5534985893292083	0.1118293556292427	-0.4416692336999656	0.723669923995657	0.9291688151623007
0.5633084251234055	0.08196281497125105	-0.4813456101521545	0.7608832807570979	0.9350304453084879
0.5473180731124017	0.09177737934233965	-0.455540693770062	0.7471604544949602	0.9442214541575054
0.5482278080403085	0.08398218096660694	-0.46424562707370154	0.7348659983526193	0.9277416001391681
0.5341137509301082	0.10281651807963736	-0.4312972328504708	0.7288988566218468	0.9151112461878663
0.5259628787323013	0.16197288040472094	-0.3639899983275804	0.6948531184170537	0.8930085833761279
0.590642711023173	0.11065990769268022	-0.4799828033304928	0.7412828230322948	0.906428617857748
0.4609199955565896	0.123552169306394	-0.33736782625019557	0.6898771983877965	0.9003879600344573
0.6359577692399594	0.07048501360196935	-0.56547275563799	0.7983789324094044	0.9562400503933834
0.5556745608390642	0.11542888541226133	-0.4402456754268029	0.7323093755436457	0.9319350328964604
0.5455743958416299	0.1661121629691499	-0.37946223287248004	0.73508834440695	0.9074331992975151
0.5952366480053489	0.10531451643152163	-0.4899221315738273	0.7788770092705737	0.9409684741805192
0.569766150144309	0.11282445028502638	-0.45694169985928257	0.740841037851524	0.9254665154757586
0.5343393695506371	0.08287858853324043	-0.4514607810173967	0.7566021126760564	0.9325452716297787
0.5828849994865206	0.13351336920789358	-0.44937163027862703	0.7745259747200488	0.9317478997102434
0.5475270746394414	0.12862838334363727	-0.41889869129580415	0.7107588025327651	0.9207766811218449
0.5451064311404354	0.12958157606825535	-0.41552485507218007	0.7210510651497749	0.9153245751557272
0.5710258533058068	0.07001821677417405	-0.5010076365316327	0.7591167747817612	0.9279516254622872
0.5513268456474305	0.11376261860517282	-0.43756422704225767	0.7458861601856179	0.9252958967447691
0.5848178634085608	0.16424246835493492	-0.42057539505362584	0.7413008528842748	0.9148750647156596
0.5433330468846611	0.0991167799318433	-0.4442162669528178	0.761883602630018	0.92926115106255
0.5488845666954503	0.12084043767190497	-0.4280441290235453	0.7404071059095749	0.9245982176541109
0.5093386543366946	0.09791984537295034	-0.4114188089637442	0.6833660656084746	0.9088582549260851
0.46499042125517187	0.13735305192008868	-0.3276373693350832	0.6313042603406429	0.8834914420098177
0.5306063419736033	0.1416262695852505	-0.38898007238835286	0.6986273519357292	0.9051323916857227
0.5991364855801476	0.10642491389979505	-0.4927115716803526	0.7353957075788062	0.927017901287825
0.574253316845172	0.13799938553061258	-0.4362539313145594	0.7399090356521556	0.9225377795476937
0.5078648482676376	0.12359525513492556	-0.38426959313271203	0.7261796224453652	0.9029358288494813
0.6012806539509536	0.11261461374003187	-0.48866604021092175	0.745977782435548	0.939819744288409
0.6108854402468267	0.16928126867678944	-0.44160417157003723	0.738375505139427	0.9213407783758405
0.5709492031287988	0.09288279259830265	-0.47806641053049614	0.729604540614861	0.9313164932636925
0.5076652525320275	0.16823913792345094	-0.33942611460857663	0.6689373868133341	0.8641843852706421
0.5798192865781194	0.20772999506801826	-0.37208929151010117	0.7519309004860524	0.8966094714309952
0.5455303825830696	0.05649357950774431	-0.4890368030753253	0.7222589022404156	0.9471220857725545
0.49760523850147664	0.17750075173545632	-0.3201044867660203	0.6814768080187307	0.8844980852388369
0.5766250479450189	0.09125259392961155	-0.48537245401540735	0.7520063549419524	0.9411161809984723
0.5589795503465564	0.16686804214978174	-0.3921115081967747	0.7356866049215821	0.9035007744334271
0.6077493512863185	0.11991894507487741	-0.487830406211441	0.7569975141375566	0.9286897031637105
0.5677298602436305	0.12059630855508555	-0.44713355168854496	0.7515991918107967	0.9297948507281247
0.5931698953938502	0.16310031486559218	-0.43006958052825806	0.7692754279294858	0.9181259339834803
0.5792474105372585	0.13859515547018125	-0.4406522550670772	0.7369814262899108	0.9140855874548863
0.5313705805050731	0.07534782649900541	-0.45602275400606773	0.7230544161938636	0.9387658005654772
0.5910078871196609	0.18123007443936068	-0.4097778126803002	0.7208131509284079	0.8993223742263267
0.6034845922171992	0.11583201917013938	-0.4876525730470598	0.7776722856921294	0.9277302364769275
0.6018625650828786	0.06578452018444064	-0.5360780448984379	0.7641673164474182	0.9525111092814043
0.5369245118896655	0.11073379294192347	-0.426190718947742	0.6996195726218047	0.911975602343349
0.5407006233258859	0.111593889316731	-0.4291067340091549	0.7089629819038479	0.8900104376695074
0.49743865988673086	0.1290975336285436	-0.36834112625818727	0.665491496434665	0.8785690031733788
0.5539421783107885	0.09702718510075992	-0.4569149932100286	0.7459203306491842	0.9332162423866435
0.5915264468422246	0.10796380712172443	-0.4835626397205001	0.7439384793380115	0.9393806014571127
0.5726070808776063	0.18804153193865683	-0.38456554893894945	0.7321825300346247	0.8821418690632884
0.5298975468249576	0.14078727588981862	-0.38911027093513895	0.7311610241963884	0.9057170883847276
0.5367050932718508	0.1316973859994123	-0.4050077072724385	0.6974345001047999	0.9078641794173128
0.5036491760533564	0.1213276759484366	-0.3823215001049197	0.7304011368828784	0.9161248402091049
0.5785220972762238	0.10438409431888089	-0.47413800295734293	0.7606074261939445	0.9312757417285866
0.6279976861070009	0.1399967681542341	-0.4880009179527668	0.7773024702484501	0.9311323404273156
0.6180435620986269	0.14025987263102146	-0.4777836894676054	0.7797665956840323	0.9310099096228976
0.5425464133163986	0.05149550864915605	-0.4910509046672426	0.7373838357163518	0.9363229000305999
0.5925636360587565	0.05741661853626231	-0.5351470175224942	0.7663009759205848	0.9434024750150917
0.5182829188953538	0.11429075951686812	-0.4039921593784857	0.713626989050789	0.909828300273311
0.48215049255921194	0.0883830937390035	-0.39376739882020845	0.6884217145252568	0.9148648082163067
0.4811312054061759	0.0790776068569632	-0.4020535985492127	0.6761974830428185	0.9110299921578776
0.5837834325752381	0.11391306171821117	-0.469870370857027	0.7498873441944011	0.9248444301921749
0.545756182219856	0.1251446316519111	-0.4206115505679449	0.7181980909422463	0.9198816166206241
0.5027206606719907	0.09934683865727995	-0.4033738220147108	0.7069399903582134	0.9100044016852167
0.5955122118893269	0.07205370131133679	-0.5234585105779901	0.7688323828327223	0.9424962849783176
0.5533771392041584	0.12333128172845731	-0.4300458574757011	0.7236017228911875	0.9163748021923895
0.5354033309439072	0.05401180040958284	-0.4813915305343244	0.7282740378367729	0.9377030488239415
0.6006790886797593	0.11914089549311041	-0.48153819318664887	0.7493492066818974	0.9330049674079354
0.5324874298660931	0.09503841800890003	-0.4374490118571931	0.7187999740108945	0.9261867484904314
0.4742071185879364	0.13889820483756382	-0.3353089137503726	0.6779825147928373	0.8775071317930196
0.637088660658143	0.17958830095045802	-0.45750035970768493	0.7568539090337456	0.9196772165164535
0.55293363069287	0.1617930666994163	-0.39114056399345376	0.740836072171172	0.9022947548460662
0.6030452745631114	0.12290958971532054	-0.4801356848477909	0.7798820710717782	0.9321353185192016
0.5255584156423456	0.06672936823229025	-0.45882904741005537	0.7467928831351769	0.9361762782352053
0.5600423386885488	0.07782879740001625	-0.48221354128853255	0.7357227444692468	0.927205675067502
0.5588016457041297	0.10540806228396826	-0.45339358342016145	0.7370268757820344	0.9294099400361752
0.5694104726153872	0.08903587809295796	-0.48037459452242925	0.7423953754996218	0.933072178172375
0.5503857609057887	0.12547404402072565	-0.4249117168850631	0.7110723126161946	0.9110022374457499
0.5786326452334991	0.15973514578428377	-0.41889749944921534	0.7359733898401	0.9116012835587525
0.5288051611605067	0.13976236385027455	-0.38904279731023217	0.7364441985152023	0.9049385665958225
0.5485123114714241	0.11716966520561149	-0.4313426462658126	0.7296213080257211	0.9355009426443809
0.6333962145507135	0.07312105186267888	-0.5602751626880346	0.7794399379571988	0.9549351275440693
0.5050639066698526	0.13842959131270968	-0.36663431535714286	0.6892551278342998	0.8935447765886542
0.5350405781548675	0.10435460874013294	-0.4306859694147346	0.695471008417452	0.908108085448875
0.5021620703893821	0.04960788895692113	-0.45255418143246096	0.7336429890439728	0.9490744913422862
0.5451294638459137	0.11844257567575724	-0.42668688817015643	0.7055145540713041	0.9189826508175728
0.5451490996589792	0.153004843311758	-0.39214425634722117	0.697539494065148	0.8947677306711216
0.5344382007164101	0.10915736102708883	-0.4252808396893213	0.7207509521044809	0.9181892303726045
0.5559069872730017	0.11431338308694641	-0.4415936041860553	0.7399915321025539	0.9252309807669735
0.5302078835617301	0.10903144892682287	-0.4211764346349072	0.7293510293568983	0.9194121074672916
0.6083055078697328	0.11642694903426738	-0.49187855883546544	0.7767968122813527	0.9286494326959155
0.46748943073753224	0.07070205057930279	-0.39678738015822945	0.6543405765357133	0.905200475381007
0.5907708495337425	0.08930369587702307	-0.5014671536567195	0.7640647499355475	0.9404858969978853
0.6423019519720956	0.1367741406227133	-0.5055278113493823	0.7877670546015563	0.9325665462409392
0.5649991301449827	0.08526976494386639	-0.4797293652011163	0.7546484842514323	0.9333208968519633
0.5611887305759211	0.08436205788529007	-0.47682667269063106	0.736417292303307	0.9343008169955186
0.5562749557216068	0.12180967728072153	-0.4344652784408852	0.74863915991574	0.9316614091533134
0.5041771637205053	0.1446593137652643	-0.35951784995524094	0.6990618672948831	0.8930818928256329
0.5943791093514534	0.09438562425899731	-0.4999934850924561	0.7826280147470306	0.9461762727068848
0.5606389288865693	0.15444321750451265	-0.4061957113820567	0.7064372860822744	0.8957307628623108
0.48134834381006486	0.10751306258513221	-0.37383528122493265	0.7600950765999634	0.9176254325712812
0.5589437369528583	0.1032399445268044	-0.45570379242605386	0.7261567417567217	0.9312913421474022
0.605109212134169	0.09309961785211318	-0.5120095942820558	0.7550445505020971	0.9449296686851155
0.4922373950680681	0.11432893280269016	-0.3779084622653779	0.6777350422871755	0.8954757438246053
0.5964701936782093	0.10169023285401427	-0.49477996082419506	0.7475748302171544	0.9332355160560074
0.5696550625548888	0.1127778533772506	-0.45687720917763824	0.7384013028687845	0.9129702096621048
0.5798988086754584	0.06554560630530132	-0.5143532023701571	0.7723174238549955	0.944386690029259
0.5445222490730862	0.14424698022512766	-0.40027526884795855	0.6892716941823983	0.9029982991722983
0.5176138924113647	0.10541702652892129	-0.4121968658824434	0.7127930496022805	0.913275133883189
0.6539414390811344	0.12382373089888593	-0.5301177081822486	0.8098635534782336	0.9508079897717508
0.5852050740312222	0.12364993189386887	-0.4615551421373534	0.7609453862535003	0.9290834549021579
0.5513160459720001	0.16122412557089474	-0.3900919204011054	0.7268321619542502	0.8929304320303181
0.5678387641097125	0.13963614689919546	-0.428202617210517	0.724817372894679	0.9144980243782294
0.5766263327890739	0.12769631291735953	-0.44893001987171444	0.7638948566446098	0.9203059778727914
0.6010454239646887	0.13573448619484108	-0.46531093776984767	0.7570562973799428	0.9239322025372702
0.5494237165930634	0.09586109865174512	-0.4535626179413183	0.7219964410648301	0.9286578119465365
0.5615184206279173	0.12314306333949882	-0.43837535728841853	0.7165820235128411	0.9202558787342722
0.5365836788248954	0.09163047528292582	-0.4449532035419696	0.7306339578032186	0.9355142968530574
0.6212394648422844	0.12120079358468985	-0.5000386712575946	0.7594871440159465	0.9325288780174933
0.5428374996331868	0.10553517514630231	-0.43730232448688455	0.7340373353008498	0.9240046784410226
0.4553365764504427	0.07730450603130729	-0.3780320704191354	0.6917166373584456	0.9171013994588283
0.5720468826633915	0.09145584280993801	-0.4805910398534535	0.7629625282431998	0.9342619879020594
0.6220779737963442	0.11333016804451969	-0.5087478057518245	0.7720877199968978	0.938320174215955
0.46569128867275933	0.07954142664605061	-0.3861498620267087	0.6876917917330427	0.911742265448143
0.5411548941521693	0.09003258195430396	-0.45112231219786536	0.7112659819744289	0.9313435338503457
0.6052645920758624	0.09925306940195927	-0.506011522673903	0.7706707974024993	0.9409450345643878
0.5584495883566123	0.15022722523387622	-0.4082223631227361	0.7157690437465417	0.9127290866714733
0.6100603621730383	0.0780807962453231	-0.5319795659277151	0.778127095908786	0.9434481891348089
0.6243271907173279	0.11359552066558992	-0.5107316700517379	0.7698908414098393	0.9353809651564439
0.523334025022375	0.10036893681654921	-0.4229650882058258	0.7107524109555159	0.9124657037516793
0.51630211520888	0.11112631355082413	-0.4051758016580559	0.7241446524534915	0.91544123814817
0.5689735759364329	0.16636515190398843	-0.4026084240324445	0.7167718501036466	0.8971584752139474
0.49704267270288405	0.12953439216905405	-0.36750828053383	0.7050029342723005	0.8985705902079141
0.5769001827663107	0.09989225467478337	-0.47700792809152737	0.7447580442328008	0.9378343030567247
0.5840263118728344	0.06301104045492964	-0.5210152714179047	0.7626711833425217	0.9499923487622813
0.5945164190929727	0.09698859456225042	-0.4975278245307223	0.7626457512832819	0.9305256583042862
0.5418863478660092	0.13311471383770557	-0.40877163402830363	0.7373867178737865	0.9013955477477741
0.55879905685093	0.13773783506001622	-0.42106122179091376	0.735115535761069	0.9140854073880011
0.5740318047197751	0.10751975018369572	-0.46651205453607936	0.7756419527184084	0.9365288965183326
0.5702619482307962	0.14592403106560356	-0.42433791716519265	0.7248107755738569	0.9118133474749465
0.565615895705393	0.08099359301533643	-0.4846223026900565	0.7447653580935214	0.9456267946595127
0.5657928658111006	0.09675786217240195	-0.4690350036386986	0.7412593715089363	0.9427722270079708
0.5646930605914531	0.13782357861656597	-0.4268694819748871	0.7465512543751179	0.9171211200301805
0.5417801960110329	0.11167932833553468	-0.4301008676754982	0.7560823782895565	0.9251418942144047
0.516763851451903	0.13434290864275	-0.38242094280915295	0.7124825507547716	0.8930953389031184
0.6153373731614833	0.13305260833064292	-0.4822847648308404	0.7868421218110895	0.9448691317862931
0.5766153626876215	0.09938302258897014	-0.47723234009865134	0.7390812234982426	0.9353079391562616
0.626384452213866	0.10269708857710624	-0.5236873636367597	0.7812900872802275	0.9420898625818513
0.5370545033828817	0.10299450101106532	-0.4340600023718164	0.7385225148184478	0.9250903359407097
0.5941547213075583	0.11369311547511114	-0.4804616058324472	0.7647132799416478	0.9282335260939462
0.5234908331778805	0.09394621358446108	-0.4295446195934194	0.7333457695540357	0.9239867449449906
0.5825368479299764	0.12945657474016856	-0.4530802731898078	0.7488450961651325	0.9237763468987373
0.5735457786552816	0.1295814870814777	-0.44396429157380385	0.7458201550582568	0.9189077594102839
0.5460380008174472	0.16245168250413428	-0.38358631831331297	0.7255871472138673	0.9027908487827374
0.5110445996843502	0.08516433455321024	-0.42588026513113997	0.7336385034090601	0.9208074875938779
0.5242674290169582	0.11961834836864559	-0.4046490806483126	0.6887896361719563	0.9136613144254812
0.6311031272074807	0.16091187102901328	-0.47019125617846746	0.7922929710671998	0.9214037323584959
0.49837453756589356	0.1092473603023541	-0.38912717726353946	0.6826753581571805	0.9187331663505174
0.6321319873563122	0.17758446120394572	-0.45454752615236643	0.7874384794037008	0.9225029135819032
0.6008597904391807	0.1425929335083579	-0.4582668569308228	0.7780286023898905	0.9253898086955792
0.5363451912838614	0.07231445365231133	-0.46403073763155006	0.7316471456239049	0.9350355906198387
0.5191978771034031	0.09704286104554913	-0.422155016057854	0.7068755187765675	0.9179809006380427
0.5899101433053932	0.07631057451059078	-0.5135995687948024	0.7542470755177711	0.9446355322756779
0.5348779204664781	0.08635708160365804	-0.44852083886282	0.7213329504702299	0.9246835615490865
0.5251270184616934	0.14191692111616439	-0.383210097345529	0.7169982561161695	0.9063375085936584
0.5648033065542126	0.10539442522660575	-0.4594088813276069	0.7180416379348289	0.9213100460477915
0.5343230339080388	0.09640097337892395	-0.43792206052911486	0.7400160129444955	0.9237152166103912
0.5776641745214306	0.06658510421993544	-0.5110790703014951	0.7580439279897881	0.9354599359881282
0.5130837380192362	0.1309142865656238	-0.3821694514536125	0.6876502507760119	0.9083079902498119
0.5932434301811339	0.18756350550651413	-0.4056799246746198	0.7657061533495702	0.9024074314722516
0.5886099961222844	0.09717404681212666	-0.4914359493101577	0.7765995577308026	0.9411561264309499
0.6292035212743659	0.16276879676868783	-0.466434724505678	0.7797505763990779	0.9267899044124818
0.5211245761042249	0.06011672213323371	-0.4610078539709912	0.7353423233470684	0.9464078369892818
0.5163397733893924	0.05818087647340648	-0.45815889691598594	0.7177239173537784	0.9463906203496829
0.5097768788186838	0.10376348289626475	-0.4060133959224191	0.7011894905626762	0.9196596065773065
0.5894154387877011	0.0471223373886	-0.542293101399101	0.7847791913814425	0.95729286747291
0.585839149845941	0.14638867157528762	-0.43945047827065337	0.7303779161164561	0.9054098807352912
0.5301933101241015	0.08959862730752602	-0.44059468281657554	0.7160020037349955	0.9139735364455502
0.5857172201587955	0.1571766731248298	-0.42854054703396566	0.758082298592305	0.9193488886839437
0.5650069692618871	0.10397420387155268	-0.46103276539033444	0.7746297907125416	0.9328896760603235
0.4886412461409162	0.07607636284661456	-0.41256488329430163	0.7029076481647214	0.9286512226458278
0.5599766067651727	0.0894105618038013	-0.4705660449613714	0.7237145773810896	0.9309312645552664
0.5600603653360441	0.13051659042611943	-0.4295437749099247	0.7323509992768735	0.9157819721439129
0.5451574836982837	0.08978111978230005	-0.4553763639159836	0.6989312445896745	0.9213325592070376
0.5612479350624302	0.14736127488890594	-0.41388666017352427	0.6918693869336622	0.9085431813036151
0.5822586088002699	0.1564015853696276	-0.42585702343064236	0.7554406946985847	0.9127476687228435
0.5174153441149594	0.06984677336372444	-0.4475685707512349	0.7241316431499785	0.9283600358828611
0.5736859645482384	0.11397030302203437	-0.459715661526204	0.7687293412897532	0.943621764036395
0.5541513143278716	0.09054922218014719	-0.4636020921477244	0.7433487171103651	0.9264638690828001
0.5541784828725274	0.0871817618926238	-0.4669967209799035	0.7351493086340573	0.9320224942831571
0.5376494629290018	0.12257753818176406	-0.41507192474723775	0.745144354204873	0.9194215352370971
0.5220100738455218	0.07006842049269577	-0.451941653352826	0.7099147517067477	0.9349832416989292
0.6024282773569006	0.13831081171122148	-0.46411746564567913	0.7548496371419108	0.9184145763720899
0.647613677571357	0.11357877190120919	-0.5340349056701479	0.7667589656090366	0.9291395524616143
0.5682558446621477	0.13706825197163264	-0.4311875926905151	0.7394561330700773	0.9197896045186211
0.5447127376386007	0.10689036281653619	-0.43782237482206454	0.6918401140246075	0.9128790300357464
0.6089588276226328	0.10635766212103605	-0.5026011655015967	0.7606305384853997	0.9368245877312853
0.5478261051828468	0.03945271293344703	-0.5083733922493998	0.7549932612719112	0.9413280010396294
0.49626805450463957	0.15376655415782686	-0.3425015003468127	0.6712534348361026	0.885441862627389
0.5696768730297135	0.12397571480258335	-0.44570115822713013	0.7367131430679454	0.9283151116775104
0.5703931013377268	0.12486754228711745	-0.44552555905060937	0.7605339168857084	0.9323339160472712
0.5197276858326209	0.1266024275377374	-0.39312525829488343	0.6985617150426748	0.9019442627898788
0.5145853681029171	0.12079593838215477	-0.39378942972076236	0.6997015438399404	0.9016016867803205
0.6046677356137539	0.16946655400900013	-0.43520118160475374	0.7700107942696053	0.9213674138816402
0.5630481261004444	0.139355356189307	-0.4236927699111374	0.7412865766747716	0.9206541515721568
0.5727107332696146	0.11551912140383121	-0.45719161186578344	0.7389812532488221	0.9338414071801062
0.6272681731577414	0.09462914691541555	-0.5326390262423258	0.7800985556214644	0.9363325005215635
0.5362862317321639	0.10692793569107634	-0.4293582960410876	0.7437870492256868	0.9226525359068309
0.5485977782435549	0.12391103151627145	-0.42468674672728346	0.7271850765038774	0.9201215678054914
0.48252479688770755	0.1246397779945358	-0.35788501889317176	0.7061411598990518	0.8844209308370156
0.5419151197080811	0.09387601650709007	-0.44803910320099105	0.7173493405209181	0.9259136609525086
0.5733166752961447	0.14879983769436267	-0.42451683760178205	0.735365697719512	0.9053300827801034
0.45875176858984434	0.07787383524664876	-0.3808779333431956	0.6889398941466227	0.9216936540376252
0.5377891987742458	0.1145977536680342	-0.4231914451062116	0.697154019962523	0.8991729093218528
0.534318729157977	0.08069547869884142	-0.45362325045913554	0.7388645171567445	0.9327018807338485
0.5736372363660756	0.09451631394540902	-0.4791209224206665	0.746879991280325	0.9269685295190344
0.5132836293285767	0.10913171862316251	-0.40415191070541423	0.6993487615570195	0.9117149558469977
0.5191084004024145	0.14940575771613118	-0.3697026426862833	0.6908471663313211	0.9001055293435957
0.6050092219986586	0.11026319782462934	-0.49474602417402924	0.7731556002682762	0.9521336351441986
0.571923521915557	0.18918463537052294	-0.382738886545034	0.7212012475267445	0.8948740735772496
0.48505218060210475	0.07749947764971965	-0.4075527029523851	0.7097463178038663	0.9007908311377445
0.5573600060365715	0.11500088144634867	-0.44235912459022286	0.719880023140191	0.9165947029084539
0.5258551307847084	0.15726497017634467	-0.3685901606083637	0.7037453890006707	0.8836938296445339
0.5639818075117371	0.10192792477301738	-0.4620538827387197	0.734242957746479	0.9288816230717639
0.5389086381662238	0.1205670185523287	-0.4183416196138951	0.7089638895642769	0.9035070803953956
0.5362051836667966	0.08034748253014057	-0.455857701136656	0.7282117062169629	0.9282519481717155
0.5076380359096682	0.07927908834773029	-0.4283589475619379	0.7067216392851603	0.9025584485815974
0.5218689872860574	0.12148172501496203	-0.40038726227109533	0.7011406079050291	0.911756938593292
0.6053907903837691	0.11027616628215556	-0.49511462410161355	0.7579048856657795	0.9342080442665216
0.5622097020306186	0.1678967099098958	-0.3943129921207228	0.7285095662088972	0.9047235776447508
0.594438354269329	0.13972980780019945	-0.45470854646912956	0.7100436186958827	0.9121722954429763
0.5473486079117313	0.16132740655974181	-0.38602120135198953	0.7102364548333748	0.8977789236173902
0.5553009977362287	0.11870145227065033	-0.43659954546557833	0.741898633352897	0.9213674855370169
0.4791647890069399	0.05905557017552059	-0.4201092188314193	0.7134233631872495	0.9232489556718596
0.5480340970302384	0.11485393165728326	-0.4331801653729552	0.737716119377333	0.9222449867213881
0.5905645982754791	0.11008960023324793	-0.4804749980422312	0.7546330257923617	0.9358942651503401
0.6201157363257382	0.15265609255009377	-0.4674596437756445	0.7748611981497278	0.9264669820317363
0.558408129556421	0.1493177036745741	-0.40909042588184696	0.7207309557846371	0.9062241916348407
0.5703994198183998	0.17791653902785093	-0.3924828807905489	0.7226258247885103	0.9000653961919296
0.5139649581732473	0.1359427507386432	-0.3780222074346041	0.7068354409153886	0.8895170063321783
0.6584723276003002	0.13587705402620376	-0.5225952735740964	0.8054757942479639	0.9423413076010545
0.5897748136721468	0.19191027940181754	-0.39786453427032925	0.7391095666462664	0.914708372806613
0.5683915104819475	0.10620090408870733	-0.46219060639324017	0.7147007164026444	0.9091187283329072
0.5795821098235003	0.1614590106248321	-0.41812309919866825	0.7468136345630263	0.9144601570703672
0.6128652274156363	0.06758113212946569	-0.5452840952861706	0.7891259693984491	0.9474869000209599
0.543279690467108	0.09468991887753933	-0.4485897715895687	0.727649620838975	0.9332517302234723
0.5014452108917967	0.12811719382675046	-0.37332801706504626	0.6942440991588641	0.9049703097718893
0.6206315471774042	0.1034461147269412	-0.517185432450463	0.7711553213697355	0.947094405110728
0.604382221253333	0.11409023346920028	-0.4902919877841327	0.7366139553602871	0.9337866617476901
0.49673113564477006	0.14027549339339618	-0.3564556422513739	0.6813386518318845	0.9060151715551159
0.517320304590871	0.08950716325065056	-0.4278131413402204	0.7274402168103475	0.9336070710691071
0.5420613046895468	0.17623894932436812	-0.3658223553651787	0.7442452187581872	0.9069216662300237
0.5830419946846417	0.12040201390028248	-0.4626399807843592	0.7650783470409214	0.9245286182583401
0.5858117766403838	0.13373686739438978	-0.45207490924599397	0.7352372808175824	0.9147038234048883
0.555892549476623	0.12887728113671099	-0.42701526833991205	0.7121804088921682	0.9197851995623504
0.6023872901427343	0.13663459153933796	-0.4657526986033963	0.7683972249586051	0.9224673213790472
0.5059255315581193	0.10189983933994082	-0.4040256922181784	0.7112167985780402	0.9116386019838228
0.5245388293044868	0.08020835984817844	-0.4443304694563084	0.7299921819488953	0.9244520552252036
0.5989260653415046	0.08978147167716395	-0.5091445936643406	0.7654718689481141	0.9449367460031355
0.587890792852277	0.12277959340083724	-0.46511119945143975	0.7572499082953413	0.9323334905413195
0.6209953298062331	0.09967364699763177	-0.5213216828086012	0.7601033814885929	0.9407799307436256
0.562491747203481	0.06689079834049726	-0.4956009488629838	0.7360865710495044	0.9288581995161359
0.557626887726763	0.14751747736361986	-0.4101094103631432	0.7312799337658119	0.9037634014190048
0.5185897019401868	0.13424022344339814	-0.3843494784967887	0.7028372376702667	0.9100853246255125
0.5610702383198138	0.06502599221547781	-0.49604424610433606	0.7356913789850971	0.9344023140287998
0.6082806552759101	0.15322580668381103	-0.4550548485920991	0.7752645081238787	0.923887892151109
0.5522500372054221	0.11507966629389402	-0.4371703709115281	0.7396416960641903	0.9301124966200708
0.5205288518975747	0.1040977921467703	-0.4164310597508044	0.772835976684573	0.9350205929840983
0.5158554835031712	0.11917552885324145	-0.3966799546499298	0.6956229224391246	0.8934444439786892
0.5584952407702803	0.11236816923177682	-0.4461270715385035	0.747413917786167	0.9208548796515417
0.5739511156382171	0.1092927335183893	-0.4646583821198278	0.7681199515431982	0.9291172562383941
0.6590548012391377	0.13535883456287356	-0.5236959666762642	0.7947395337723693	0.9437944607697242
0.5081367271995572	0.1260314234811838	-0.38210530371837337	0.6877358015996782	0.9089114140550328
0.5407511585548614	0.14182178706319165	-0.3989293714916698	0.6999452948315144	0.9026583358310469
0.5971784107129009	0.09454384562768085	-0.5026345650852201	0.7596010957709696	0.9422243368508479
0.602475749725429	0.18630709758292752	-0.41616865214250154	0.7242343452635462	0.9109719392674197
0.5331826871478402	0.16311420986020864	-0.3700684772876316	0.6991632009659244	0.9058307620069761
0.6129736096934231	0.1265336808895586	-0.48643992880386444	0.7345752629913205	0.9285820581127504
0.6061466682316644	0.10661981512711657	-0.4995268531045478	0.7701528387940575	0.932513665783561
0.5694900333270453	0.0988042015486227	-0.4706858317784226	0.7334150789159278	0.917915648778297
0.5936985164349164	0.1202892670405141	-0.4734092493944023	0.7789680859537115	0.9348681811131558
0.5951670306729434	0.12500121668512654	-0.47016581398781687	0.7343648474736847	0.9220369819198573
0.5836321831371161	0.142587109443996	-0.44104507369312007	0.7079376324388449	0.917649500007336
0.5967910963928655	0.061256805183143956	-0.5355342912097216	0.7765022741086962	0.9551172685544215
0.5789122875414228	0.0955981889287667	-0.48331409861265606	0.7482126126352723	0.9349569212660562
0.552621871214122	0.11082502900909645	-0.4417968422050255	0.7498166010622467	0.9209854496522757
0.5772249854850102	0.12044817508304029	-0.45677681040196993	0.7487303314028921	0.9281523728078173
0.6100269559858638	0.10081619674851328	-0.5092107592373505	0.7832474626577848	0.9396613523268926
0.5619727313694051	0.07895654369424882	-0.48301618767515625	0.7421741545362133	0.9418073589671037
0.585931228187849	0.12856463380625296	-0.4573665943815961	0.7515872433633419	0.9201232484777345
0.599557749342388	0.1864055808877892	-0.41315216845459884	0.7453747078735289	0.9073537271669758
0.5701153376187593	0.12858860851080056	-0.44152672910795876	0.757023899597796	0.9281901236793182
0.6307569771219569	0.13794231716417804	-0.49281465995777884	0.7734644043639107	0.9287395592072859
0.5053217354852232	0.10898750121386397	-0.3963342342713592	0.6790798574722281	0.9051435757702786
0.6212158049614771	0.1376536754103659	-0.4835621295511112	0.7760817075931219	0.939796611306265
0.6093794866958008	0.140233221263534	-0.4691462654322668	0.7597468062585804	0.9264522484568387
0.555723226149906	0.14717977437444557	-0.4085434517754604	0.7470500454806488	0.9186168852672041
0.5189464837028173	0.11545206778969376	-0.4034944159131235	0.7097883703236381	0.9018752606857581
0.5405211099629634	0.11326415322976163	-0.4272569567332018	0.7193421882761786	0.9271217383467095
0.5830551031914203	0.14477294164896298	-0.4382821615424573	0.7483562938697149	0.9222925744514519
0.5409215819029034	0.10335182893025899	-0.43756975297264444	0.753479041903616	0.9304925262696747
0.6194384766136722	0.09264130307194078	-0.5267971735417315	0.7960511009337764	0.9523826491579246
0.4973380954177513	0.16516422554452212	-0.33217386987322917	0.689540182183265	0.874446135207985
0.5021608819584173	0.08855003821335528	-0.4136108437450621	0.7270099765258216	0.929410618121476
0.5459509082868204	0.09785290451393872	-0.44809800377288167	0.7481780816462555	0.9267174660576858
0.5787237610169671	0.1358975700326842	-0.4428261909842829	0.7473470200479979	0.9218201444126555
0.48340281576779653	0.09727236625074984	-0.38613044951704667	0.7045455974546162	0.9178744872657455
0.592674338175187	0.20785462214929468	-0.3848197160258923	0.7302228091135845	0.886729967092163
0.5381618027739175	0.046017556106250586	-0.4921442466676669	0.726882099072077	0.9397091096592444
0.5393460249458724	0.14658694302798725	-0.3927590819178851	0.7009052362857437	0.891761490464523
0.4939855754417809	0.08548572683852984	-0.40849984860325106	0.7021481734552076	0.9046579040584528
0.5780931022196139	0.17110928170555192	-0.4069838205140619	0.7067929827503091	0.9164972438221796
0.5359480548877744	0.08628452451978333	-0.4496635303679911	0.7069137888032127	0.9288479394029582
0.5940284429725735	0.16586054154704136	-0.4281679014255322	0.7245936343914735	0.9008415514729773
0.5191095218532275	0.10468835079099917	-0.4144211710622283	0.7126151769470038	0.9147753473124681
0.568294431309422	0.09039933186926236	-0.4778950994401597	0.7561769539044554	0.9405779968811309
0.5690267378782414	0.09637386939598988	-0.4726528684822515	0.743577543200664	0.9154893559935944
0.5475434371128703	0.07329707580494974	-0.47424636130792064	0.7338644933961335	0.9248125265338358
0.5346091768503574	0.04577938339105498	-0.4888297934593024	0.7248223531137988	0.9428050390927958
0.5157029158815033	0.07852498946989199	-0.4371779264116113	0.7165908228650719	0.9233205541243868
0.5640897734703803	0.09475943794574765	-0.4693303355246326	0.7501530039068395	0.9328639687154234
0.6047165738190751	0.14890676672893566	-0.4558098070901394	0.7526921609805376	0.9263255408424609
0.5470130077006596	0.13916660964594563	-0.407846398054714	0.7014977929247834	0.905454179609392
0.6197456754983683	0.06534554736583795	-0.5544001281325304	0.7971629005652819	0.9553978457662538
0.5369500150910493	0.13020186986793952	-0.4067481452231098	0.7300861028203494	0.919070056004561
0.5989918150473177	0.08128929180344488	-0.5177025232438728	0.7838648487198567	0.941697146270659
0.6184938627674559	0.07346223338272682	-0.545031629384729	0.789474897712791	0.9467226172110805
0.5316241859997192	0.1309182524667411	-0.40070593353297806	0.7222977915362834	0.923117712771866
0.584403498586271	0.14326139631697823	-0.44114210226929285	0.7463126720002012	0.9303133259415602
0.5530925782314351	0.15958104637790416	-0.39351153185353094	0.7376747500576387	0.9067887908448786
0.53527024874454	0.11189929518264065	-0.42337095356189935	0.7215897182236606	0.9326201594580772
0.5352459566190712	0.09305021504277197	-0.44219574157629915	0.7378656650093487	0.9313610410081414
0.5694353329295156	0.09847524909690898	-0.4709600838326067	0.7333252290337928	0.9251330397620688
0.6388354398541154	0.13105843950068594	-0.5077770003534294	0.7697855750487329	0.9226016055670839
0.5199139016911569	0.12146939653785141	-0.39844450515330554	0.7255061000274559	0.9086955519366878
0.491277052874286	0.1368099613547129	-0.3544670915195731	0.6306723261541687	0.889966986322905
0.5491761017098352	0.12631630144213055	-0.42285980026770464	0.6888866998377773	0.8976781619795359
0.5305568481464248	0.08853461322456746	-0.4420222349218573	0.7381371599612643	0.9346186577456936
0.6149718721966514	0.08378269399504905	-0.5311891782016024	0.7627874611199141	0.9384919137805278
0.5568664691910838	0.11258142009070574	-0.44428504910037814	0.7201506851899602	0.911876952877788
0.6429357428961285	0.1902085240523234	-0.4527272188438051	0.7558368388950721	0.9179976357141092
0.5051406364956894	0.06758302494200474	-0.43755761155368467	0.7222798644255378	0.9330679695900697
0.5762779720133142	0.14414966653797628	-0.4321283054753379	0.7543702995698871	0.9207644775343544
0.5726019932301437	0.15126826632312512	-0.4213337269070186	0.7520220491914947	0.9213888909271073
0.5678783343917873	0.0848099191363666	-0.48306841525542066	0.7447009186541497	0.9367610472196197
0.5276059603134845	0.15536198448323318	-0.3722439758302513	0.7138290759166528	0.9136848680225284
0.501474598546572	0.181644128233209	-0.319830470313363	0.6690212732063243	0.8715558639135238
0.48769705773233474	0.11480325415472294	-0.3728938035776118	0.7100764859635994	0.8993755777320833
0.502098136619925	0.08910645233637712	-0.4129916842835478	0.7118698778008343	0.9157685132784171
0.5428276206085656	0.09892119483946048	-0.4439064257691051	0.7423761637484751	0.9331906715280704
0.627617790073776	0.13104067373409756	-0.4965771163396785	0.7812982059020792	0.9405558350100605
0.5084492104148938	0.1198008099556284	-0.38864840045926535	0.7156697115404771	0.9018206361117282
0.5855606791029135	0.0977281324690285	-0.48783254663388503	0.7570257807587509	0.932393203077769
0.5702242186304576	0.18099152595109277	-0.3892326926793648	0.6968363730115976	0.8855367769279301
0.6045493891461042	0.0925827602257778	-0.5119666289203264	0.7744189604689815	0.9397760307177034
0.5830129992077233	0.11222558839869284	-0.47078741080903047	0.733595888544684	0.9180727134012149
0.5130022699215483	0.11038182421307355	-0.4026204457084748	0.7059246419581269	0.9055268292989654
0.6494391159998657	0.15910658853761006	-0.49033252746225564	0.7920097085750695	0.9293613132566486
0.6028834101208617	0.19247357265276982	-0.41040983746809184	0.7235355521365657	0.8993279868531925
0.5277298594590061	0.08017174482679056	-0.4475581146322155	0.7015123091273046	0.9308223822500568
0.5358254472285975	0.10816403572389113	-0.4276614115047064	0.7371542951761143	0.9294050329044232
0.4269271965439687	0.10909170424161566	-0.3178354923023531	0.6810234782918552	0.889502577141312
0.5240935949542735	0.1466399769111934	-0.37745361804308014	0.7083238135563021	0.8878923108848259
0.5246156586986366	0.07581764645114361	-0.44879801224749294	0.7125871121218155	0.932766733387129
0.5487336094436434	0.10597541487745347	-0.44275819456618987	0.7181117743720445	0.9281666051846138
0.5571874737989437	0.08673056734314818	-0.4704569064557955	0.7444705290517315	0.9320742852351807
0.567489169414048	0.1484799554024861	-0.41900921401156194	0.7262539272008568	0.918695676778008
0.5244387062157313	0.11477079734599466	-0.40966790886973664	0.719975603212663	0.9103145592649103
0.5473525577339855	0.09029994970326301	-0.4570526080307225	0.7310952374963846	0.9315408445154288
0.5943870386284085	0.1535282576014257	-0.4408587810269828	0.7506004904529353	0.9038334975162962
0.5636693286382025	0.06451247082800647	-0.49915685781019603	0.7504558888260078	0.9423714603114717
0.5821354762713213	0.10739195383245573	-0.47474352243886564	0.7789927520739801	0.9356447887453838
0.5817405939473459	0.10105426498241676	-0.48068632896492913	0.7518407588977873	0.9318693894318537
0.5820254862508384	0.10700715722548393	-0.47501832902535446	0.752060278336687	0.9373868209255535
0.5775212320900089	0.1399817733354614	-0.43753945875454753	0.7556150808621946	0.9173425276279253
0.5608301141710912	0.12732482369777884	-0.4335052904733123	0.7082904519263622	0.9095686147925658
0.5444055504317935	0.10890728489890689	-0.4354982655328866	0.7070910539112938	0.9073027584472207
0.6132669058837338	0.13073312368779894	-0.48253378219593485	0.7851510756384246	0.9347448817049245
0.5406695956936596	0.11564276309405215	-0.42502683259960744	0.7097810775912666	0.9193818858685627
0.5484956772334295	0.13218753125941388	-0.41630814597401566	0.742589468168719	0.9142991878438566
0.534929545578414	0.13686358328009388	-0.39806596229832014	0.6964506567500828	0.90247156717805
0.571902884415854	0.07894098822217566	-0.49296189619367836	0.7481622617542932	0.9432633032965052
0.6204109523001047	0.13192873143818543	-0.4884822208619193	0.773492046524009	0.9239300169570747
0.5046668245680594	0.09557390619670564	-0.4090929183713538	0.7114722348566627	0.9077785998897485
0.583111675648257	0.08395830073687557	-0.49915337491138145	0.7497668140192459	0.9481897431705327
0.5353183070016221	0.11362181432575645	-0.4216964926758656	0.6945074384114621	0.8967676759208414
0.5587520174390576	0.09213497426842909	-0.46661704317062846	0.7364312813096061	0.9354503343184725
0.5665766137736914	0.08043842908157402	-0.4861381846921174	0.7413979925680163	0.9255124945769159
0.5045726179521632	0.11566928767549423	-0.388903330276669	0.7051180202859484	0.9041500464283693
0.57368229109902	0.11406755782990596	-0.45961473326911406	0.7319561699880113	0.9296481358830975
0.5263170029301665	0.039993757257487814	-0.48632324567267865	0.7366476212833207	0.9277057928426805
0.5818275186283655	0.08659289800597839	-0.4952346206223871	0.7700856223603265	0.9349186220773642
0.6333493331432916	0.14645576486167133	-0.4868935682816202	0.768714013527874	0.9313796796824072
0.5580982926139045	0.08896191753792664	-0.4691363750759779	0.7379031328281399	0.9347147543732771
0.5936711354813828	0.11380894992206952	-0.4798621855593133	0.7408674363424471	0.931353807715203
0.5849488058184257	0.12340013427629633	-0.46154867154212936	0.7519937959149454	0.931952086018801
0.5519536187168431	0.09106204475813184	-0.4608915739587113	0.733496265895881	0.9132153539486343
0.5253769444549239	0.1186410434403354	-0.4067359010145885	0.7282059665581	0.9204696453347754
0.5711471190504636	0.1331366758265284	-0.4380104432239351	0.7122466816315494	0.904203790684465
0.5949367619255228	0.13844348355088287	-0.45649327837463993	0.7442871935038964	0.932804567729927
0.5825530478819625	0.11596936310825974	-0.46658368477370277	0.7440516990204771	0.9218753117764129
0.5025393052594953	0.08485777181915577	-0.41768153344033954	0.7179117960842507	0.92178562520567
0.5473431814752093	0.08464951549823659	-0.46269366597697276	0.7386986703331713	0.9276899344388737
0.5642135006927893	0.11551941385584359	-0.4486940868369457	0.7469275159991364	0.9206090676795439
0.535288433928373	0.09872395890649488	-0.4365644750218781	0.7379792123845395	0.9267256466524562
0.5125001310066553	0.1591430583381081	-0.35335707266854716	0.6780296599067233	0.8658952994812137
0.5755485551761935	0.12187270656348359	-0.45367584861270993	0.7512329260956956	0.9204555695982327
0.42719134424525196	0.11478216460000742	-0.3124091796452445	0.6742668620164202	0.891258098525864
0.567972499947599	0.09084038972642969	-0.4771321102211693	0.7462155987339915	0.9299838604875391
0.6356147499748466	0.1266714234157307	-0.5089433265591159	0.7987075326156219	0.9373469832645807
0.5232768468156905	0.13722939606208706	-0.38604745075360347	0.7125978558179018	0.8945473218683517
0.4934867313766629	0.12618261325072727	-0.3673041181259356	0.6821755469992852	0.8955571438452493
0.5599393019726859	0.15078570660748625	-0.4091535953651997	0.7398808675458377	0.9124447723404788
0.5610264235097346	0.162128913692492	-0.39889750981724265	0.7573174489062341	0.916594182091035
0.5601561042679258	0.12497304004554036	-0.4351830642223855	0.7470243147907116	0.9178733937378043
0.6291023722390602	0.10685722482707186	-0.5222451474119884	0.7553374330855875	0.9181852098712647
0.595255561657158	0.13716390472280313	-0.45809165693435483	0.7702963282792505	0.9290681735295719
0.5824025654192385	0.1049909313949842	-0.47741163402425435	0.7507498192259727	0.9298953082590151
0.5902449249085592	0.130026438579153	-0.4602184863294062	0.7563117683431674	0.934116562038211
0.5952218759104657	0.13306795148686137	-0.46215392442360437	0.747362662469005	0.9250667063516185
0.620955977900923	0.1445776770555247	-0.47637830084539834	0.7881179735247023	0.9387035655301347
0.575757893324838	0.10556909253822819	-0.47018880078660974	0.7377156726303259	0.9301438455547326
0.5097225046060587	0.10134303811852544	-0.4083794664875333	0.6910408749730135	0.9132363143983617
0.6213820553719234	0.12128244635432396	-0.5000996090175994	0.7511533197373303	0.9353847508179608
0.5070559508713832	0.07472803855947682	-0.43232791231190637	0.7408381627071041	0.9352357398111568
0.6029849745243888	0.13934327708819313	-0.46364169743619565	0.7620781224128789	0.9223380331017317
0.55196416669112	0.141587939773651	-0.410376226917469	0.7456287806697997	0.9126007654611842
0.5287696728475404	0.12157571445739855	-0.40719395839014183	0.7431154203266702	0.9300305691225559
0.538126640227389	0.10040116159320275	-0.4377254786341862	0.7261648234633218	0.912591077163004
0.49796474459745543	0.07545141316111392	-0.4225133314363415	0.6912343582971765	0.9104529543691967
0.5517105500337458	0.13078161877789854	-0.4209289312558473	0.7228703536799568	0.9150291453112374
0.6044423390925421	0.08215077207263968	-0.5222915670199024	0.7774093411948664	0.9540213502245903
0.6136726159908611	0.1210518037079627	-0.4926208122828984	0.7676682352201389	0.9297735204418499
0.55176172210694	0.0890781286734731	-0.4626835934334669	0.7195602506864532	0.9187239304952944
0.5706374790923459	0.1443774961885714	-0.4262599829037744	0.711264771598288	0.9054156588373877
0.6100337056041856	0.1060953111998869	-0.5039383944042987	0.7714097662407351	0.9365722676254529
0.6463699645139587	0.16307934928627704	-0.48329061522768163	0.7784124136167465	0.9325450806872512
0.5774058665101705	0.1295030771115912	-0.44790278939857925	0.733590434172055	0.9208786141705878
0.5289585324546842	0.09205522008562317	-0.436903312369061	0.7114857387192515	0.9255328068145614
0.5071473785260051	0.10128716687724662	-0.4058602116487585	0.7234530431902879	0.9291382483263397
0.5775181043607667	0.1361907758393306	-0.4413273285214361	0.7308334818013185	0.9232060700699023
0.5938491655942286	0.20259372647756665	-0.39125543911666194	0.7552556454959696	0.9033967294479633
0.5322122921889015	0.06736535180497497	-0.4648469403839266	0.734597037198501	0.9403625114227985
0.5531444860146089	0.14687223593197557	-0.4062722500826333	0.7148070131312814	0.8976870919399293
0.5407162095599409	0.1578515798529967	-0.38286462970694424	0.7122564688374433	0.8864083673063018
0.5253176893717892	0.11857944027266079	-0.4067382490991285	0.7184610902566875	0.9198226011649133
0.6015713270544535	0.0822308439320159	-0.5193404831224375	0.7521491502969295	0.9417376412066686
0.4845717567363639	0.05643417695484222	-0.42813757978152167	0.6756966917621021	0.9193648451516624
0.5481321086148132	0.05624464404933435	-0.4918874645654788	0.7326217556627859	0.9401796831439101
0.5207551678313762	0.08176836299817059	-0.4389868048332056	0.7084823281337117	0.9288136730065438
0.5633981722143038	0.11458055269115125	-0.4488176195231525	0.72486794667561	0.9114610463896654
0.546110023517181	0.0853208314830304	-0.4607891920341506	0.717965700967097	0.917245513500371
0.5701126153033571	0.18991666642035115	-0.38019594888300595	0.6753606603075595	0.8825640155016338
0.5958236211493635	0.08861742110364962	-0.5072062000457138	0.7534062515721162	0.9362685090470041
0.5377735765217793	0.09975356394805646	-0.4380200125737228	0.739586171626431	0.934630878672664
