"block","model","horizon_days","metric","estimate","ci_low","ci_high","bootstrap_n","n_estimable","status"
"clinical","elastic_net",1095,"auc",0.36921764979667,0.342306470017113,0.395190113614523,2000,2000,"estimable"
"combined","elastic_net",1095,"auc",0.367687142677229,0.34201437635609,0.39329285164097,2000,2000,"estimable"
"tumor10","elastic_net",1095,"auc",0.36922244865754,0.3399850868418,0.396183247838866,2000,2000,"estimable"
"clinical","ridge",1095,"auc",0.417187751399634,0.352888592090823,0.480064403764853,2000,2000,"estimable"
"combined","ridge",1095,"auc",0.409794239420603,0.360629841212643,0.454585406213455,2000,2000,"estimable"
"tumor10","ridge",1095,"auc",0.388218769334467,0.334035639153986,0.442557514450261,2000,2000,"estimable"
"clinical","survival_forest",1095,"auc",0.771841292030126,0.51545822997567,0.910766106449935,2000,2000,"estimable"
"combined","survival_forest",1095,"auc",0.582882778209541,0.430929223403421,0.742998579037067,2000,2000,"estimable"
"tumor10","survival_forest",1095,"auc",0.52219878265515,0.340040893534684,0.729287133546905,2000,2000,"estimable"
"clinical","elastic_net",1825,"auc",0.407358467820784,0.354058545375893,0.465410657942032,2000,2000,"estimable"
"combined","elastic_net",1825,"auc",0.406247669491317,0.354993724537813,0.461712427079057,2000,2000,"estimable"
"tumor10","elastic_net",1825,"auc",0.406317165458901,0.354290929213996,0.459813668721884,2000,2000,"estimable"
"clinical","ridge",1825,"auc",0.41621093406228,0.333019600729941,0.50141084577264,2000,2000,"estimable"
"combined","ridge",1825,"auc",0.418282691191795,0.352200535833351,0.487746120803313,2000,2000,"estimable"
"tumor10","ridge",1825,"auc",0.416678286212438,0.354447625132368,0.483620571052394,2000,2000,"estimable"
"clinical","survival_forest",1825,"auc",0.505900753426458,0.299143758343964,0.734064637997565,2000,2000,"estimable"
"combined","survival_forest",1825,"auc",0.461581429140281,0.308279234219278,0.636965003023212,2000,2000,"estimable"
"tumor10","survival_forest",1825,"auc",0.472839972337106,0.31788039987602,0.643246148879639,2000,2000,"estimable"
"clinical","elastic_net",1095,"brier",0.0799595422968707,0.0285304332667475,0.132106187733419,2000,2000,"estimable"
"combined","elastic_net",1095,"brier",0.0799894432018103,0.0285538116319759,0.132190270065068,2000,2000,"estimable"
"tumor10","elastic_net",1095,"brier",0.0800345354782268,0.0286267261922052,0.132227384768298,2000,2000,"estimable"
"clinical","ridge",1095,"brier",0.0799551704708448,0.0285337605638722,0.132106049609229,2000,2000,"estimable"
"combined","ridge",1095,"brier",0.0799731324217175,0.0285802596930713,0.132098140367062,2000,2000,"estimable"
"tumor10","ridge",1095,"brier",0.0800214366669558,0.0285976414887058,0.132172034335685,2000,2000,"estimable"
"clinical","survival_forest",1095,"brier",0.0710135384728522,0.0314016826836925,0.118843816779715,2000,2000,"estimable"
"combined","survival_forest",1095,"brier",0.0827851565088398,0.0369618425033901,0.136444018824936,2000,2000,"estimable"
"tumor10","survival_forest",1095,"brier",0.085011493594671,0.0376728996477272,0.139991088135769,2000,2000,"estimable"
"clinical","elastic_net",1825,"brier",0.130267730732245,0.0738484542900372,0.195401107943488,2000,2000,"estimable"
"combined","elastic_net",1825,"brier",0.130360179644421,0.073883119892547,0.1954514653806,2000,2000,"estimable"
"tumor10","elastic_net",1825,"brier",0.130428242031247,0.0739748999005051,0.19566548838073,2000,2000,"estimable"
"clinical","ridge",1825,"brier",0.13028421561291,0.0738615519075351,0.195391767306654,2000,2000,"estimable"
"combined","ridge",1825,"brier",0.13043711316752,0.0740465560304949,0.195562162737222,2000,2000,"estimable"
"tumor10","ridge",1825,"brier",0.130416281522014,0.074031876956237,0.195508776178028,2000,2000,"estimable"
"clinical","survival_forest",1825,"brier",0.137457988162031,0.076959323837144,0.208932935329959,2000,2000,"estimable"
"combined","survival_forest",1825,"brier",0.143257803858032,0.0859687462417229,0.213944364372631,2000,2000,"estimable"
"tumor10","survival_forest",1825,"brier",0.142347777186402,0.0840054469840115,0.212820014968124,2000,2000,"estimable"
"clinical","elastic_net",1095,"harrell_c",0.5,0.5,0.5,2000,2000,"estimable"
"combined","elastic_net",1095,"harrell_c",0.498588883503813,0.49505995316503,0.501509866736582,2000,2000,"estimable"
"tumor10","elastic_net",1095,"harrell_c",0.497490079365079,0.492404378562856,0.50191582911485,2000,2000,"estimable"
"clinical","ridge",1095,"harrell_c",0.630082507924079,0.461461494410609,0.787256424441846,2000,2000,"estimable"
"combined","ridge",1095,"harrell_c",0.61459418144987,0.491627632555688,0.732033654282182,2000,2000,"estimable"
"tumor10","ridge",1095,"harrell_c",0.583239818938785,0.440574160611269,0.7191629307009,2000,2000,"estimable"
"clinical","survival_forest",1095,"harrell_c",0.650267745367361,0.450464344772446,0.812504033850919,2000,2000,"estimable"
"combined","survival_forest",1095,"harrell_c",0.569812215156535,0.444011728953084,0.695682713197378,2000,2000,"estimable"
"tumor10","survival_forest",1095,"harrell_c",0.54035855070982,0.401614317733496,0.688664085248968,2000,2000,"estimable"
"clinical","elastic_net",1825,"harrell_c",0.5,0.5,0.5,2000,2000,"estimable"
"combined","elastic_net",1825,"harrell_c",0.498588883503813,0.49505995316503,0.501509866736582,2000,2000,"estimable"
"tumor10","elastic_net",1825,"harrell_c",0.497490079365079,0.492404378562856,0.50191582911485,2000,2000,"estimable"
"clinical","ridge",1825,"harrell_c",0.630082507924079,0.461461494410609,0.787256424441846,2000,2000,"estimable"
"combined","ridge",1825,"harrell_c",0.61459418144987,0.491627632555688,0.732033654282182,2000,2000,"estimable"
"tumor10","ridge",1825,"harrell_c",0.583239818938785,0.440574160611269,0.7191629307009,2000,2000,"estimable"
"clinical","survival_forest",1825,"harrell_c",0.650267745367361,0.450464344772446,0.812504033850919,2000,2000,"estimable"
"combined","survival_forest",1825,"harrell_c",0.569812215156535,0.444011728953084,0.695682713197378,2000,2000,"estimable"
"tumor10","survival_forest",1825,"harrell_c",0.54035855070982,0.401614317733496,0.688664085248968,2000,2000,"estimable"
"clinical","elastic_net",1825,"ibs",0.0543766164098173,0.0235384109085979,0.0912351728218982,2000,2000,"estimable"
"combined","elastic_net",1825,"ibs",0.054396024684234,0.0235552048265829,0.0912556051567132,2000,2000,"estimable"
"tumor10","elastic_net",1825,"ibs",0.0544192490938871,0.023576285808361,0.0912551946977173,2000,2000,"estimable"
"clinical","ridge",1825,"ibs",0.0543744127402175,0.0235412852645281,0.0912286380177987,2000,2000,"estimable"
"combined","ridge",1825,"ibs",0.0543922844637278,0.0235677235511698,0.0912055227798085,2000,2000,"estimable"
"tumor10","ridge",1825,"ibs",0.0544139255460983,0.0235833275063306,0.0912566588948294,2000,2000,"estimable"
"clinical","survival_forest",1825,"ibs",0.0506273095711996,0.0243686357687126,0.0817059434414937,2000,2000,"estimable"
"combined","survival_forest",1825,"ibs",0.0570437950325973,0.0274757828502816,0.0924721286083499,2000,2000,"estimable"
"tumor10","survival_forest",1825,"ibs",0.058352229836298,0.0275325553951442,0.0951874413584849,2000,2000,"estimable"
"clinical","elastic_net",1095,"uno_c",0.5,0.5,0.5,2000,2000,"estimable"
"combined","elastic_net",1095,"uno_c",0.498944392495006,0.494062728914722,0.503349862600813,2000,2000,"estimable"
"tumor10","elastic_net",1095,"uno_c",0.496627813070787,0.489801842200044,0.502023485459779,2000,2000,"estimable"
"clinical","ridge",1095,"uno_c",0.692726764911788,0.480848763407271,0.868982495079154,2000,2000,"estimable"
"combined","ridge",1095,"uno_c",0.653082391960532,0.509545013345295,0.787236823981363,2000,2000,"estimable"
"tumor10","ridge",1095,"uno_c",0.599707998304925,0.422679126808648,0.764354221065358,2000,2000,"estimable"
"clinical","survival_forest",1095,"uno_c",0.769010533399364,0.509529552521051,0.916586962853328,2000,2000,"estimable"
"combined","survival_forest",1095,"uno_c",0.620239064633015,0.46684733416581,0.767824089465917,2000,2000,"estimable"
"tumor10","survival_forest",1095,"uno_c",0.570249288004663,0.390357485979115,0.772372010623123,2000,2000,"estimable"
"clinical","elastic_net",1825,"uno_c",0.5,0.5,0.5,2000,2000,"estimable"
"combined","elastic_net",1825,"uno_c",0.498983948652953,0.495782804924999,0.501499506422099,2000,2000,"estimable"
"tumor10","elastic_net",1825,"uno_c",0.497136008730556,0.492209607501199,0.500881609224081,2000,2000,"estimable"
"clinical","ridge",1825,"uno_c",0.587067869761299,0.404929836821022,0.776905935198938,2000,2000,"estimable"
"combined","ridge",1825,"uno_c",0.595783280937434,0.472567747812073,0.718575659302538,2000,2000,"estimable"
"tumor10","ridge",1825,"uno_c",0.584085758572547,0.439415192771475,0.714587711535335,2000,2000,"estimable"
"clinical","survival_forest",1825,"uno_c",0.589061975752678,0.37580614584356,0.814034252466222,2000,2000,"estimable"
"combined","survival_forest",1825,"uno_c",0.539262173036194,0.401488807267822,0.688033631112632,2000,2000,"estimable"
"tumor10","survival_forest",1825,"uno_c",0.526281944771718,0.38488738256945,0.675589929673595,2000,2000,"estimable"
"combined_minus_clinical","ridge",1095,"delta_uno_c",-0.0396443729512556,-0.280289670333349,0.209504363639101,2000,2000,"estimable"
"combined_minus_clinical","ridge",1095,"delta_brier",1.79619508727108e-05,-5.09021508895216e-05,8.89583225022087e-05,2000,2000,"estimable"
"combined_minus_clinical","ridge",1825,"delta_uno_c",0.00871541117613517,-0.178857242080781,0.183703579719918,2000,2000,"estimable"
"combined_minus_clinical","ridge",1825,"delta_brier",0.000152897554610759,-3.18087911899405e-05,0.000361151372688635,2000,2000,"estimable"
