stage_definition	block	metric	estimate	ci_low	ci_high	bootstrap_n	n_estimable	status
none	clinical	auc	0.423007724214036	0.343254399816385	0.50996359322337	2000	2000	estimable
none	combined	auc	0.439046181702388	0.367993106944816	0.50654848284877	2000	2000	estimable
provider	clinical	auc	0.415867549131216	0.322062734815239	0.51629312585239	2000	2000	estimable
provider	combined	auc	0.427871578216445	0.348686003367832	0.506409387298299	2000	2000	estimable
tnm	clinical	auc	0.433965223926492	0.341345438478299	0.532616311337715	2000	2000	estimable
tnm	combined	auc	0.442573814309735	0.358175051664326	0.525340569040689	2000	2000	estimable
none	clinical	brier	0.135648338758745	0.0797859455163995	0.201689207111763	2000	2000	estimable
none	combined	brier	0.135664687960071	0.079818710893688	0.201933380413883	2000	2000	estimable
provider	clinical	brier	0.13548284904177	0.0794906639479585	0.201596087191152	2000	2000	estimable
provider	combined	brier	0.135538553792727	0.0798226255051999	0.201574371366565	2000	2000	estimable
tnm	clinical	brier	0.135650118776933	0.079569296685659	0.201916991927289	2000	2000	estimable
tnm	combined	brier	0.135808723486744	0.0800993390578796	0.201678731275383	2000	2000	estimable
none	clinical	uno_c	0.604037958314411	0.42448929450907	0.780129433014205	2000	2000	estimable
none	combined	uno_c	0.622262300558657	0.494265154116416	0.744246113516102	2000	2000	estimable
provider	clinical	uno_c	0.57740991606808	0.394900130373207	0.77008501802607	2000	2000	estimable
provider	combined	uno_c	0.600227643875441	0.468526616105193	0.728168497497967	2000	2000	estimable
tnm	clinical	uno_c	0.645768963626178	0.478334882804954	0.80991826079353	2000	2000	estimable
tnm	combined	uno_c	0.631923767622997	0.500206704610098	0.76114162623631	2000	2000	estimable
