repeat	fold	k	subset	inner_auc	C
0	0	1	ADHFE1	0.939824	0.010000
0	0	2	ADHFE1+UNC5C	0.961773	0.010000
0	0	3	ADHFE1+UNC5C+GFRA1	0.966604	0.010000
0	0	4	ADHFE1+BEND5+UNC5C+GFRA1	0.965763	0.010000
0	0	5	ADHFE1+BEND5+UNC5C+RALYL+GFRA1	0.964923	0.100000
0	0	6	ZNF568+SFMBT2+ADHFE1+BEND5+UNC5C+GFRA1	0.964083	10.000000
0	0	7	EYA4+SFMBT2+ADHFE1+BEND5+UNC5C+RALYL+GFRA1	0.964293	10.000000
0	0	8	EYA4+SFMBT2+ADHFE1+HOXA2+BEND5+UNC5C+RALYL+GFRA1	0.964293	10.000000
0	0	9	EYA4+ZNF568+SFMBT2+ADHFE1+HOXA2+BEND5+UNC5C+RALYL+GFRA1	0.964293	10.000000
0	0	10	EYA4+ZNF568+ZNF793+SFMBT2+ADHFE1+HOXA2+BEND5+UNC5C+RALYL+GFRA1	0.959882	0.010000
0	1	1	ADHFE1	0.955261	0.010000
0	1	2	ADHFE1+GFRA1	0.982987	1.000000
0	1	3	ADHFE1+UNC5C+GFRA1	0.986978	0.010000
0	1	4	ZNF568+ADHFE1+UNC5C+GFRA1	0.986557	1.000000
0	1	5	ZNF568+ADHFE1+BEND5+UNC5C+GFRA1	0.986557	1.000000
0	1	6	ZNF568+ADHFE1+BEND5+UNC5C+RALYL+GFRA1	0.986137	1.000000
0	1	7	ZNF793+SFMBT2+ADHFE1+BEND5+UNC5C+RALYL+GFRA1	0.985927	1.000000
0	1	8	EYA4+ZNF568+ZNF793+SFMBT2+ADHFE1+BEND5+UNC5C+GFRA1	0.985507	0.100000
0	1	9	EYA4+ZNF568+ZNF793+SFMBT2+ADHFE1+BEND5+UNC5C+RALYL+GFRA1	0.985297	1.000000
0	1	10	EYA4+ZNF568+ZNF793+SFMBT2+ADHFE1+HOXA2+BEND5+UNC5C+RALYL+GFRA1	0.984457	0.010000
0	2	1	ADHFE1	0.940204	0.010000
0	2	2	ADHFE1+UNC5C	0.965102	10.000000
0	2	3	ADHFE1+HOXA2+UNC5C	0.968163	1.000000
0	2	4	ZNF793+ADHFE1+UNC5C+RALYL	0.967959	10.000000
0	2	5	ZNF793+ADHFE1+HOXA2+UNC5C+RALYL	0.968571	10.000000
0	2	6	ZNF793+ADHFE1+HOXA2+BEND5+UNC5C+RALYL	0.968367	10.000000
0	2	7	ZNF568+ZNF793+ADHFE1+HOXA2+BEND5+UNC5C+RALYL	0.967551	10.000000
0	2	8	ZNF568+ZNF793+ADHFE1+HOXA2+BEND5+UNC5C+RALYL+GFRA1	0.966531	10.000000
0	2	9	ZNF568+ZNF793+SFMBT2+ADHFE1+HOXA2+BEND5+UNC5C+RALYL+GFRA1	0.966122	10.000000
0	2	10	EYA4+ZNF568+ZNF793+SFMBT2+ADHFE1+HOXA2+BEND5+UNC5C+RALYL+GFRA1	0.964490	10.000000
0	3	1	HOXA2	0.953776	0.010000
0	3	2	ADHFE1+RALYL	0.973469	0.010000
0	3	3	ADHFE1+UNC5C+GFRA1	0.979796	0.010000
0	3	4	ADHFE1+UNC5C+RALYL+GFRA1	0.979388	0.010000
0	3	5	ZNF568+ADHFE1+UNC5C+RALYL+GFRA1	0.978163	0.010000
0	3	6	ZNF568+ADHFE1+BEND5+UNC5C+RALYL+GFRA1	0.977347	0.100000
0	3	7	EYA4+ZNF568+ADHFE1+BEND5+UNC5C+RALYL+GFRA1	0.976327	0.010000
0	3	8	EYA4+ZNF568+ADHFE1+HOXA2+BEND5+UNC5C+RALYL+GFRA1	0.975918	0.010000
0	3	9	EYA4+ZNF568+SFMBT2+ADHFE1+HOXA2+BEND5+UNC5C+RALYL+GFRA1	0.975510	0.010000
0	3	10	EYA4+ZNF568+ZNF793+SFMBT2+ADHFE1+HOXA2+BEND5+UNC5C+RALYL+GFRA1	0.975102	0.010000
0	4	1	ADHFE1	0.955204	0.010000
0	4	2	ADHFE1+UNC5C	0.968571	0.010000
0	4	3	EYA4+ADHFE1+UNC5C	0.970000	10.000000
0	4	4	EYA4+SFMBT2+ADHFE1+UNC5C	0.970000	10.000000
0	4	5	EYA4+SFMBT2+ADHFE1+HOXA2+UNC5C	0.970000	10.000000
0	4	6	EYA4+SFMBT2+ADHFE1+HOXA2+BEND5+UNC5C	0.969388	10.000000
0	4	7	EYA4+ZNF793+SFMBT2+ADHFE1+HOXA2+UNC5C+RALYL	0.968776	10.000000
0	4	8	EYA4+SFMBT2+ADHFE1+HOXA2+BEND5+UNC5C+RALYL+GFRA1	0.967347	10.000000
0	4	9	EYA4+ZNF568+SFMBT2+ADHFE1+HOXA2+BEND5+UNC5C+RALYL+GFRA1	0.965918	10.000000
0	4	10	EYA4+ZNF568+ZNF793+SFMBT2+ADHFE1+HOXA2+BEND5+UNC5C+RALYL+GFRA1	0.964286	10.000000
1	0	1	ADHFE1	0.941924	10.000000
1	0	2	ADHFE1+UNC5C	0.964503	10.000000
1	0	3	ADHFE1+HOXA2+UNC5C	0.967654	1.000000
1	0	4	ADHFE1+HOXA2+UNC5C+GFRA1	0.966394	10.000000
1	0	5	ADHFE1+HOXA2+BEND5+UNC5C+GFRA1	0.966394	10.000000
1	0	6	ZNF568+ADHFE1+BEND5+UNC5C+RALYL+GFRA1	0.964713	0.100000
1	0	7	ZNF568+ZNF793+ADHFE1+BEND5+UNC5C+RALYL+GFRA1	0.963453	0.100000
1	0	8	EYA4+ZNF568+ZNF793+ADHFE1+BEND5+UNC5C+RALYL+GFRA1	0.962193	0.010000
1	0	9	EYA4+ZNF568+ZNF793+SFMBT2+ADHFE1+BEND5+UNC5C+RALYL+GFRA1	0.961143	0.010000
1	0	10	EYA4+ZNF568+ZNF793+SFMBT2+ADHFE1+HOXA2+BEND5+UNC5C+RALYL+GFRA1	0.960512	0.010000
1	1	1	ADHFE1	0.941504	0.010000
1	1	2	HOXA2+UNC5C	0.973745	0.010000
1	1	3	ZNF568+HOXA2+UNC5C	0.976686	0.010000
1	1	4	ZNF793+HOXA2+BEND5+UNC5C	0.976686	0.010000
1	1	5	ZNF793+HOXA2+BEND5+UNC5C+RALYL	0.976896	0.010000
1	1	6	ZNF568+ZNF793+SFMBT2+ADHFE1+HOXA2+UNC5C	0.975215	10.000000
1	1	7	ZNF568+ZNF793+SFMBT2+ADHFE1+HOXA2+BEND5+UNC5C	0.975005	10.000000
1	1	8	EYA4+ZNF568+ZNF793+SFMBT2+HOXA2+BEND5+UNC5C+GFRA1	0.974165	10.000000
1	1	9	EYA4+ZNF568+ZNF793+SFMBT2+ADHFE1+HOXA2+UNC5C+RALYL+GFRA1	0.974165	10.000000
1	1	10	EYA4+ZNF568+ZNF793+SFMBT2+ADHFE1+HOXA2+BEND5+UNC5C+RALYL+GFRA1	0.974165	10.000000
1	2	1	ADHFE1	0.935612	0.010000
1	2	2	ADHFE1+UNC5C	0.965714	10.000000
1	2	3	ADHFE1+UNC5C+GFRA1	0.967347	0.010000
1	2	4	ADHFE1+BEND5+UNC5C+GFRA1	0.966735	0.010000
1	2	5	ZNF793+ADHFE1+BEND5+UNC5C+RALYL	0.965102	10.000000
1	2	6	ZNF793+SFMBT2+ADHFE1+BEND5+UNC5C+RALYL	0.965102	10.000000
1	2	7	ZNF568+ZNF793+SFMBT2+ADHFE1+UNC5C+RALYL+GFRA1	0.964082	10.000000
1	2	8	ZNF568+ZNF793+SFMBT2+ADHFE1+BEND5+UNC5C+RALYL+GFRA1	0.963673	10.000000
1	2	9	EYA4+ZNF568+ZNF793+SFMBT2+ADHFE1+BEND5+UNC5C+RALYL+GFRA1	0.961429	10.000000
1	2	10	EYA4+ZNF568+ZNF793+SFMBT2+ADHFE1+HOXA2+BEND5+UNC5C+RALYL+GFRA1	0.960408	0.010000
1	3	1	ADHFE1	0.953265	0.010000
1	3	2	ADHFE1+UNC5C	0.967959	0.010000
1	3	3	ADHFE1+UNC5C+GFRA1	0.967347	0.010000
1	3	4	ADHFE1+UNC5C+RALYL+GFRA1	0.966735	0.010000
1	3	5	ADHFE1+BEND5+UNC5C+RALYL+GFRA1	0.965306	0.100000
1	3	6	ADHFE1+HOXA2+BEND5+UNC5C+RALYL+GFRA1	0.964694	0.010000
1	3	7	ZNF568+ADHFE1+HOXA2+BEND5+UNC5C+RALYL+GFRA1	0.964490	0.010000
1	3	8	EYA4+ZNF568+ADHFE1+HOXA2+BEND5+UNC5C+RALYL+GFRA1	0.962653	0.010000
1	3	9	EYA4+ZNF568+ZNF793+ADHFE1+HOXA2+BEND5+UNC5C+RALYL+GFRA1	0.962041	0.010000
1	3	10	EYA4+ZNF568+ZNF793+SFMBT2+ADHFE1+HOXA2+BEND5+UNC5C+RALYL+GFRA1	0.960816	0.010000
1	4	1	ADHFE1	0.964898	0.100000
1	4	2	ADHFE1+UNC5C	0.988776	0.010000
1	4	3	ADHFE1+UNC5C+GFRA1	0.993061	0.010000
1	4	4	ADHFE1+BEND5+UNC5C+GFRA1	0.992857	0.010000
1	4	5	ZNF568+ADHFE1+UNC5C+RALYL+GFRA1	0.992041	0.010000
1	4	6	ZNF568+ADHFE1+BEND5+UNC5C+RALYL+GFRA1	0.991429	0.010000
1	4	7	ZNF568+SFMBT2+ADHFE1+BEND5+UNC5C+RALYL+GFRA1	0.990204	0.010000
1	4	8	ZNF568+SFMBT2+ADHFE1+HOXA2+BEND5+UNC5C+RALYL+GFRA1	0.989592	0.010000
1	4	9	EYA4+ZNF793+SFMBT2+ADHFE1+HOXA2+BEND5+UNC5C+RALYL+GFRA1	0.988367	0.010000
1	4	10	EYA4+ZNF568+ZNF793+SFMBT2+ADHFE1+HOXA2+BEND5+UNC5C+RALYL+GFRA1	0.987755	0.010000
2	0	1	ADHFE1	0.942029	0.010000
2	0	2	ADHFE1+UNC5C	0.964923	10.000000
2	0	3	ADHFE1+UNC5C+GFRA1	0.967654	0.010000
2	0	4	ADHFE1+UNC5C+RALYL+GFRA1	0.967864	0.010000
2	0	5	ADHFE1+BEND5+UNC5C+RALYL+GFRA1	0.966604	0.010000
2	0	6	ZNF568+ADHFE1+HOXA2+UNC5C+RALYL+GFRA1	0.965763	0.010000
2	0	7	ZNF568+ADHFE1+HOXA2+BEND5+UNC5C+RALYL+GFRA1	0.964923	0.010000
2	0	8	ZNF568+ZNF793+ADHFE1+HOXA2+BEND5+UNC5C+RALYL+GFRA1	0.963663	0.010000
2	0	9	ZNF568+ZNF793+SFMBT2+ADHFE1+HOXA2+BEND5+UNC5C+RALYL+GFRA1	0.962613	0.010000
2	0	10	EYA4+ZNF568+ZNF793+SFMBT2+ADHFE1+HOXA2+BEND5+UNC5C+RALYL+GFRA1	0.961353	0.010000
2	1	1	ADHFE1	0.962718	1.000000
2	1	2	ADHFE1+HOXA2	0.987188	0.010000
2	1	3	ADHFE1+HOXA2+UNC5C	0.989288	0.010000
2	1	4	ZNF793+ADHFE1+HOXA2+UNC5C	0.988448	0.010000
2	1	5	ADHFE1+HOXA2+UNC5C+RALYL+GFRA1	0.988238	0.010000
2	1	6	ADHFE1+HOXA2+BEND5+UNC5C+RALYL+GFRA1	0.987608	0.010000
2	1	7	EYA4+ADHFE1+HOXA2+BEND5+UNC5C+RALYL+GFRA1	0.987188	0.010000
2	1	8	ZNF793+SFMBT2+ADHFE1+HOXA2+BEND5+UNC5C+RALYL+GFRA1	0.986767	0.100000
2	1	9	EYA4+ZNF568+ZNF793+ADHFE1+HOXA2+BEND5+UNC5C+RALYL+GFRA1	0.986137	0.010000
2	1	10	EYA4+ZNF568+ZNF793+SFMBT2+ADHFE1+HOXA2+BEND5+UNC5C+RALYL+GFRA1	0.985507	0.010000
2	2	1	ADHFE1	0.946735	0.010000
2	2	2	ADHFE1+UNC5C	0.969184	0.010000
2	2	3	ADHFE1+HOXA2+UNC5C	0.967143	10.000000
2	2	4	ADHFE1+HOXA2+UNC5C+RALYL	0.967143	1.000000
2	2	5	ADHFE1+HOXA2+BEND5+UNC5C+RALYL	0.965918	1.000000
2	2	6	ADHFE1+HOXA2+BEND5+UNC5C+RALYL+GFRA1	0.964694	0.010000
2	2	7	EYA4+ADHFE1+HOXA2+BEND5+UNC5C+RALYL+GFRA1	0.963265	1.000000
2	2	8	EYA4+ZNF568+ADHFE1+HOXA2+BEND5+UNC5C+RALYL+GFRA1	0.962449	0.010000
2	2	9	EYA4+ZNF568+ZNF793+ADHFE1+HOXA2+BEND5+UNC5C+RALYL+GFRA1	0.962245	0.010000
2	2	10	EYA4+ZNF568+ZNF793+SFMBT2+ADHFE1+HOXA2+BEND5+UNC5C+RALYL+GFRA1	0.961429	0.010000
2	3	1	ADHFE1	0.936429	0.010000
2	3	2	ADHFE1+UNC5C	0.963673	10.000000
2	3	3	ADHFE1+UNC5C+GFRA1	0.968163	0.010000
2	3	4	ADHFE1+UNC5C+RALYL+GFRA1	0.967959	0.010000
2	3	5	ZNF793+ADHFE1+HOXA2+UNC5C+GFRA1	0.966327	10.000000
2	3	6	ZNF568+ZNF793+ADHFE1+HOXA2+UNC5C+GFRA1	0.965714	10.000000
2	3	7	EYA4+ZNF568+ADHFE1+BEND5+UNC5C+RALYL+GFRA1	0.963878	0.010000
2	3	8	EYA4+ZNF568+ADHFE1+HOXA2+BEND5+UNC5C+RALYL+GFRA1	0.962653	0.010000
2	3	9	EYA4+ZNF568+ZNF793+ADHFE1+HOXA2+BEND5+UNC5C+RALYL+GFRA1	0.962449	0.010000
2	3	10	EYA4+ZNF568+ZNF793+SFMBT2+ADHFE1+HOXA2+BEND5+UNC5C+RALYL+GFRA1	0.961633	0.010000
2	4	1	ADHFE1	0.953469	10.000000
2	4	2	ADHFE1+UNC5C	0.974082	10.000000
2	4	3	ADHFE1+UNC5C+GFRA1	0.978163	0.010000
2	4	4	ZNF568+ADHFE1+UNC5C+GFRA1	0.978163	0.010000
2	4	5	ZNF568+ADHFE1+UNC5C+RALYL+GFRA1	0.977551	0.010000
2	4	6	ZNF568+ZNF793+ADHFE1+UNC5C+RALYL+GFRA1	0.976327	0.010000
2	4	7	EYA4+ZNF568+ZNF793+ADHFE1+UNC5C+RALYL+GFRA1	0.975918	0.010000
2	4	8	EYA4+ZNF568+ADHFE1+HOXA2+BEND5+UNC5C+RALYL+GFRA1	0.974898	0.010000
2	4	9	EYA4+ZNF568+ZNF793+SFMBT2+ADHFE1+BEND5+UNC5C+RALYL+GFRA1	0.974490	0.010000
2	4	10	EYA4+ZNF568+ZNF793+SFMBT2+ADHFE1+HOXA2+BEND5+UNC5C+RALYL+GFRA1	0.974082	0.010000
3	0	1	ADHFE1	0.949170	0.010000
3	0	2	ADHFE1+UNC5C	0.974585	0.010000
3	0	3	ADHFE1+UNC5C+GFRA1	0.978156	0.010000
3	0	4	ADHFE1+UNC5C+RALYL+GFRA1	0.977946	0.010000
3	0	5	ADHFE1+BEND5+UNC5C+RALYL+GFRA1	0.977316	0.100000
3	0	6	EYA4+ADHFE1+BEND5+UNC5C+RALYL+GFRA1	0.975635	0.100000
3	0	7	EYA4+ZNF568+ADHFE1+BEND5+UNC5C+RALYL+GFRA1	0.975005	0.010000
3	0	8	ZNF568+SFMBT2+ADHFE1+HOXA2+BEND5+UNC5C+RALYL+GFRA1	0.974585	10.000000
3	0	9	EYA4+ZNF568+ZNF793+SFMBT2+ADHFE1+BEND5+UNC5C+RALYL+GFRA1	0.973745	0.100000
3	0	10	EYA4+ZNF568+ZNF793+SFMBT2+ADHFE1+HOXA2+BEND5+UNC5C+RALYL+GFRA1	0.972695	0.010000
3	1	1	ADHFE1	0.932997	0.010000
3	1	2	ADHFE1+UNC5C	0.958832	0.010000
3	1	3	ADHFE1+UNC5C+GFRA1	0.966604	0.010000
3	1	4	ADHFE1+UNC5C+RALYL+GFRA1	0.966394	0.100000
3	1	5	ZNF568+ZNF793+ADHFE1+UNC5C+GFRA1	0.965763	10.000000
3	1	6	ZNF568+ZNF793+ADHFE1+BEND5+UNC5C+GFRA1	0.965553	10.000000
3	1	7	ZNF568+ZNF793+ADHFE1+BEND5+UNC5C+RALYL+GFRA1	0.964083	1.000000
3	1	8	EYA4+ZNF568+ADHFE1+HOXA2+BEND5+UNC5C+RALYL+GFRA1	0.963033	0.010000
3	1	9	EYA4+ZNF568+SFMBT2+ADHFE1+HOXA2+BEND5+UNC5C+RALYL+GFRA1	0.961773	0.010000
3	1	10	EYA4+ZNF568+ZNF793+SFMBT2+ADHFE1+HOXA2+BEND5+UNC5C+RALYL+GFRA1	0.961353	0.010000
3	2	1	ADHFE1	0.962347	0.010000
3	2	2	HOXA2+UNC5C	0.974898	0.010000
3	2	3	ADHFE1+HOXA2+UNC5C	0.976122	0.010000
3	2	4	ADHFE1+HOXA2+BEND5+UNC5C	0.975714	0.010000
3	2	5	ADHFE1+HOXA2+BEND5+UNC5C+RALYL	0.974490	0.010000
3	2	6	ZNF793+ADHFE1+HOXA2+BEND5+UNC5C+GFRA1	0.973673	0.100000
3	2	7	ZNF793+ADHFE1+HOXA2+BEND5+UNC5C+RALYL+GFRA1	0.973469	0.010000
3	2	8	EYA4+ZNF793+ADHFE1+HOXA2+BEND5+UNC5C+RALYL+GFRA1	0.972653	0.010000
3	2	9	EYA4+ZNF568+ZNF793+SFMBT2+ADHFE1+HOXA2+BEND5+UNC5C+GFRA1	0.972449	10.000000
3	2	10	EYA4+ZNF568+ZNF793+SFMBT2+ADHFE1+HOXA2+BEND5+UNC5C+RALYL+GFRA1	0.972245	1.000000
3	3	1	ADHFE1	0.940918	0.100000
3	3	2	ZNF568+UNC5C	0.971020	10.000000
3	3	3	ZNF568+ZNF793+UNC5C	0.970612	10.000000
3	3	4	EYA4+ZNF568+ADHFE1+UNC5C	0.968776	10.000000
3	3	5	EYA4+ZNF568+ADHFE1+HOXA2+UNC5C	0.968776	10.000000
3	3	6	EYA4+ZNF568+ADHFE1+HOXA2+BEND5+UNC5C	0.967347	10.000000
3	3	7	SFMBT2+ADHFE1+HOXA2+BEND5+UNC5C+RALYL+GFRA1	0.965102	1.000000
3	3	8	EYA4+ZNF568+ZNF793+ADHFE1+BEND5+UNC5C+RALYL+GFRA1	0.963878	0.100000
3	3	9	EYA4+ZNF568+SFMBT2+ADHFE1+HOXA2+BEND5+UNC5C+RALYL+GFRA1	0.963061	1.000000
3	3	10	EYA4+ZNF568+ZNF793+SFMBT2+ADHFE1+HOXA2+BEND5+UNC5C+RALYL+GFRA1	0.962041	0.100000
3	4	1	ADHFE1	0.953469	0.010000
3	4	2	ADHFE1+GFRA1	0.975306	0.010000
3	4	3	ADHFE1+UNC5C+GFRA1	0.980816	0.010000
3	4	4	ADHFE1+UNC5C+RALYL+GFRA1	0.981020	0.100000
3	4	5	ADHFE1+BEND5+UNC5C+RALYL+GFRA1	0.980612	0.100000
3	4	6	ZNF568+ADHFE1+BEND5+UNC5C+RALYL+GFRA1	0.979592	0.100000
3	4	7	ZNF568+ZNF793+ADHFE1+BEND5+UNC5C+RALYL+GFRA1	0.978163	0.010000
3	4	8	ZNF568+ZNF793+ADHFE1+HOXA2+BEND5+UNC5C+RALYL+GFRA1	0.976735	0.010000
3	4	9	ZNF568+ZNF793+SFMBT2+ADHFE1+HOXA2+BEND5+UNC5C+RALYL+GFRA1	0.976122	0.010000
3	4	10	EYA4+ZNF568+ZNF793+SFMBT2+ADHFE1+HOXA2+BEND5+UNC5C+RALYL+GFRA1	0.974286	0.010000
4	0	1	ADHFE1	0.943289	0.010000
4	0	2	HOXA2+UNC5C	0.976265	1.000000
4	0	3	ADHFE1+HOXA2+UNC5C	0.979836	1.000000
4	0	4	ADHFE1+HOXA2+BEND5+UNC5C	0.979626	0.010000
4	0	5	ZNF568+ADHFE1+HOXA2+UNC5C+RALYL	0.979206	0.010000
4	0	6	ZNF568+ZNF793+SFMBT2+ADHFE1+HOXA2+UNC5C	0.979416	10.000000
4	0	7	ZNF568+ZNF793+SFMBT2+ADHFE1+HOXA2+BEND5+UNC5C	0.978996	10.000000
4	0	8	ZNF568+ZNF793+ADHFE1+HOXA2+BEND5+UNC5C+RALYL+GFRA1	0.979416	10.000000
4	0	9	ZNF568+ZNF793+SFMBT2+ADHFE1+HOXA2+BEND5+UNC5C+RALYL+GFRA1	0.979416	10.000000
4	0	10	EYA4+ZNF568+ZNF793+SFMBT2+ADHFE1+HOXA2+BEND5+UNC5C+RALYL+GFRA1	0.976055	10.000000
4	1	1	ADHFE1	0.954211	0.010000
4	1	2	ADHFE1+UNC5C	0.969964	0.010000
4	1	3	ADHFE1+HOXA2+UNC5C	0.968704	10.000000
4	1	4	EYA4+ADHFE1+UNC5C+RALYL	0.968074	10.000000
4	1	5	EYA4+ADHFE1+BEND5+UNC5C+RALYL	0.967654	10.000000
4	1	6	EYA4+ADHFE1+HOXA2+BEND5+UNC5C+RALYL	0.967024	10.000000
4	1	7	EYA4+SFMBT2+ADHFE1+HOXA2+BEND5+UNC5C+RALYL	0.965343	10.000000
4	1	8	ZNF568+SFMBT2+ADHFE1+HOXA2+BEND5+UNC5C+RALYL+GFRA1	0.963663	10.000000
4	1	9	EYA4+ZNF568+SFMBT2+ADHFE1+HOXA2+BEND5+UNC5C+RALYL+GFRA1	0.961353	10.000000
4	1	10	EYA4+ZNF568+ZNF793+SFMBT2+ADHFE1+HOXA2+BEND5+UNC5C+RALYL+GFRA1	0.959882	0.010000
4	2	1	ADHFE1	0.948061	0.010000
4	2	2	ADHFE1+GFRA1	0.969388	0.010000
4	2	3	ADHFE1+HOXA2+UNC5C	0.972653	0.010000
4	2	4	ZNF568+ADHFE1+HOXA2+UNC5C	0.972857	0.100000
4	2	5	EYA4+ZNF568+ZNF793+ADHFE1+UNC5C	0.972245	0.010000
4	2	6	EYA4+ZNF568+ADHFE1+HOXA2+UNC5C+RALYL	0.972449	0.010000
4	2	7	EYA4+ZNF568+ZNF793+ADHFE1+HOXA2+UNC5C+RALYL	0.972245	0.010000
4	2	8	EYA4+ZNF568+ZNF793+SFMBT2+ADHFE1+HOXA2+UNC5C+RALYL	0.971837	0.100000
4	2	9	EYA4+ZNF568+ZNF793+SFMBT2+ADHFE1+HOXA2+BEND5+UNC5C+RALYL	0.971633	0.010000
4	2	10	EYA4+ZNF568+ZNF793+SFMBT2+ADHFE1+HOXA2+BEND5+UNC5C+RALYL+GFRA1	0.971633	0.010000
4	3	1	ADHFE1	0.945408	0.010000
4	3	2	ADHFE1+UNC5C	0.965510	10.000000
4	3	3	ADHFE1+HOXA2+UNC5C	0.968571	0.010000
4	3	4	ADHFE1+HOXA2+BEND5+UNC5C	0.968367	0.010000
4	3	5	ZNF568+SFMBT2+ADHFE1+HOXA2+UNC5C	0.968571	10.000000
4	3	6	EYA4+ZNF568+SFMBT2+ADHFE1+UNC5C+GFRA1	0.968367	10.000000
4	3	7	EYA4+ZNF568+SFMBT2+ADHFE1+BEND5+UNC5C+GFRA1	0.968571	10.000000
4	3	8	EYA4+ZNF568+SFMBT2+ADHFE1+BEND5+UNC5C+RALYL+GFRA1	0.967959	10.000000
4	3	9	EYA4+ZNF568+SFMBT2+ADHFE1+HOXA2+BEND5+UNC5C+RALYL+GFRA1	0.966327	10.000000
4	3	10	EYA4+ZNF568+ZNF793+SFMBT2+ADHFE1+HOXA2+BEND5+UNC5C+RALYL+GFRA1	0.964898	10.000000
4	4	1	ADHFE1	0.951122	1.000000
4	4	2	ADHFE1+UNC5C	0.977959	10.000000
4	4	3	ADHFE1+UNC5C+GFRA1	0.980204	1.000000
4	4	4	ADHFE1+BEND5+UNC5C+GFRA1	0.979796	0.010000
4	4	5	ZNF793+ADHFE1+BEND5+UNC5C+RALYL	0.979184	10.000000
4	4	6	ZNF793+ADHFE1+HOXA2+UNC5C+RALYL+GFRA1	0.978367	10.000000
4	4	7	EYA4+ZNF793+ADHFE1+HOXA2+UNC5C+RALYL+GFRA1	0.977347	10.000000
4	4	8	EYA4+ZNF568+ZNF793+ADHFE1+BEND5+UNC5C+RALYL+GFRA1	0.975918	0.100000
4	4	9	EYA4+ZNF568+ZNF793+SFMBT2+ADHFE1+BEND5+UNC5C+RALYL+GFRA1	0.975102	0.100000
4	4	10	EYA4+ZNF568+ZNF793+SFMBT2+ADHFE1+HOXA2+BEND5+UNC5C+RALYL+GFRA1	0.973878	0.010000
5	0	1	ADHFE1	0.950431	0.010000
5	0	2	ADHFE1+UNC5C	0.968284	0.010000
5	0	3	ADHFE1+HOXA2+UNC5C	0.967444	0.010000
5	0	4	ADHFE1+BEND5+UNC5C+GFRA1	0.967234	0.010000
5	0	5	ADHFE1+HOXA2+BEND5+UNC5C+RALYL	0.965553	0.010000
5	0	6	ADHFE1+HOXA2+BEND5+UNC5C+RALYL+GFRA1	0.964713	0.010000
5	0	7	ZNF568+ADHFE1+HOXA2+BEND5+UNC5C+RALYL+GFRA1	0.963663	0.010000
5	0	8	EYA4+ZNF568+ADHFE1+HOXA2+BEND5+UNC5C+RALYL+GFRA1	0.962193	0.010000
5	0	9	EYA4+ZNF568+ZNF793+ADHFE1+HOXA2+BEND5+UNC5C+RALYL+GFRA1	0.961143	0.010000
5	0	10	EYA4+ZNF568+ZNF793+SFMBT2+ADHFE1+HOXA2+BEND5+UNC5C+RALYL+GFRA1	0.960302	0.010000
5	1	1	ADHFE1	0.947070	0.010000
5	1	2	ADHFE1+GFRA1	0.972485	0.010000
5	1	3	ADHFE1+UNC5C+GFRA1	0.979416	0.010000
5	1	4	ADHFE1+BEND5+UNC5C+GFRA1	0.978366	0.010000
5	1	5	ZNF568+ADHFE1+UNC5C+RALYL+GFRA1	0.977736	0.010000
5	1	6	ZNF568+ADHFE1+BEND5+UNC5C+RALYL+GFRA1	0.976896	0.010000
5	1	7	EYA4+ZNF568+ADHFE1+BEND5+UNC5C+RALYL+GFRA1	0.976265	0.010000
5	1	8	EYA4+ZNF568+SFMBT2+ADHFE1+BEND5+UNC5C+RALYL+GFRA1	0.975425	0.010000
5	1	9	EYA4+ZNF568+ZNF793+SFMBT2+ADHFE1+BEND5+UNC5C+RALYL+GFRA1	0.974795	0.010000
5	1	10	EYA4+ZNF568+ZNF793+SFMBT2+ADHFE1+HOXA2+BEND5+UNC5C+RALYL+GFRA1	0.973535	0.010000
5	2	1	ADHFE1	0.969286	0.100000
5	2	2	ADHFE1+GFRA1	0.985102	0.010000
5	2	3	ZNF568+ADHFE1+GFRA1	0.986531	0.010000
5	2	4	ZNF568+ADHFE1+HOXA2+UNC5C	0.988571	0.010000
5	2	5	ZNF568+ZNF793+ADHFE1+HOXA2+UNC5C	0.987755	0.010000
5	2	6	ZNF568+ZNF793+ADHFE1+HOXA2+UNC5C+RALYL	0.987551	0.010000
5	2	7	ZNF568+ZNF793+ADHFE1+HOXA2+BEND5+UNC5C+RALYL	0.986939	0.010000
5	2	8	EYA4+ZNF568+ZNF793+ADHFE1+HOXA2+UNC5C+RALYL+GFRA1	0.986531	0.010000
5	2	9	EYA4+ZNF568+ZNF793+SFMBT2+ADHFE1+HOXA2+UNC5C+RALYL+GFRA1	0.986327	0.010000
5	2	10	EYA4+ZNF568+ZNF793+SFMBT2+ADHFE1+HOXA2+BEND5+UNC5C+RALYL+GFRA1	0.986122	0.010000
5	3	1	ADHFE1	0.936735	0.010000
5	3	2	ZNF568+UNC5C	0.958776	0.010000
5	3	3	ADHFE1+UNC5C+GFRA1	0.965918	0.010000
5	3	4	ADHFE1+HOXA2+UNC5C+GFRA1	0.965306	10.000000
5	3	5	ADHFE1+HOXA2+BEND5+UNC5C+GFRA1	0.964082	10.000000
5	3	6	ZNF568+ADHFE1+HOXA2+BEND5+UNC5C+GFRA1	0.964490	10.000000
5	3	7	EYA4+ZNF568+ADHFE1+BEND5+UNC5C+RALYL+GFRA1	0.962857	0.010000
5	3	8	EYA4+ZNF568+ZNF793+ADHFE1+BEND5+UNC5C+RALYL+GFRA1	0.961224	0.010000
5	3	9	EYA4+ZNF568+ZNF793+SFMBT2+ADHFE1+BEND5+UNC5C+RALYL+GFRA1	0.961224	0.010000
5	3	10	EYA4+ZNF568+ZNF793+SFMBT2+ADHFE1+HOXA2+BEND5+UNC5C+RALYL+GFRA1	0.959592	0.010000
5	4	1	ADHFE1	0.938776	0.010000
5	4	2	ADHFE1+RALYL	0.964082	0.010000
5	4	3	ADHFE1+UNC5C+RALYL	0.968163	0.010000
5	4	4	ADHFE1+HOXA2+UNC5C+RALYL	0.967551	0.010000
5	4	5	ADHFE1+HOXA2+BEND5+UNC5C+RALYL	0.966939	0.010000
5	4	6	EYA4+SFMBT2+ADHFE1+HOXA2+UNC5C+GFRA1	0.966531	10.000000
5	4	7	EYA4+SFMBT2+ADHFE1+HOXA2+BEND5+UNC5C+GFRA1	0.965918	10.000000
5	4	8	EYA4+SFMBT2+ADHFE1+HOXA2+BEND5+UNC5C+RALYL+GFRA1	0.964898	10.000000
5	4	9	EYA4+ZNF568+ZNF793+ADHFE1+HOXA2+BEND5+UNC5C+RALYL+GFRA1	0.962041	0.010000
5	4	10	EYA4+ZNF568+ZNF793+SFMBT2+ADHFE1+HOXA2+BEND5+UNC5C+RALYL+GFRA1	0.961224	0.010000
6	0	1	ADHFE1	0.940874	0.010000
6	0	2	ADHFE1+UNC5C	0.968074	0.010000
6	0	3	ADHFE1+UNC5C+GFRA1	0.969334	0.010000
6	0	4	ADHFE1+BEND5+UNC5C+GFRA1	0.968284	0.010000
6	0	5	ADHFE1+BEND5+UNC5C+RALYL+GFRA1	0.967234	0.010000
6	0	6	ZNF568+ADHFE1+HOXA2+BEND5+UNC5C+RALYL	0.965343	0.010000
6	0	7	ZNF568+ADHFE1+HOXA2+BEND5+UNC5C+RALYL+GFRA1	0.964503	0.010000
6	0	8	ZNF568+ZNF793+ADHFE1+HOXA2+BEND5+UNC5C+RALYL+GFRA1	0.962613	0.010000
6	0	9	EYA4+ZNF568+ZNF793+ADHFE1+HOXA2+BEND5+UNC5C+RALYL+GFRA1	0.961563	0.010000
6	0	10	EYA4+ZNF568+ZNF793+SFMBT2+ADHFE1+HOXA2+BEND5+UNC5C+RALYL+GFRA1	0.960302	0.010000
6	1	1	ADHFE1	0.967129	0.010000
6	1	2	ADHFE1+GFRA1	0.988238	0.010000
6	1	3	ADHFE1+UNC5C+GFRA1	0.992859	0.010000
6	1	4	ADHFE1+UNC5C+RALYL+GFRA1	0.992649	0.010000
6	1	5	ADHFE1+HOXA2+UNC5C+RALYL+GFRA1	0.991388	0.010000
6	1	6	ADHFE1+HOXA2+BEND5+UNC5C+RALYL+GFRA1	0.990968	0.010000
6	1	7	ZNF568+ADHFE1+HOXA2+BEND5+UNC5C+RALYL+GFRA1	0.990338	0.010000
6	1	8	EYA4+ZNF568+ADHFE1+HOXA2+BEND5+UNC5C+RALYL+GFRA1	0.989498	0.010000
6	1	9	EYA4+ZNF568+ZNF793+ADHFE1+HOXA2+BEND5+UNC5C+RALYL+GFRA1	0.989288	0.010000
6	1	10	EYA4+ZNF568+ZNF793+SFMBT2+ADHFE1+HOXA2+BEND5+UNC5C+RALYL+GFRA1	0.988238	0.010000
6	2	1	ADHFE1	0.940000	0.100000
6	2	2	ADHFE1+UNC5C	0.962653	0.010000
6	2	3	ADHFE1+UNC5C+GFRA1	0.967143	0.010000
6	2	4	ADHFE1+HOXA2+BEND5+UNC5C	0.966327	0.010000
6	2	5	ADHFE1+BEND5+UNC5C+RALYL+GFRA1	0.965306	0.100000
6	2	6	ADHFE1+HOXA2+BEND5+UNC5C+RALYL+GFRA1	0.965102	0.010000
6	2	7	ZNF568+ADHFE1+HOXA2+BEND5+UNC5C+RALYL+GFRA1	0.964082	0.010000
6	2	8	ZNF568+ZNF793+ADHFE1+HOXA2+BEND5+UNC5C+RALYL+GFRA1	0.963061	0.010000
6	2	9	EYA4+ZNF568+ZNF793+ADHFE1+HOXA2+BEND5+UNC5C+RALYL+GFRA1	0.961429	0.010000
6	2	10	EYA4+ZNF568+ZNF793+SFMBT2+ADHFE1+HOXA2+BEND5+UNC5C+RALYL+GFRA1	0.960612	0.010000
6	3	1	ADHFE1	0.946939	0.010000
6	3	2	ADHFE1+UNC5C	0.967755	1.000000
6	3	3	EYA4+ADHFE1+UNC5C	0.966735	10.000000
6	3	4	EYA4+ADHFE1+HOXA2+UNC5C	0.966531	10.000000
6	3	5	EYA4+ADHFE1+HOXA2+UNC5C+RALYL	0.966531	10.000000
6	3	6	EYA4+SFMBT2+ADHFE1+HOXA2+UNC5C+GFRA1	0.965306	10.000000
6	3	7	EYA4+SFMBT2+ADHFE1+HOXA2+UNC5C+RALYL+GFRA1	0.965102	10.000000
6	3	8	EYA4+ZNF568+SFMBT2+ADHFE1+HOXA2+UNC5C+RALYL+GFRA1	0.963265	10.000000
6	3	9	EYA4+ZNF568+SFMBT2+ADHFE1+HOXA2+BEND5+UNC5C+RALYL+GFRA1	0.962245	10.000000
6	3	10	EYA4+ZNF568+ZNF793+SFMBT2+ADHFE1+HOXA2+BEND5+UNC5C+RALYL+GFRA1	0.959592	0.010000
6	4	1	ADHFE1	0.953163	0.010000
6	4	2	ZNF568+UNC5C	0.969184	0.100000
6	4	3	ADHFE1+UNC5C+GFRA1	0.971633	0.010000
6	4	4	ZNF568+ADHFE1+UNC5C+GFRA1	0.972449	0.010000
6	4	5	ZNF568+ZNF793+ADHFE1+UNC5C+GFRA1	0.972449	0.010000
6	4	6	EYA4+ZNF568+ZNF793+ADHFE1+UNC5C+GFRA1	0.972041	0.010000
6	4	7	EYA4+ZNF568+ZNF793+SFMBT2+ADHFE1+UNC5C+GFRA1	0.972245	0.010000
6	4	8	EYA4+ZNF568+ZNF793+SFMBT2+ADHFE1+UNC5C+RALYL+GFRA1	0.972041	0.010000
6	4	9	EYA4+ZNF568+ZNF793+SFMBT2+ADHFE1+BEND5+UNC5C+RALYL+GFRA1	0.971837	0.010000
6	4	10	EYA4+ZNF568+ZNF793+SFMBT2+ADHFE1+HOXA2+BEND5+UNC5C+RALYL+GFRA1	0.971224	0.010000
7	0	1	ADHFE1	0.957677	0.100000
7	0	2	ADHFE1+UNC5C	0.969544	0.010000
7	0	3	EYA4+ADHFE1+UNC5C	0.972275	10.000000
7	0	4	EYA4+ADHFE1+UNC5C+RALYL	0.972905	10.000000
7	0	5	EYA4+SFMBT2+ADHFE1+UNC5C+RALYL	0.971225	10.000000
7	0	6	EYA4+ADHFE1+BEND5+UNC5C+RALYL+GFRA1	0.970384	10.000000
7	0	7	EYA4+SFMBT2+ADHFE1+BEND5+UNC5C+RALYL+GFRA1	0.968284	10.000000
7	0	8	EYA4+SFMBT2+ADHFE1+HOXA2+BEND5+UNC5C+RALYL+GFRA1	0.966814	10.000000
7	0	9	EYA4+ZNF568+ZNF793+SFMBT2+ADHFE1+HOXA2+UNC5C+RALYL+GFRA1	0.962823	10.000000
7	0	10	EYA4+ZNF568+ZNF793+SFMBT2+ADHFE1+HOXA2+BEND5+UNC5C+RALYL+GFRA1	0.961353	1.000000
7	1	1	HOXA2	0.943499	0.010000
7	1	2	HOXA2+UNC5C	0.964398	0.010000
7	1	3	ADHFE1+HOXA2+UNC5C	0.966394	0.010000
7	1	4	EYA4+ADHFE1+HOXA2+UNC5C	0.967234	10.000000
7	1	5	EYA4+ADHFE1+HOXA2+UNC5C+GFRA1	0.968494	10.000000
7	1	6	EYA4+ADHFE1+HOXA2+BEND5+UNC5C+GFRA1	0.968494	10.000000
7	1	7	EYA4+SFMBT2+ADHFE1+HOXA2+BEND5+UNC5C+GFRA1	0.967444	10.000000
7	1	8	EYA4+ZNF568+SFMBT2+ADHFE1+HOXA2+BEND5+UNC5C+GFRA1	0.963243	10.000000
7	1	9	EYA4+ZNF568+ZNF793+ADHFE1+HOXA2+BEND5+UNC5C+RALYL+GFRA1	0.960092	0.010000
7	1	10	EYA4+ZNF568+ZNF793+SFMBT2+ADHFE1+HOXA2+BEND5+UNC5C+RALYL+GFRA1	0.958622	0.010000
7	2	1	ADHFE1	0.937653	0.010000
7	2	2	HOXA2+UNC5C	0.967551	1.000000
7	2	3	ADHFE1+UNC5C+RALYL	0.969592	0.010000
7	2	4	EYA4+ADHFE1+UNC5C+RALYL	0.968776	10.000000
7	2	5	EYA4+ADHFE1+HOXA2+UNC5C+RALYL	0.970000	10.000000
7	2	6	EYA4+ADHFE1+HOXA2+UNC5C+RALYL+GFRA1	0.969388	10.000000
7	2	7	EYA4+ZNF568+ADHFE1+HOXA2+UNC5C+RALYL+GFRA1	0.968367	10.000000
7	2	8	EYA4+ZNF793+SFMBT2+ADHFE1+BEND5+UNC5C+RALYL+GFRA1	0.968776	10.000000
7	2	9	EYA4+ZNF568+ZNF793+SFMBT2+ADHFE1+BEND5+UNC5C+RALYL+GFRA1	0.968571	10.000000
7	2	10	EYA4+ZNF568+ZNF793+SFMBT2+ADHFE1+HOXA2+BEND5+UNC5C+RALYL+GFRA1	0.967959	10.000000
7	3	1	UNC5C	0.938061	10.000000
7	3	2	ADHFE1+UNC5C	0.963265	10.000000
7	3	3	ADHFE1+UNC5C+GFRA1	0.967347	0.010000
7	3	4	ADHFE1+UNC5C+RALYL+GFRA1	0.967347	0.010000
7	3	5	ZNF568+ADHFE1+UNC5C+RALYL+GFRA1	0.966122	0.010000
7	3	6	ZNF568+ADHFE1+HOXA2+UNC5C+RALYL+GFRA1	0.964490	0.010000
7	3	7	ZNF568+ADHFE1+HOXA2+BEND5+UNC5C+RALYL+GFRA1	0.964082	0.010000
7	3	8	ZNF568+SFMBT2+ADHFE1+HOXA2+BEND5+UNC5C+RALYL+GFRA1	0.962857	0.010000
7	3	9	EYA4+ZNF568+SFMBT2+ADHFE1+HOXA2+BEND5+UNC5C+RALYL+GFRA1	0.961224	0.010000
7	3	10	EYA4+ZNF568+ZNF793+SFMBT2+ADHFE1+HOXA2+BEND5+UNC5C+RALYL+GFRA1	0.960612	0.010000
7	4	1	ADHFE1	0.970306	0.010000
7	4	2	EYA4+ADHFE1	0.998571	0.100000
7	4	3	EYA4+ADHFE1+GFRA1	1.000000	0.010000
7	4	4	EYA4+ZNF568+ZNF793+ADHFE1	1.000000	10.000000
7	4	5	EYA4+ZNF568+ZNF793+ADHFE1+BEND5	1.000000	10.000000
7	4	6	EYA4+ZNF568+ZNF793+SFMBT2+ADHFE1+GFRA1	1.000000	1.000000
7	4	7	EYA4+ZNF568+ZNF793+SFMBT2+ADHFE1+BEND5+GFRA1	1.000000	1.000000
7	4	8	EYA4+ZNF568+ZNF793+SFMBT2+ADHFE1+HOXA2+UNC5C+GFRA1	1.000000	10.000000
7	4	9	EYA4+ZNF568+ZNF793+SFMBT2+ADHFE1+HOXA2+UNC5C+RALYL+GFRA1	1.000000	10.000000
7	4	10	EYA4+ZNF568+ZNF793+SFMBT2+ADHFE1+HOXA2+BEND5+UNC5C+RALYL+GFRA1	0.999796	10.000000
8	0	1	ADHFE1	0.946755	0.010000
8	0	2	ADHFE1+UNC5C	0.974585	0.010000
8	0	3	ADHFE1+UNC5C+GFRA1	0.980256	0.010000
8	0	4	ADHFE1+UNC5C+RALYL+GFRA1	0.979416	0.010000
8	0	5	ADHFE1+HOXA2+BEND5+UNC5C+GFRA1	0.978366	0.010000
8	0	6	ADHFE1+HOXA2+BEND5+UNC5C+RALYL+GFRA1	0.978576	0.010000
8	0	7	ZNF568+ADHFE1+HOXA2+BEND5+UNC5C+RALYL+GFRA1	0.977106	0.010000
8	0	8	EYA4+ZNF568+ZNF793+ADHFE1+BEND5+UNC5C+RALYL+GFRA1	0.975215	0.010000
8	0	9	EYA4+ZNF568+SFMBT2+ADHFE1+HOXA2+BEND5+UNC5C+RALYL+GFRA1	0.974375	0.010000
8	0	10	EYA4+ZNF568+ZNF793+SFMBT2+ADHFE1+HOXA2+BEND5+UNC5C+RALYL+GFRA1	0.973325	0.010000
8	1	1	ADHFE1	0.943499	0.010000
8	1	2	ADHFE1+UNC5C	0.962823	0.010000
8	1	3	ADHFE1+UNC5C+GFRA1	0.966604	0.010000
8	1	4	ADHFE1+UNC5C+RALYL+GFRA1	0.966394	1.000000
8	1	5	ZNF568+ADHFE1+BEND5+UNC5C+RALYL	0.965343	0.010000
8	1	6	EYA4+ZNF568+SFMBT2+ADHFE1+UNC5C+GFRA1	0.965763	10.000000
8	1	7	EYA4+ZNF568+SFMBT2+ADHFE1+UNC5C+RALYL+GFRA1	0.967234	10.000000
8	1	8	EYA4+ZNF568+SFMBT2+ADHFE1+BEND5+UNC5C+RALYL+GFRA1	0.967864	10.000000
8	1	9	EYA4+ZNF568+SFMBT2+ADHFE1+HOXA2+BEND5+UNC5C+RALYL+GFRA1	0.966604	10.000000
8	1	10	EYA4+ZNF568+ZNF793+SFMBT2+ADHFE1+HOXA2+BEND5+UNC5C+RALYL+GFRA1	0.962403	0.010000
8	2	1	ADHFE1	0.939184	0.010000
8	2	2	ADHFE1+UNC5C	0.971837	10.000000
8	2	3	ADHFE1+UNC5C+GFRA1	0.979184	0.010000
8	2	4	ADHFE1+UNC5C+RALYL+GFRA1	0.978367	0.100000
8	2	5	SFMBT2+ADHFE1+UNC5C+RALYL+GFRA1	0.976735	0.100000
8	2	6	ZNF568+ADHFE1+BEND5+UNC5C+RALYL+GFRA1	0.976122	0.010000
8	2	7	EYA4+ZNF568+ADHFE1+BEND5+UNC5C+RALYL+GFRA1	0.975306	0.010000
8	2	8	EYA4+ZNF568+ZNF793+ADHFE1+HOXA2+UNC5C+RALYL+GFRA1	0.974490	0.010000
8	2	9	EYA4+ZNF568+SFMBT2+ADHFE1+HOXA2+BEND5+UNC5C+RALYL+GFRA1	0.974286	0.010000
8	2	10	EYA4+ZNF568+ZNF793+SFMBT2+ADHFE1+HOXA2+BEND5+UNC5C+RALYL+GFRA1	0.973878	0.010000
8	3	1	ADHFE1	0.963980	0.010000
8	3	2	ADHFE1+UNC5C	0.972245	10.000000
8	3	3	ADHFE1+HOXA2+UNC5C	0.972653	1.000000
8	3	4	ZNF568+ADHFE1+HOXA2+UNC5C	0.972449	0.010000
8	3	5	ZNF568+ADHFE1+BEND5+UNC5C+GFRA1	0.972041	10.000000
8	3	6	EYA4+ZNF568+ZNF793+ADHFE1+UNC5C+RALYL	0.971837	1.000000
8	3	7	EYA4+ZNF568+ZNF793+SFMBT2+ADHFE1+UNC5C+GFRA1	0.971837	0.010000
8	3	8	EYA4+ZNF568+ZNF793+SFMBT2+ADHFE1+BEND5+UNC5C+GFRA1	0.971837	10.000000
8	3	9	EYA4+ZNF568+ZNF793+SFMBT2+ADHFE1+BEND5+UNC5C+RALYL+GFRA1	0.971224	10.000000
8	3	10	EYA4+ZNF568+ZNF793+SFMBT2+ADHFE1+HOXA2+BEND5+UNC5C+RALYL+GFRA1	0.970408	0.010000
8	4	1	ADHFE1	0.940714	0.010000
8	4	2	ADHFE1+UNC5C	0.966735	0.010000
8	4	3	ADHFE1+HOXA2+UNC5C	0.969184	0.010000
8	4	4	ADHFE1+BEND5+UNC5C+GFRA1	0.970000	0.010000
8	4	5	EYA4+SFMBT2+ADHFE1+UNC5C+GFRA1	0.968980	10.000000
8	4	6	EYA4+ZNF568+ADHFE1+HOXA2+UNC5C+GFRA1	0.968980	10.000000
8	4	7	EYA4+ZNF568+SFMBT2+ADHFE1+HOXA2+UNC5C+GFRA1	0.967959	10.000000
8	4	8	EYA4+ZNF568+ZNF793+SFMBT2+ADHFE1+HOXA2+UNC5C+GFRA1	0.967551	10.000000
8	4	9	EYA4+ZNF568+ZNF793+SFMBT2+ADHFE1+HOXA2+BEND5+UNC5C+GFRA1	0.964082	10.000000
8	4	10	EYA4+ZNF568+ZNF793+SFMBT2+ADHFE1+HOXA2+BEND5+UNC5C+RALYL+GFRA1	0.961837	1.000000
9	0	1	ADHFE1	0.934993	0.010000
9	0	2	HOXA2+UNC5C	0.967654	1.000000
9	0	3	ADHFE1+HOXA2+UNC5C	0.967654	10.000000
9	0	4	SFMBT2+ADHFE1+HOXA2+UNC5C	0.969754	10.000000
9	0	5	SFMBT2+ADHFE1+HOXA2+BEND5+UNC5C	0.969544	10.000000
9	0	6	ZNF793+SFMBT2+ADHFE1+HOXA2+BEND5+UNC5C	0.969754	10.000000
9	0	7	ZNF568+ZNF793+SFMBT2+ADHFE1+HOXA2+BEND5+UNC5C	0.967444	10.000000
9	0	8	EYA4+ZNF793+SFMBT2+ADHFE1+HOXA2+BEND5+UNC5C+GFRA1	0.966184	10.000000
9	0	9	EYA4+ZNF793+SFMBT2+ADHFE1+HOXA2+BEND5+UNC5C+RALYL+GFRA1	0.965974	10.000000
9	0	10	EYA4+ZNF568+ZNF793+SFMBT2+ADHFE1+HOXA2+BEND5+UNC5C+RALYL+GFRA1	0.964293	10.000000
9	1	1	ADHFE1	0.944760	0.010000
9	1	2	ADHFE1+GFRA1	0.962823	0.010000
9	1	3	ADHFE1+UNC5C+RALYL	0.967444	1.000000
9	1	4	EYA4+ADHFE1+UNC5C+RALYL	0.970384	10.000000
9	1	5	EYA4+SFMBT2+ADHFE1+UNC5C+GFRA1	0.971855	10.000000
9	1	6	EYA4+SFMBT2+ADHFE1+UNC5C+RALYL+GFRA1	0.971855	10.000000
9	1	7	EYA4+SFMBT2+ADHFE1+BEND5+UNC5C+RALYL+GFRA1	0.971645	10.000000
9	1	8	EYA4+SFMBT2+ADHFE1+HOXA2+BEND5+UNC5C+RALYL+GFRA1	0.970384	10.000000
9	1	9	EYA4+ZNF568+SFMBT2+ADHFE1+HOXA2+BEND5+UNC5C+RALYL+GFRA1	0.968494	10.000000
9	1	10	EYA4+ZNF568+ZNF793+SFMBT2+ADHFE1+HOXA2+BEND5+UNC5C+RALYL+GFRA1	0.966604	10.000000
9	2	1	ADHFE1	0.950918	0.010000
9	2	2	ADHFE1+UNC5C	0.978367	0.010000
9	2	3	ADHFE1+UNC5C+GFRA1	0.981224	0.010000
9	2	4	ADHFE1+UNC5C+RALYL+GFRA1	0.981020	0.010000
9	2	5	ZNF568+ADHFE1+BEND5+UNC5C+GFRA1	0.979184	0.010000
9	2	6	ZNF568+ADHFE1+BEND5+UNC5C+RALYL+GFRA1	0.978776	0.010000
9	2	7	ZNF568+SFMBT2+ADHFE1+BEND5+UNC5C+RALYL+GFRA1	0.977959	0.010000
9	2	8	EYA4+ZNF568+ZNF793+ADHFE1+BEND5+UNC5C+RALYL+GFRA1	0.976735	0.010000
9	2	9	EYA4+ZNF568+ZNF793+SFMBT2+ADHFE1+BEND5+UNC5C+RALYL+GFRA1	0.976122	0.010000
9	2	10	EYA4+ZNF568+ZNF793+SFMBT2+ADHFE1+HOXA2+BEND5+UNC5C+RALYL+GFRA1	0.974490	0.010000
9	3	1	ADHFE1	0.959592	0.010000
9	3	2	ADHFE1+GFRA1	0.982653	0.010000
9	3	3	ADHFE1+UNC5C+GFRA1	0.985306	0.010000
9	3	4	EYA4+ZNF793+ADHFE1+GFRA1	0.985306	0.010000
9	3	5	EYA4+ZNF568+ZNF793+ADHFE1+GFRA1	0.985510	0.010000
9	3	6	EYA4+ZNF568+ZNF793+ADHFE1+UNC5C+GFRA1	0.985510	0.010000
9	3	7	EYA4+ZNF568+ZNF793+ADHFE1+HOXA2+UNC5C+GFRA1	0.985306	0.010000
9	3	8	EYA4+ZNF568+ZNF793+SFMBT2+ADHFE1+HOXA2+UNC5C+GFRA1	0.985102	0.010000
9	3	9	EYA4+ZNF568+ZNF793+SFMBT2+ADHFE1+HOXA2+UNC5C+RALYL+GFRA1	0.984694	0.010000
9	3	10	EYA4+ZNF568+ZNF793+SFMBT2+ADHFE1+HOXA2+BEND5+UNC5C+RALYL+GFRA1	0.984490	0.010000
9	4	1	ADHFE1	0.953367	0.010000
9	4	2	ADHFE1+UNC5C	0.970816	0.010000
9	4	3	EYA4+ADHFE1+UNC5C	0.969592	10.000000
9	4	4	EYA4+ADHFE1+HOXA2+UNC5C	0.971020	10.000000
9	4	5	EYA4+ZNF568+ADHFE1+UNC5C+GFRA1	0.969388	10.000000
9	4	6	EYA4+ZNF568+ADHFE1+UNC5C+RALYL+GFRA1	0.968980	10.000000
9	4	7	EYA4+ZNF568+ZNF793+ADHFE1+BEND5+UNC5C+GFRA1	0.967347	10.000000
9	4	8	EYA4+ZNF568+ZNF793+ADHFE1+HOXA2+BEND5+UNC5C+GFRA1	0.966531	10.000000
9	4	9	EYA4+ZNF568+ZNF793+SFMBT2+ADHFE1+HOXA2+BEND5+UNC5C+GFRA1	0.964694	10.000000
9	4	10	EYA4+ZNF568+ZNF793+SFMBT2+ADHFE1+HOXA2+BEND5+UNC5C+RALYL+GFRA1	0.961020	0.100000
10	0	1	ADHFE1	0.940664	0.010000
10	0	2	HOXA2+UNC5C	0.963873	1.000000
10	0	3	ADHFE1+UNC5C+RALYL	0.967234	0.010000
10	0	4	EYA4+ADHFE1+HOXA2+UNC5C	0.967444	10.000000
10	0	5	EYA4+ADHFE1+UNC5C+RALYL+GFRA1	0.967444	10.000000
10	0	6	EYA4+ADHFE1+BEND5+UNC5C+RALYL+GFRA1	0.966814	10.000000
10	0	7	EYA4+ZNF793+SFMBT2+ADHFE1+HOXA2+BEND5+UNC5C	0.965974	10.000000
10	0	8	EYA4+SFMBT2+ADHFE1+HOXA2+BEND5+UNC5C+RALYL+GFRA1	0.964923	10.000000
10	0	9	ZNF568+ZNF793+SFMBT2+ADHFE1+HOXA2+BEND5+UNC5C+RALYL+GFRA1	0.964293	10.000000
10	0	10	EYA4+ZNF568+ZNF793+SFMBT2+ADHFE1+HOXA2+BEND5+UNC5C+RALYL+GFRA1	0.962823	10.000000
10	1	1	ADHFE1	0.951271	0.010000
10	1	2	ADHFE1+UNC5C	0.971225	0.010000
10	1	3	ADHFE1+BEND5+UNC5C	0.968284	0.100000
10	1	4	ADHFE1+UNC5C+RALYL+GFRA1	0.967864	0.010000
10	1	5	ADHFE1+BEND5+UNC5C+RALYL+GFRA1	0.967024	0.010000
10	1	6	ADHFE1+HOXA2+BEND5+UNC5C+RALYL+GFRA1	0.965763	0.010000
10	1	7	ZNF568+ADHFE1+HOXA2+BEND5+UNC5C+RALYL+GFRA1	0.964083	0.010000
10	1	8	EYA4+ZNF568+ZNF793+ADHFE1+BEND5+UNC5C+RALYL+GFRA1	0.962403	0.010000
10	1	9	EYA4+ZNF568+ZNF793+SFMBT2+ADHFE1+BEND5+UNC5C+RALYL+GFRA1	0.961563	0.010000
10	1	10	EYA4+ZNF568+ZNF793+SFMBT2+ADHFE1+HOXA2+BEND5+UNC5C+RALYL+GFRA1	0.960933	0.010000
10	2	1	ADHFE1	0.956837	0.100000
10	2	2	ADHFE1+GFRA1	0.982449	1.000000
10	2	3	ADHFE1+UNC5C+GFRA1	0.987959	0.010000
10	2	4	ZNF793+ADHFE1+UNC5C+GFRA1	0.987755	0.010000
10	2	5	ZNF568+ADHFE1+HOXA2+UNC5C+GFRA1	0.987551	0.010000
10	2	6	ZNF568+ADHFE1+HOXA2+UNC5C+RALYL+GFRA1	0.986531	0.010000
10	2	7	EYA4+ZNF568+ZNF793+SFMBT2+ADHFE1+BEND5+GFRA1	0.985714	10.000000
10	2	8	EYA4+ZNF568+ZNF793+ADHFE1+HOXA2+UNC5C+RALYL+GFRA1	0.985714	0.010000
10	2	9	EYA4+ZNF568+ZNF793+ADHFE1+HOXA2+BEND5+UNC5C+RALYL+GFRA1	0.985510	0.010000
10	2	10	EYA4+ZNF568+ZNF793+SFMBT2+ADHFE1+HOXA2+BEND5+UNC5C+RALYL+GFRA1	0.984694	0.010000
10	3	1	ADHFE1	0.941429	0.010000
10	3	2	ADHFE1+GFRA1	0.961020	0.010000
10	3	3	ADHFE1+UNC5C+GFRA1	0.965510	0.010000
10	3	4	SFMBT2+ADHFE1+UNC5C+GFRA1	0.964286	10.000000
10	3	5	ZNF568+SFMBT2+ADHFE1+UNC5C+GFRA1	0.966122	10.000000
10	3	6	EYA4+SFMBT2+ADHFE1+BEND5+UNC5C+GFRA1	0.967551	10.000000
10	3	7	EYA4+ZNF568+SFMBT2+ADHFE1+BEND5+UNC5C+GFRA1	0.967143	10.000000
10	3	8	EYA4+ZNF568+SFMBT2+ADHFE1+HOXA2+BEND5+UNC5C+GFRA1	0.966531	10.000000
10	3	9	EYA4+ZNF568+ZNF793+SFMBT2+ADHFE1+HOXA2+BEND5+UNC5C+GFRA1	0.965102	10.000000
10	3	10	EYA4+ZNF568+ZNF793+SFMBT2+ADHFE1+HOXA2+BEND5+UNC5C+RALYL+GFRA1	0.959796	0.010000
10	4	1	ADHFE1	0.948980	0.010000
10	4	2	ADHFE1+UNC5C	0.972245	10.000000
10	4	3	ADHFE1+UNC5C+GFRA1	0.978571	0.010000
10	4	4	ADHFE1+BEND5+UNC5C+GFRA1	0.978163	0.010000
10	4	5	ADHFE1+BEND5+UNC5C+RALYL+GFRA1	0.977347	0.100000
10	4	6	ADHFE1+HOXA2+BEND5+UNC5C+RALYL+GFRA1	0.976735	0.010000
10	4	7	ZNF568+ADHFE1+HOXA2+BEND5+UNC5C+RALYL+GFRA1	0.976327	0.010000
10	4	8	EYA4+ZNF568+ADHFE1+HOXA2+BEND5+UNC5C+RALYL+GFRA1	0.975714	0.010000
10	4	9	EYA4+ZNF568+SFMBT2+ADHFE1+HOXA2+BEND5+UNC5C+RALYL+GFRA1	0.974898	0.010000
10	4	10	EYA4+ZNF568+ZNF793+SFMBT2+ADHFE1+HOXA2+BEND5+UNC5C+RALYL+GFRA1	0.974082	0.010000
11	0	1	ADHFE1	0.959987	0.010000
11	0	2	ADHFE1+UNC5C	0.980256	0.010000
11	0	3	ADHFE1+UNC5C+GFRA1	0.979626	0.010000
11	0	4	ADHFE1+BEND5+UNC5C+GFRA1	0.979626	0.010000
11	0	5	ADHFE1+BEND5+UNC5C+RALYL+GFRA1	0.978996	0.010000
11	0	6	ZNF568+ADHFE1+BEND5+UNC5C+RALYL+GFRA1	0.977946	0.010000
11	0	7	ZNF793+SFMBT2+ADHFE1+BEND5+UNC5C+RALYL+GFRA1	0.976686	0.010000
11	0	8	EYA4+ZNF793+SFMBT2+ADHFE1+BEND5+UNC5C+RALYL+GFRA1	0.975635	0.010000
11	0	9	EYA4+ZNF568+ZNF793+SFMBT2+ADHFE1+BEND5+UNC5C+RALYL+GFRA1	0.975005	0.010000
11	0	10	EYA4+ZNF568+ZNF793+SFMBT2+ADHFE1+HOXA2+BEND5+UNC5C+RALYL+GFRA1	0.974165	0.010000
11	1	1	ADHFE1	0.936778	0.010000
11	1	2	HOXA2+UNC5C	0.963453	10.000000
11	1	3	ADHFE1+HOXA2+UNC5C	0.966184	0.010000
11	1	4	ADHFE1+UNC5C+RALYL+GFRA1	0.965763	0.010000
11	1	5	ZNF568+ADHFE1+BEND5+UNC5C+GFRA1	0.965553	0.010000
11	1	6	ZNF568+ADHFE1+HOXA2+UNC5C+RALYL+GFRA1	0.965553	0.010000
11	1	7	ZNF568+ZNF793+ADHFE1+HOXA2+UNC5C+RALYL+GFRA1	0.964293	0.010000
11	1	8	ZNF568+SFMBT2+ADHFE1+HOXA2+BEND5+UNC5C+RALYL+GFRA1	0.963453	0.010000
11	1	9	ZNF568+ZNF793+SFMBT2+ADHFE1+HOXA2+BEND5+UNC5C+RALYL+GFRA1	0.962613	0.100000
11	1	10	EYA4+ZNF568+ZNF793+SFMBT2+ADHFE1+HOXA2+BEND5+UNC5C+RALYL+GFRA1	0.961563	0.010000
11	2	1	ADHFE1	0.953571	1.000000
11	2	2	ZNF568+ADHFE1	0.969592	0.010000
11	2	3	ADHFE1+UNC5C+GFRA1	0.973878	0.010000
11	2	4	ADHFE1+BEND5+UNC5C+GFRA1	0.974082	10.000000
11	2	5	ADHFE1+BEND5+UNC5C+RALYL+GFRA1	0.973673	10.000000
11	2	6	EYA4+ZNF568+ZNF793+ADHFE1+UNC5C+GFRA1	0.972245	0.010000
11	2	7	EYA4+ZNF568+ZNF793+ADHFE1+BEND5+UNC5C+GFRA1	0.972041	0.010000
11	2	8	EYA4+ZNF568+ZNF793+SFMBT2+ADHFE1+UNC5C+RALYL+GFRA1	0.971429	0.100000
11	2	9	EYA4+ZNF568+ZNF793+SFMBT2+ADHFE1+BEND5+UNC5C+RALYL+GFRA1	0.971224	0.100000
11	2	10	EYA4+ZNF568+ZNF793+SFMBT2+ADHFE1+HOXA2+BEND5+UNC5C+RALYL+GFRA1	0.970204	0.010000
11	3	1	ADHFE1	0.928061	0.010000
11	3	2	ADHFE1+UNC5C	0.962245	0.010000
11	3	3	ADHFE1+UNC5C+GFRA1	0.967347	0.010000
11	3	4	ZNF568+ADHFE1+HOXA2+UNC5C	0.966939	10.000000
11	3	5	ZNF568+SFMBT2+ADHFE1+HOXA2+UNC5C	0.968163	10.000000
11	3	6	ZNF568+SFMBT2+ADHFE1+HOXA2+BEND5+UNC5C	0.967347	10.000000
11	3	7	ZNF568+SFMBT2+ADHFE1+HOXA2+UNC5C+RALYL+GFRA1	0.967143	10.000000
11	3	8	ZNF568+SFMBT2+ADHFE1+HOXA2+BEND5+UNC5C+RALYL+GFRA1	0.966735	10.000000
11	3	9	EYA4+ZNF568+ZNF793+SFMBT2+ADHFE1+HOXA2+UNC5C+RALYL+GFRA1	0.965510	10.000000
11	3	10	EYA4+ZNF568+ZNF793+SFMBT2+ADHFE1+HOXA2+BEND5+UNC5C+RALYL+GFRA1	0.964082	1.000000
11	4	1	ADHFE1	0.961327	0.010000
11	4	2	ADHFE1+UNC5C	0.979388	10.000000
11	4	3	ADHFE1+HOXA2+UNC5C	0.981837	0.010000
11	4	4	ADHFE1+HOXA2+BEND5+UNC5C	0.982653	0.010000
11	4	5	SFMBT2+ADHFE1+HOXA2+UNC5C+GFRA1	0.983265	10.000000
11	4	6	EYA4+SFMBT2+ADHFE1+HOXA2+UNC5C+GFRA1	0.986122	10.000000
11	4	7	EYA4+SFMBT2+ADHFE1+HOXA2+UNC5C+RALYL+GFRA1	0.986327	10.000000
11	4	8	EYA4+SFMBT2+ADHFE1+HOXA2+BEND5+UNC5C+RALYL+GFRA1	0.985918	10.000000
11	4	9	EYA4+ZNF568+SFMBT2+ADHFE1+HOXA2+BEND5+UNC5C+RALYL+GFRA1	0.985510	10.000000
11	4	10	EYA4+ZNF568+ZNF793+SFMBT2+ADHFE1+HOXA2+BEND5+UNC5C+RALYL+GFRA1	0.983061	10.000000
12	0	1	ADHFE1	0.931317	0.010000
12	0	2	HOXA2+UNC5C	0.963663	10.000000
12	0	3	ADHFE1+UNC5C+GFRA1	0.966604	0.010000
12	0	4	ADHFE1+UNC5C+RALYL+GFRA1	0.967024	0.010000
12	0	5	ADHFE1+BEND5+UNC5C+RALYL+GFRA1	0.965343	0.010000
12	0	6	EYA4+SFMBT2+ADHFE1+UNC5C+RALYL+GFRA1	0.965133	10.000000
12	0	7	EYA4+SFMBT2+ADHFE1+BEND5+UNC5C+RALYL+GFRA1	0.964083	10.000000
12	0	8	ZNF568+ZNF793+ADHFE1+HOXA2+BEND5+UNC5C+RALYL+GFRA1	0.962613	0.010000
12	0	9	EYA4+ZNF568+ZNF793+ADHFE1+HOXA2+BEND5+UNC5C+RALYL+GFRA1	0.961773	0.010000
12	0	10	EYA4+ZNF568+ZNF793+SFMBT2+ADHFE1+HOXA2+BEND5+UNC5C+RALYL+GFRA1	0.960723	0.010000
12	1	1	ADHFE1	0.942134	0.010000
12	1	2	ADHFE1+UNC5C	0.962193	0.010000
12	1	3	ADHFE1+UNC5C+GFRA1	0.967024	0.010000
12	1	4	ADHFE1+UNC5C+RALYL+GFRA1	0.966604	0.010000
12	1	5	SFMBT2+ADHFE1+BEND5+UNC5C+GFRA1	0.964923	10.000000
12	1	6	EYA4+SFMBT2+ADHFE1+BEND5+UNC5C+GFRA1	0.965343	10.000000
12	1	7	EYA4+ZNF568+SFMBT2+ADHFE1+BEND5+UNC5C+GFRA1	0.965133	10.000000
12	1	8	EYA4+ZNF568+SFMBT2+ADHFE1+HOXA2+BEND5+UNC5C+GFRA1	0.963033	10.000000
12	1	9	EYA4+ZNF568+SFMBT2+ADHFE1+HOXA2+BEND5+UNC5C+RALYL+GFRA1	0.960933	1.000000
12	1	10	EYA4+ZNF568+ZNF793+SFMBT2+ADHFE1+HOXA2+BEND5+UNC5C+RALYL+GFRA1	0.959672	0.010000
12	2	1	ADHFE1	0.951224	0.010000
12	2	2	ADHFE1+UNC5C	0.969796	0.010000
12	2	3	ADHFE1+UNC5C+GFRA1	0.968163	0.010000
12	2	4	EYA4+ADHFE1+UNC5C+RALYL	0.968776	10.000000
12	2	5	EYA4+ZNF568+ADHFE1+UNC5C+RALYL	0.968980	10.000000
12	2	6	EYA4+ZNF568+ADHFE1+BEND5+UNC5C+RALYL	0.968980	10.000000
12	2	7	EYA4+ZNF568+ADHFE1+HOXA2+BEND5+UNC5C+RALYL	0.967347	10.000000
12	2	8	EYA4+ZNF568+SFMBT2+ADHFE1+HOXA2+BEND5+UNC5C+RALYL	0.963878	10.000000
12	2	9	EYA4+ZNF568+SFMBT2+ADHFE1+HOXA2+BEND5+UNC5C+RALYL+GFRA1	0.962449	1.000000
12	2	10	EYA4+ZNF568+ZNF793+SFMBT2+ADHFE1+HOXA2+BEND5+UNC5C+RALYL+GFRA1	0.961837	0.010000
12	3	1	ADHFE1	0.980204	0.010000
12	3	2	ZNF568+ADHFE1	0.997143	0.010000
12	3	3	ZNF568+ADHFE1+GFRA1	0.999592	0.010000
12	3	4	ZNF568+ZNF793+ADHFE1+GFRA1	1.000000	0.010000
12	3	5	EYA4+ZNF568+ZNF793+ADHFE1+GFRA1	1.000000	0.010000
12	3	6	EYA4+ZNF568+ZNF793+ADHFE1+UNC5C+GFRA1	1.000000	0.010000
12	3	7	EYA4+ZNF568+ZNF793+ADHFE1+UNC5C+RALYL+GFRA1	1.000000	0.100000
12	3	8	EYA4+ZNF568+ZNF793+SFMBT2+ADHFE1+UNC5C+RALYL+GFRA1	0.999796	0.100000
12	3	9	EYA4+ZNF568+ZNF793+SFMBT2+ADHFE1+BEND5+UNC5C+RALYL+GFRA1	0.999388	1.000000
12	3	10	EYA4+ZNF568+ZNF793+SFMBT2+ADHFE1+HOXA2+BEND5+UNC5C+RALYL+GFRA1	0.998776	10.000000
12	4	1	ADHFE1	0.935918	0.010000
12	4	2	HOXA2+UNC5C	0.962857	1.000000
12	4	3	ADHFE1+HOXA2+UNC5C	0.967551	0.010000
12	4	4	ADHFE1+BEND5+UNC5C+GFRA1	0.967143	0.010000
12	4	5	ADHFE1+HOXA2+BEND5+UNC5C+GFRA1	0.966122	0.010000
12	4	6	ADHFE1+HOXA2+BEND5+UNC5C+RALYL+GFRA1	0.965918	0.010000
12	4	7	EYA4+SFMBT2+ADHFE1+HOXA2+UNC5C+RALYL+GFRA1	0.965510	10.000000
12	4	8	EYA4+SFMBT2+ADHFE1+HOXA2+BEND5+UNC5C+RALYL+GFRA1	0.964898	10.000000
12	4	9	EYA4+ZNF568+SFMBT2+ADHFE1+HOXA2+BEND5+UNC5C+RALYL+GFRA1	0.962857	10.000000
12	4	10	EYA4+ZNF568+ZNF793+SFMBT2+ADHFE1+HOXA2+BEND5+UNC5C+RALYL+GFRA1	0.961020	0.010000
13	0	1	ADHFE1	0.940139	0.010000
13	0	2	HOXA2+UNC5C	0.964923	1.000000
13	0	3	ADHFE1+HOXA2+UNC5C	0.968704	0.010000
13	0	4	ADHFE1+HOXA2+BEND5+UNC5C	0.968914	0.010000
13	0	5	ADHFE1+HOXA2+BEND5+UNC5C+GFRA1	0.967234	0.010000
13	0	6	ADHFE1+HOXA2+BEND5+UNC5C+RALYL+GFRA1	0.967444	0.010000
13	0	7	EYA4+SFMBT2+ADHFE1+HOXA2+BEND5+UNC5C+GFRA1	0.967234	10.000000
13	0	8	EYA4+SFMBT2+ADHFE1+HOXA2+BEND5+UNC5C+RALYL+GFRA1	0.966394	10.000000
13	0	9	EYA4+ZNF568+ZNF793+SFMBT2+ADHFE1+HOXA2+BEND5+UNC5C+GFRA1	0.964503	10.000000
13	0	10	EYA4+ZNF568+ZNF793+SFMBT2+ADHFE1+HOXA2+BEND5+UNC5C+RALYL+GFRA1	0.961563	10.000000
13	1	1	ADHFE1	0.966709	0.010000
13	1	2	ADHFE1+GFRA1	0.985717	0.010000
13	1	3	ADHFE1+UNC5C+GFRA1	0.987818	0.010000
13	1	4	ZNF793+ADHFE1+UNC5C+RALYL	0.987818	0.010000
13	1	5	ZNF568+ADHFE1+HOXA2+UNC5C+RALYL	0.987398	0.010000
13	1	6	ZNF568+ADHFE1+HOXA2+BEND5+UNC5C+RALYL	0.987188	0.010000
13	1	7	EYA4+ZNF568+ZNF793+ADHFE1+BEND5+UNC5C+RALYL	0.986767	0.010000
13	1	8	EYA4+ZNF568+ZNF793+ADHFE1+BEND5+UNC5C+RALYL+GFRA1	0.986767	0.010000
13	1	9	EYA4+ZNF568+ZNF793+ADHFE1+HOXA2+BEND5+UNC5C+RALYL+GFRA1	0.986347	0.010000
13	1	10	EYA4+ZNF568+ZNF793+SFMBT2+ADHFE1+HOXA2+BEND5+UNC5C+RALYL+GFRA1	0.985927	0.010000
13	2	1	ADHFE1	0.938163	0.010000
13	2	2	ADHFE1+UNC5C	0.965714	0.010000
13	2	3	ADHFE1+UNC5C+RALYL	0.969388	0.010000
13	2	4	ADHFE1+BEND5+UNC5C+GFRA1	0.968367	0.010000
13	2	5	ADHFE1+BEND5+UNC5C+RALYL+GFRA1	0.967143	0.010000
13	2	6	EYA4+ADHFE1+BEND5+UNC5C+RALYL+GFRA1	0.965918	0.010000
13	2	7	ZNF568+ADHFE1+HOXA2+BEND5+UNC5C+RALYL+GFRA1	0.965714	0.010000
13	2	8	ZNF568+SFMBT2+ADHFE1+HOXA2+BEND5+UNC5C+RALYL+GFRA1	0.964490	0.010000
13	2	9	EYA4+ZNF568+ZNF793+ADHFE1+HOXA2+BEND5+UNC5C+RALYL+GFRA1	0.963673	0.010000
13	2	10	EYA4+ZNF568+ZNF793+SFMBT2+ADHFE1+HOXA2+BEND5+UNC5C+RALYL+GFRA1	0.962857	0.010000
13	3	1	ADHFE1	0.959694	0.010000
13	3	2	ADHFE1+UNC5C	0.979184	0.010000
13	3	3	ADHFE1+UNC5C+GFRA1	0.978980	0.010000
13	3	4	ADHFE1+UNC5C+RALYL+GFRA1	0.978367	0.010000
13	3	5	ZNF568+ADHFE1+UNC5C+RALYL+GFRA1	0.977755	0.010000
13	3	6	ZNF568+ADHFE1+BEND5+UNC5C+RALYL+GFRA1	0.977551	0.010000
13	3	7	ZNF568+ZNF793+ADHFE1+BEND5+UNC5C+RALYL+GFRA1	0.976531	0.010000
13	3	8	ZNF568+ZNF793+SFMBT2+ADHFE1+BEND5+UNC5C+RALYL+GFRA1	0.975918	0.010000
13	3	9	EYA4+ZNF568+ZNF793+ADHFE1+HOXA2+BEND5+UNC5C+RALYL+GFRA1	0.975306	0.010000
13	3	10	EYA4+ZNF568+ZNF793+SFMBT2+ADHFE1+HOXA2+BEND5+UNC5C+RALYL+GFRA1	0.974490	0.010000
13	4	1	ADHFE1	0.932245	0.010000
13	4	2	HOXA2+UNC5C	0.960000	1.000000
13	4	3	ADHFE1+UNC5C+GFRA1	0.966327	0.010000
13	4	4	ADHFE1+UNC5C+RALYL+GFRA1	0.965510	0.010000
13	4	5	ZNF793+ADHFE1+HOXA2+UNC5C+RALYL	0.966122	10.000000
13	4	6	ZNF793+SFMBT2+ADHFE1+HOXA2+UNC5C+RALYL	0.966939	10.000000
13	4	7	ZNF793+SFMBT2+ADHFE1+HOXA2+BEND5+UNC5C+RALYL	0.966939	10.000000
13	4	8	ZNF568+ZNF793+SFMBT2+ADHFE1+HOXA2+BEND5+UNC5C+RALYL	0.966735	10.000000
13	4	9	EYA4+ZNF568+ZNF793+SFMBT2+ADHFE1+HOXA2+BEND5+UNC5C+RALYL	0.965102	10.000000
13	4	10	EYA4+ZNF568+ZNF793+SFMBT2+ADHFE1+HOXA2+BEND5+UNC5C+RALYL+GFRA1	0.963673	10.000000
14	0	1	ADHFE1	0.969019	0.010000
14	0	2	ADHFE1+UNC5C	0.983407	0.010000
14	0	3	ADHFE1+UNC5C+GFRA1	0.984247	0.010000
14	0	4	EYA4+ZNF793+ADHFE1+GFRA1	0.985297	0.010000
14	0	5	EYA4+ZNF568+ZNF793+ADHFE1+GFRA1	0.985717	0.010000
14	0	6	EYA4+ZNF568+ZNF793+ADHFE1+UNC5C+GFRA1	0.985717	0.010000
14	0	7	EYA4+ZNF568+ZNF793+SFMBT2+ADHFE1+UNC5C+GFRA1	0.985087	0.100000
14	0	8	EYA4+ZNF568+ZNF793+SFMBT2+ADHFE1+BEND5+UNC5C+GFRA1	0.984667	0.010000
14	0	9	EYA4+ZNF568+ZNF793+SFMBT2+ADHFE1+BEND5+UNC5C+RALYL+GFRA1	0.984247	0.100000
14	0	10	EYA4+ZNF568+ZNF793+SFMBT2+ADHFE1+HOXA2+BEND5+UNC5C+RALYL+GFRA1	0.983617	0.010000
14	1	1	ADHFE1	0.943919	0.010000
14	1	2	ADHFE1+UNC5C	0.961353	1.000000
14	1	3	ADHFE1+UNC5C+GFRA1	0.965974	0.010000
14	1	4	ADHFE1+BEND5+UNC5C+GFRA1	0.966604	0.100000
14	1	5	SFMBT2+ADHFE1+HOXA2+UNC5C+GFRA1	0.966604	10.000000
14	1	6	SFMBT2+ADHFE1+HOXA2+BEND5+UNC5C+GFRA1	0.967024	10.000000
14	1	7	SFMBT2+ADHFE1+HOXA2+BEND5+UNC5C+RALYL+GFRA1	0.966814	10.000000
14	1	8	EYA4+ZNF568+ZNF793+SFMBT2+ADHFE1+BEND5+UNC5C+GFRA1	0.966394	10.000000
14	1	9	EYA4+ZNF568+ZNF793+SFMBT2+ADHFE1+BEND5+UNC5C+RALYL+GFRA1	0.966394	10.000000
14	1	10	EYA4+ZNF568+ZNF793+SFMBT2+ADHFE1+HOXA2+BEND5+UNC5C+RALYL+GFRA1	0.965763	10.000000
14	2	1	ADHFE1	0.942755	0.010000
14	2	2	ADHFE1+UNC5C	0.964490	0.010000
14	2	3	ADHFE1+UNC5C+RALYL	0.968571	0.010000
14	2	4	ADHFE1+UNC5C+RALYL+GFRA1	0.967959	0.010000
14	2	5	ADHFE1+HOXA2+BEND5+UNC5C+GFRA1	0.966531	0.010000
14	2	6	ZNF568+ADHFE1+HOXA2+UNC5C+RALYL+GFRA1	0.965510	0.010000
14	2	7	ZNF568+ADHFE1+HOXA2+BEND5+UNC5C+RALYL+GFRA1	0.964694	0.010000
14	2	8	ZNF568+ZNF793+ADHFE1+HOXA2+BEND5+UNC5C+RALYL+GFRA1	0.963265	0.010000
14	2	9	EYA4+ZNF568+ZNF793+ADHFE1+HOXA2+BEND5+UNC5C+RALYL+GFRA1	0.962041	0.010000
14	2	10	EYA4+ZNF568+ZNF793+SFMBT2+ADHFE1+HOXA2+BEND5+UNC5C+RALYL+GFRA1	0.961429	0.010000
14	3	1	ADHFE1	0.939286	0.010000
14	3	2	ADHFE1+UNC5C	0.963878	0.010000
14	3	3	ADHFE1+UNC5C+GFRA1	0.970000	0.010000
14	3	4	ADHFE1+UNC5C+RALYL+GFRA1	0.968776	0.010000
14	3	5	ZNF793+ADHFE1+UNC5C+RALYL+GFRA1	0.966939	0.010000
14	3	6	ADHFE1+HOXA2+BEND5+UNC5C+RALYL+GFRA1	0.966122	0.010000
14	3	7	ZNF568+ADHFE1+HOXA2+BEND5+UNC5C+RALYL+GFRA1	0.964694	0.010000
14	3	8	ZNF568+ZNF793+ADHFE1+HOXA2+BEND5+UNC5C+RALYL+GFRA1	0.963469	0.010000
14	3	9	EYA4+ZNF568+ZNF793+ADHFE1+HOXA2+BEND5+UNC5C+RALYL+GFRA1	0.961633	0.010000
14	3	10	EYA4+ZNF568+ZNF793+SFMBT2+ADHFE1+HOXA2+BEND5+UNC5C+RALYL+GFRA1	0.961020	0.010000
14	4	1	ADHFE1	0.954286	0.010000
14	4	2	ADHFE1+UNC5C	0.979388	0.010000
14	4	3	ADHFE1+UNC5C+GFRA1	0.982041	0.010000
14	4	4	HOXA2+BEND5+UNC5C+GFRA1	0.982449	0.010000
14	4	5	ZNF568+HOXA2+BEND5+UNC5C+RALYL	0.981020	0.010000
14	4	6	ADHFE1+HOXA2+BEND5+UNC5C+RALYL+GFRA1	0.980816	0.010000
14	4	7	ZNF568+ADHFE1+HOXA2+BEND5+UNC5C+RALYL+GFRA1	0.979184	0.010000
14	4	8	ZNF568+SFMBT2+ADHFE1+HOXA2+BEND5+UNC5C+RALYL+GFRA1	0.977755	0.010000
14	4	9	ZNF568+ZNF793+SFMBT2+ADHFE1+HOXA2+BEND5+UNC5C+RALYL+GFRA1	0.976939	0.010000
14	4	10	EYA4+ZNF568+ZNF793+SFMBT2+ADHFE1+HOXA2+BEND5+UNC5C+RALYL+GFRA1	0.975510	0.010000
15	0	1	ADHFE1	0.948120	0.010000
15	0	2	ADHFE1+UNC5C	0.966814	0.010000
15	0	3	ADHFE1+UNC5C+GFRA1	0.965343	0.010000
15	0	4	ADHFE1+UNC5C+RALYL+GFRA1	0.964713	0.100000
15	0	5	ZNF568+ADHFE1+UNC5C+RALYL+GFRA1	0.963243	0.010000
15	0	6	ZNF568+ADHFE1+BEND5+UNC5C+RALYL+GFRA1	0.962403	0.100000
15	0	7	EYA4+ZNF568+ADHFE1+BEND5+UNC5C+RALYL+GFRA1	0.961773	0.010000
15	0	8	EYA4+ZNF568+ZNF793+ADHFE1+BEND5+UNC5C+RALYL+GFRA1	0.960723	0.010000
15	0	9	EYA4+ZNF568+ZNF793+SFMBT2+ADHFE1+BEND5+UNC5C+RALYL+GFRA1	0.959882	0.010000
15	0	10	EYA4+ZNF568+ZNF793+SFMBT2+ADHFE1+HOXA2+BEND5+UNC5C+RALYL+GFRA1	0.959462	0.010000
15	1	1	ADHFE1	0.960407	0.100000
15	1	2	ADHFE1+RALYL	0.985717	0.010000
15	1	3	ADHFE1+UNC5C+RALYL	0.989078	0.010000
15	1	4	ZNF793+ADHFE1+UNC5C+RALYL	0.988868	0.010000
15	1	5	ZNF568+ADHFE1+HOXA2+UNC5C+GFRA1	0.987818	0.010000
15	1	6	ZNF568+ADHFE1+HOXA2+UNC5C+RALYL+GFRA1	0.987398	0.010000
15	1	7	EYA4+ZNF568+ADHFE1+HOXA2+BEND5+UNC5C+RALYL	0.986557	0.010000
15	1	8	EYA4+ZNF568+ZNF793+SFMBT2+ADHFE1+BEND5+UNC5C+RALYL	0.986137	0.010000
15	1	9	EYA4+ZNF568+ZNF793+SFMBT2+ADHFE1+HOXA2+BEND5+UNC5C+RALYL	0.985717	0.010000
15	1	10	EYA4+ZNF568+ZNF793+SFMBT2+ADHFE1+HOXA2+BEND5+UNC5C+RALYL+GFRA1	0.984877	0.010000
15	2	1	ADHFE1	0.947551	0.010000
15	2	2	HOXA2+UNC5C	0.972041	10.000000
15	2	3	ADHFE1+UNC5C+GFRA1	0.976939	0.010000
15	2	4	ADHFE1+UNC5C+RALYL+GFRA1	0.977551	0.010000
15	2	5	ZNF793+ADHFE1+UNC5C+RALYL+GFRA1	0.976531	0.010000
15	2	6	ADHFE1+HOXA2+BEND5+UNC5C+RALYL+GFRA1	0.975918	0.010000
15	2	7	EYA4+ZNF568+ZNF793+ADHFE1+UNC5C+RALYL+GFRA1	0.974898	0.010000
15	2	8	EYA4+ZNF568+ADHFE1+HOXA2+BEND5+UNC5C+RALYL+GFRA1	0.974898	0.010000
15	2	9	EYA4+ZNF568+ZNF793+ADHFE1+HOXA2+BEND5+UNC5C+RALYL+GFRA1	0.974082	0.010000
15	2	10	EYA4+ZNF568+ZNF793+SFMBT2+ADHFE1+HOXA2+BEND5+UNC5C+RALYL+GFRA1	0.973265	0.010000
15	3	1	UNC5C	0.936735	0.100000
15	3	2	HOXA2+UNC5C	0.968367	1.000000
15	3	3	ADHFE1+UNC5C+GFRA1	0.967959	0.010000
15	3	4	ADHFE1+BEND5+UNC5C+GFRA1	0.968367	0.010000
15	3	5	SFMBT2+ADHFE1+UNC5C+RALYL+GFRA1	0.967347	10.000000
15	3	6	SFMBT2+ADHFE1+BEND5+UNC5C+RALYL+GFRA1	0.967143	10.000000
15	3	7	ZNF568+SFMBT2+ADHFE1+BEND5+UNC5C+RALYL+GFRA1	0.966735	10.000000
15	3	8	EYA4+SFMBT2+ADHFE1+HOXA2+BEND5+UNC5C+RALYL+GFRA1	0.965510	10.000000
15	3	9	EYA4+ZNF568+SFMBT2+ADHFE1+HOXA2+BEND5+UNC5C+RALYL+GFRA1	0.965306	10.000000
15	3	10	EYA4+ZNF568+ZNF793+SFMBT2+ADHFE1+HOXA2+BEND5+UNC5C+RALYL+GFRA1	0.963673	10.000000
15	4	1	ADHFE1	0.940306	0.010000
15	4	2	HOXA2+UNC5C	0.966327	10.000000
15	4	3	HOXA2+UNC5C+GFRA1	0.967551	0.100000
15	4	4	ADHFE1+HOXA2+BEND5+UNC5C	0.966735	0.010000
15	4	5	ZNF793+ADHFE1+BEND5+UNC5C+GFRA1	0.966122	10.000000
15	4	6	ZNF568+ZNF793+ADHFE1+BEND5+UNC5C+GFRA1	0.966327	10.000000
15	4	7	EYA4+ZNF793+ADHFE1+HOXA2+BEND5+UNC5C+GFRA1	0.964082	10.000000
15	4	8	EYA4+ZNF568+ADHFE1+HOXA2+BEND5+UNC5C+RALYL+GFRA1	0.962653	0.010000
15	4	9	EYA4+ZNF568+ZNF793+ADHFE1+HOXA2+BEND5+UNC5C+RALYL+GFRA1	0.961429	0.010000
15	4	10	EYA4+ZNF568+ZNF793+SFMBT2+ADHFE1+HOXA2+BEND5+UNC5C+RALYL+GFRA1	0.960816	10.000000
16	0	1	ADHFE1	0.948120	0.010000
16	0	2	ADHFE1+UNC5C	0.975215	10.000000
16	0	3	ADHFE1+UNC5C+GFRA1	0.978996	0.010000
16	0	4	ADHFE1+UNC5C+RALYL+GFRA1	0.978576	0.010000
16	0	5	ADHFE1+BEND5+UNC5C+RALYL+GFRA1	0.977526	0.100000
16	0	6	ADHFE1+HOXA2+BEND5+UNC5C+RALYL+GFRA1	0.977736	0.010000
16	0	7	ZNF568+ADHFE1+HOXA2+BEND5+UNC5C+RALYL+GFRA1	0.976476	0.010000
16	0	8	EYA4+ZNF568+ADHFE1+HOXA2+BEND5+UNC5C+RALYL+GFRA1	0.975425	0.010000
16	0	9	EYA4+ZNF568+ZNF793+ADHFE1+HOXA2+BEND5+UNC5C+RALYL+GFRA1	0.975005	0.010000
16	0	10	EYA4+ZNF568+ZNF793+SFMBT2+ADHFE1+HOXA2+BEND5+UNC5C+RALYL+GFRA1	0.974375	0.010000
16	1	1	ADHFE1	0.965658	10.000000
16	1	2	ADHFE1+UNC5C	0.984877	1.000000
16	1	3	ADHFE1+HOXA2+UNC5C	0.984457	10.000000
16	1	4	ADHFE1+HOXA2+UNC5C+GFRA1	0.983827	10.000000
16	1	5	ADHFE1+HOXA2+UNC5C+RALYL+GFRA1	0.982777	10.000000
16	1	6	ZNF568+ADHFE1+HOXA2+UNC5C+RALYL+GFRA1	0.980676	10.000000
16	1	7	EYA4+ZNF793+SFMBT2+ADHFE1+HOXA2+UNC5C+RALYL	0.978576	10.000000
16	1	8	EYA4+ZNF568+ZNF793+ADHFE1+BEND5+UNC5C+RALYL+GFRA1	0.977106	0.100000
16	1	9	EYA4+ZNF568+ZNF793+SFMBT2+ADHFE1+BEND5+UNC5C+RALYL+GFRA1	0.976265	1.000000
16	1	10	EYA4+ZNF568+ZNF793+SFMBT2+ADHFE1+HOXA2+BEND5+UNC5C+RALYL+GFRA1	0.975215	1.000000
16	2	1	ADHFE1	0.941224	0.010000
16	2	2	ADHFE1+UNC5C	0.966327	10.000000
16	2	3	ADHFE1+UNC5C+RALYL	0.968571	0.010000
16	2	4	SFMBT2+ADHFE1+HOXA2+UNC5C	0.969184	10.000000
16	2	5	ZNF793+ADHFE1+HOXA2+UNC5C+RALYL	0.968163	10.000000
16	2	6	ZNF793+SFMBT2+ADHFE1+HOXA2+UNC5C+RALYL	0.968980	10.000000
16	2	7	ZNF793+SFMBT2+ADHFE1+HOXA2+BEND5+UNC5C+RALYL	0.966735	10.000000
16	2	8	EYA4+ZNF793+SFMBT2+ADHFE1+HOXA2+BEND5+UNC5C+RALYL	0.964898	10.000000
16	2	9	EYA4+ZNF568+ZNF793+SFMBT2+ADHFE1+HOXA2+UNC5C+RALYL+GFRA1	0.964694	10.000000
16	2	10	EYA4+ZNF568+ZNF793+SFMBT2+ADHFE1+HOXA2+BEND5+UNC5C+RALYL+GFRA1	0.965102	10.000000
16	3	1	ADHFE1	0.952041	0.010000
16	3	2	ADHFE1+RALYL	0.969796	0.010000
16	3	3	ZNF793+ADHFE1+GFRA1	0.971837	0.010000
16	3	4	ZNF793+ADHFE1+UNC5C+GFRA1	0.972245	0.010000
16	3	5	ZNF793+ADHFE1+HOXA2+UNC5C+GFRA1	0.971837	0.010000
16	3	6	EYA4+ZNF568+ZNF793+ADHFE1+UNC5C+GFRA1	0.972041	0.100000
16	3	7	EYA4+ZNF568+ZNF793+ADHFE1+UNC5C+RALYL+GFRA1	0.972041	0.100000
16	3	8	EYA4+ZNF568+ZNF793+ADHFE1+BEND5+UNC5C+RALYL+GFRA1	0.971837	0.100000
16	3	9	EYA4+ZNF568+ZNF793+SFMBT2+ADHFE1+HOXA2+UNC5C+RALYL+GFRA1	0.971429	0.010000
16	3	10	EYA4+ZNF568+ZNF793+SFMBT2+ADHFE1+HOXA2+BEND5+UNC5C+RALYL+GFRA1	0.971020	0.010000
16	4	1	ADHFE1	0.939694	0.010000
16	4	2	ADHFE1+UNC5C	0.965714	0.010000
16	4	3	ADHFE1+UNC5C+GFRA1	0.968367	0.010000
16	4	4	EYA4+ZNF568+ADHFE1+UNC5C	0.967959	10.000000
16	4	5	EYA4+ADHFE1+UNC5C+RALYL+GFRA1	0.968776	10.000000
16	4	6	EYA4+ADHFE1+BEND5+UNC5C+RALYL+GFRA1	0.968571	10.000000
16	4	7	EYA4+SFMBT2+ADHFE1+BEND5+UNC5C+RALYL+GFRA1	0.968367	10.000000
16	4	8	EYA4+ZNF568+SFMBT2+ADHFE1+BEND5+UNC5C+RALYL+GFRA1	0.968163	10.000000
16	4	9	EYA4+ZNF568+SFMBT2+ADHFE1+HOXA2+BEND5+UNC5C+RALYL+GFRA1	0.967347	10.000000
16	4	10	EYA4+ZNF568+ZNF793+SFMBT2+ADHFE1+HOXA2+BEND5+UNC5C+RALYL+GFRA1	0.965510	10.000000
17	0	1	ADHFE1	0.935098	0.010000
17	0	2	ADHFE1+UNC5C	0.961353	0.010000
17	0	3	ADHFE1+UNC5C+GFRA1	0.966604	0.010000
17	0	4	ADHFE1+UNC5C+RALYL+GFRA1	0.966184	0.010000
17	0	5	ADHFE1+BEND5+UNC5C+RALYL+GFRA1	0.964923	0.010000
17	0	6	EYA4+ZNF793+ADHFE1+UNC5C+RALYL+GFRA1	0.964923	10.000000
17	0	7	EYA4+ZNF793+ADHFE1+BEND5+UNC5C+RALYL+GFRA1	0.965553	10.000000
17	0	8	EYA4+ZNF568+ZNF793+ADHFE1+BEND5+UNC5C+RALYL+GFRA1	0.965763	10.000000
17	0	9	EYA4+ZNF568+ZNF793+SFMBT2+ADHFE1+BEND5+UNC5C+RALYL+GFRA1	0.965133	10.000000
17	0	10	EYA4+ZNF568+ZNF793+SFMBT2+ADHFE1+HOXA2+BEND5+UNC5C+RALYL+GFRA1	0.961353	10.000000
17	1	1	ADHFE1	0.953686	0.010000
17	1	2	ADHFE1+GFRA1	0.975005	0.010000
17	1	3	ADHFE1+UNC5C+GFRA1	0.978786	0.100000
17	1	4	ADHFE1+UNC5C+RALYL+GFRA1	0.978786	0.100000
17	1	5	ADHFE1+BEND5+UNC5C+RALYL+GFRA1	0.977736	0.100000
17	1	6	ZNF568+ADHFE1+BEND5+UNC5C+RALYL+GFRA1	0.976686	0.010000
17	1	7	ZNF568+ADHFE1+HOXA2+BEND5+UNC5C+RALYL+GFRA1	0.976265	0.010000
17	1	8	EYA4+ZNF568+ADHFE1+HOXA2+BEND5+UNC5C+RALYL+GFRA1	0.975425	0.010000
17	1	9	EYA4+ZNF568+ZNF793+ADHFE1+HOXA2+BEND5+UNC5C+RALYL+GFRA1	0.974375	0.010000
17	1	10	EYA4+ZNF568+ZNF793+SFMBT2+ADHFE1+HOXA2+BEND5+UNC5C+RALYL+GFRA1	0.973955	0.010000
17	2	1	ADHFE1	0.963571	0.010000
17	2	2	EYA4+ADHFE1	0.985102	0.010000
17	2	3	ADHFE1+UNC5C+GFRA1	0.988163	0.100000
17	2	4	ZNF793+ADHFE1+UNC5C+GFRA1	0.987755	0.100000
17	2	5	ZNF793+ADHFE1+UNC5C+RALYL+GFRA1	0.987347	0.100000
17	2	6	ZNF568+ADHFE1+HOXA2+BEND5+UNC5C+GFRA1	0.986735	0.010000
17	2	7	EYA4+ZNF793+ADHFE1+BEND5+UNC5C+RALYL+GFRA1	0.986327	0.010000
17	2	8	EYA4+ZNF568+ZNF793+ADHFE1+HOXA2+BEND5+UNC5C+GFRA1	0.986122	0.010000
17	2	9	EYA4+ZNF568+ZNF793+SFMBT2+ADHFE1+BEND5+UNC5C+RALYL+GFRA1	0.985918	0.010000
17	2	10	EYA4+ZNF568+ZNF793+SFMBT2+ADHFE1+HOXA2+BEND5+UNC5C+RALYL+GFRA1	0.985714	0.100000
17	3	1	ADHFE1	0.941837	0.010000
17	3	2	ADHFE1+UNC5C	0.964898	10.000000
17	3	3	ADHFE1+HOXA2+UNC5C	0.968163	0.010000
17	3	4	ADHFE1+HOXA2+BEND5+UNC5C	0.969388	0.010000
17	3	5	ADHFE1+HOXA2+BEND5+UNC5C+RALYL	0.967551	0.010000
17	3	6	ZNF568+ADHFE1+HOXA2+BEND5+UNC5C+RALYL	0.966327	0.010000
17	3	7	ZNF568+ADHFE1+HOXA2+BEND5+UNC5C+RALYL+GFRA1	0.964898	0.010000
17	3	8	EYA4+ZNF568+ADHFE1+HOXA2+BEND5+UNC5C+RALYL+GFRA1	0.963878	1.000000
17	3	9	EYA4+ZNF568+SFMBT2+ADHFE1+HOXA2+BEND5+UNC5C+RALYL+GFRA1	0.963878	1.000000
17	3	10	EYA4+ZNF568+ZNF793+SFMBT2+ADHFE1+HOXA2+BEND5+UNC5C+RALYL+GFRA1	0.961837	0.010000
17	4	1	ADHFE1	0.950306	0.010000
17	4	2	ADHFE1+UNC5C	0.968776	10.000000
17	4	3	ADHFE1+HOXA2+UNC5C	0.969388	10.000000
17	4	4	ADHFE1+HOXA2+BEND5+UNC5C	0.970408	10.000000
17	4	5	EYA4+ADHFE1+HOXA2+BEND5+UNC5C	0.969184	10.000000
17	4	6	EYA4+ADHFE1+HOXA2+BEND5+UNC5C+RALYL	0.968776	10.000000
17	4	7	EYA4+ZNF568+ADHFE1+HOXA2+BEND5+UNC5C+RALYL	0.967755	10.000000
17	4	8	EYA4+ZNF568+ADHFE1+HOXA2+BEND5+UNC5C+RALYL+GFRA1	0.966327	10.000000
17	4	9	EYA4+ZNF568+ZNF793+SFMBT2+ADHFE1+HOXA2+BEND5+UNC5C+GFRA1	0.965102	10.000000
17	4	10	EYA4+ZNF568+ZNF793+SFMBT2+ADHFE1+HOXA2+BEND5+UNC5C+RALYL+GFRA1	0.961633	0.010000
18	0	1	ADHFE1	0.943289	1.000000
18	0	2	ADHFE1+UNC5C	0.963453	10.000000
18	0	3	ADHFE1+HOXA2+UNC5C	0.967444	10.000000
18	0	4	ADHFE1+HOXA2+BEND5+UNC5C	0.966814	10.000000
18	0	5	ADHFE1+BEND5+UNC5C+RALYL+GFRA1	0.963453	0.100000
18	0	6	ADHFE1+HOXA2+BEND5+UNC5C+RALYL+GFRA1	0.962613	0.010000
18	0	7	ZNF568+ADHFE1+HOXA2+BEND5+UNC5C+RALYL+GFRA1	0.961983	0.010000
18	0	8	EYA4+ZNF568+ADHFE1+HOXA2+BEND5+UNC5C+RALYL+GFRA1	0.961353	0.010000
18	0	9	EYA4+ZNF568+ZNF793+ADHFE1+HOXA2+BEND5+UNC5C+RALYL+GFRA1	0.960723	0.010000
18	0	10	EYA4+ZNF568+ZNF793+SFMBT2+ADHFE1+HOXA2+BEND5+UNC5C+RALYL+GFRA1	0.959672	0.010000
18	1	1	ADHFE1	0.961458	0.010000
18	1	2	ADHFE1+UNC5C	0.979626	0.010000
18	1	3	ADHFE1+UNC5C+GFRA1	0.979206	0.010000
18	1	4	ADHFE1+BEND5+UNC5C+GFRA1	0.978576	0.010000
18	1	5	ADHFE1+BEND5+UNC5C+RALYL+GFRA1	0.977736	0.100000
18	1	6	ZNF568+ADHFE1+BEND5+UNC5C+RALYL+GFRA1	0.977316	0.010000
18	1	7	EYA4+ZNF568+ADHFE1+BEND5+UNC5C+RALYL+GFRA1	0.976055	0.010000
18	1	8	EYA4+ZNF568+ZNF793+ADHFE1+BEND5+UNC5C+RALYL+GFRA1	0.975425	0.010000
18	1	9	EYA4+ZNF568+ZNF793+ADHFE1+HOXA2+BEND5+UNC5C+RALYL+GFRA1	0.975005	0.010000
18	1	10	EYA4+ZNF568+ZNF793+SFMBT2+ADHFE1+HOXA2+BEND5+UNC5C+RALYL+GFRA1	0.974375	0.010000
18	2	1	ADHFE1	0.939694	0.010000
18	2	2	ADHFE1+UNC5C	0.967959	10.000000
18	2	3	ADHFE1+UNC5C+GFRA1	0.969184	0.010000
18	2	4	ADHFE1+BEND5+UNC5C+GFRA1	0.969592	0.010000
18	2	5	ZNF568+ADHFE1+BEND5+UNC5C+GFRA1	0.967347	0.010000
18	2	6	ZNF568+ADHFE1+BEND5+UNC5C+RALYL+GFRA1	0.965714	0.010000
18	2	7	EYA4+ZNF793+SFMBT2+ADHFE1+UNC5C+RALYL+GFRA1	0.966122	10.000000
18	2	8	EYA4+ZNF568+ZNF793+SFMBT2+ADHFE1+UNC5C+RALYL+GFRA1	0.966531	10.000000
18	2	9	EYA4+ZNF568+ZNF793+SFMBT2+ADHFE1+HOXA2+UNC5C+RALYL+GFRA1	0.965306	10.000000
18	2	10	EYA4+ZNF568+ZNF793+SFMBT2+ADHFE1+HOXA2+BEND5+UNC5C+RALYL+GFRA1	0.964082	10.000000
18	3	1	ADHFE1	0.960204	1.000000
18	3	2	ADHFE1+RALYL	0.983673	0.010000
18	3	3	ADHFE1+UNC5C+GFRA1	0.986939	0.010000
18	3	4	ZNF793+ADHFE1+UNC5C+RALYL	0.987143	0.010000
18	3	5	ZNF568+ADHFE1+HOXA2+UNC5C+GFRA1	0.987347	0.010000
18	3	6	ZNF568+ZNF793+ADHFE1+HOXA2+UNC5C+GFRA1	0.986531	0.010000
18	3	7	ZNF568+ZNF793+ADHFE1+HOXA2+UNC5C+RALYL+GFRA1	0.986327	0.010000
18	3	8	EYA4+ZNF568+ZNF793+ADHFE1+HOXA2+UNC5C+RALYL+GFRA1	0.986122	0.010000
18	3	9	EYA4+ZNF568+ZNF793+SFMBT2+ADHFE1+HOXA2+UNC5C+RALYL+GFRA1	0.985714	0.010000
18	3	10	EYA4+ZNF568+ZNF793+SFMBT2+ADHFE1+HOXA2+BEND5+UNC5C+RALYL+GFRA1	0.985306	0.010000
18	4	1	ADHFE1	0.942449	0.010000
18	4	2	ADHFE1+UNC5C	0.963061	0.010000
18	4	3	ADHFE1+UNC5C+GFRA1	0.967551	0.010000
18	4	4	ADHFE1+BEND5+UNC5C+GFRA1	0.966939	0.010000
18	4	5	ADHFE1+BEND5+UNC5C+RALYL+GFRA1	0.965918	0.010000
18	4	6	ZNF568+ADHFE1+BEND5+UNC5C+RALYL+GFRA1	0.964490	0.010000
18	4	7	ZNF568+ADHFE1+HOXA2+BEND5+UNC5C+RALYL+GFRA1	0.963878	0.010000
18	4	8	EYA4+ZNF568+ZNF793+ADHFE1+BEND5+UNC5C+RALYL+GFRA1	0.962449	0.010000
18	4	9	EYA4+ZNF568+SFMBT2+ADHFE1+HOXA2+BEND5+UNC5C+RALYL+GFRA1	0.961837	0.010000
18	4	10	EYA4+ZNF568+ZNF793+SFMBT2+ADHFE1+HOXA2+BEND5+UNC5C+RALYL+GFRA1	0.961020	0.010000
19	0	1	ADHFE1	0.955787	0.010000
19	0	2	ADHFE1+GFRA1	0.975215	0.010000
19	0	3	ADHFE1+UNC5C+GFRA1	0.979836	0.010000
19	0	4	ADHFE1+BEND5+UNC5C+GFRA1	0.979626	0.010000
19	0	5	SFMBT2+ADHFE1+BEND5+UNC5C+GFRA1	0.978366	10.000000
19	0	6	EYA4+SFMBT2+ADHFE1+BEND5+UNC5C+GFRA1	0.978576	10.000000
19	0	7	EYA4+ZNF793+SFMBT2+ADHFE1+BEND5+UNC5C+GFRA1	0.975635	10.000000
19	0	8	EYA4+ZNF568+ADHFE1+HOXA2+BEND5+UNC5C+RALYL+GFRA1	0.974165	0.010000
19	0	9	EYA4+ZNF568+ZNF793+ADHFE1+HOXA2+BEND5+UNC5C+RALYL+GFRA1	0.973745	0.010000
19	0	10	EYA4+ZNF568+ZNF793+SFMBT2+ADHFE1+HOXA2+BEND5+UNC5C+RALYL+GFRA1	0.972275	0.010000
19	1	1	ADHFE1	0.949905	0.010000
19	1	2	ADHFE1+UNC5C	0.967864	0.010000
19	1	3	ADHFE1+UNC5C+GFRA1	0.971645	0.100000
19	1	4	ZNF793+ADHFE1+UNC5C+GFRA1	0.971855	0.010000
19	1	5	EYA4+ZNF568+ZNF793+ADHFE1+GFRA1	0.971855	0.010000
19	1	6	EYA4+ZNF568+ZNF793+ADHFE1+UNC5C+GFRA1	0.971645	0.100000
19	1	7	EYA4+ZNF568+ZNF793+SFMBT2+ADHFE1+UNC5C+GFRA1	0.971645	1.000000
19	1	8	EYA4+ZNF568+ZNF793+SFMBT2+ADHFE1+BEND5+UNC5C+GFRA1	0.971645	1.000000
19	1	9	EYA4+ZNF568+ZNF793+SFMBT2+ADHFE1+HOXA2+UNC5C+RALYL+GFRA1	0.971435	0.100000
19	1	10	EYA4+ZNF568+ZNF793+SFMBT2+ADHFE1+HOXA2+BEND5+UNC5C+RALYL+GFRA1	0.971225	0.010000
19	2	1	ADHFE1	0.939388	0.010000
19	2	2	ADHFE1+UNC5C	0.962449	0.010000
19	2	3	ADHFE1+UNC5C+GFRA1	0.967143	0.010000
19	2	4	ADHFE1+UNC5C+RALYL+GFRA1	0.966327	0.010000
19	2	5	ZNF568+ADHFE1+BEND5+UNC5C+GFRA1	0.965306	0.010000
19	2	6	ZNF568+ADHFE1+HOXA2+BEND5+UNC5C+RALYL	0.965102	0.010000
19	2	7	ZNF568+ADHFE1+HOXA2+BEND5+UNC5C+RALYL+GFRA1	0.964286	0.010000
19	2	8	EYA4+ZNF568+ZNF793+ADHFE1+HOXA2+UNC5C+RALYL+GFRA1	0.962857	1.000000
19	2	9	EYA4+ZNF568+ZNF793+SFMBT2+ADHFE1+HOXA2+UNC5C+RALYL+GFRA1	0.962449	1.000000
19	2	10	EYA4+ZNF568+ZNF793+SFMBT2+ADHFE1+HOXA2+BEND5+UNC5C+RALYL+GFRA1	0.961633	1.000000
19	3	1	UNC5C	0.946122	0.010000
19	3	2	HOXA2+UNC5C	0.965714	1.000000
19	3	3	SFMBT2+HOXA2+UNC5C	0.967551	1.000000
19	3	4	ZNF793+HOXA2+UNC5C+RALYL	0.968163	10.000000
19	3	5	HOXA2+BEND5+UNC5C+RALYL+GFRA1	0.966531	10.000000
19	3	6	SFMBT2+ADHFE1+BEND5+UNC5C+RALYL+GFRA1	0.965306	10.000000
19	3	7	ZNF568+SFMBT2+ADHFE1+BEND5+UNC5C+RALYL+GFRA1	0.964694	10.000000
19	3	8	EYA4+ZNF793+ADHFE1+HOXA2+BEND5+UNC5C+RALYL+GFRA1	0.962245	0.010000
19	3	9	EYA4+ZNF568+ZNF793+SFMBT2+ADHFE1+BEND5+UNC5C+RALYL+GFRA1	0.961429	0.100000
19	3	10	EYA4+ZNF568+ZNF793+SFMBT2+ADHFE1+HOXA2+BEND5+UNC5C+RALYL+GFRA1	0.960408	0.010000
19	4	1	ADHFE1	0.960306	0.010000
19	4	2	ADHFE1+UNC5C	0.980816	0.010000
19	4	3	ADHFE1+UNC5C+GFRA1	0.980000	0.010000
19	4	4	ADHFE1+UNC5C+RALYL+GFRA1	0.979796	0.010000
19	4	5	ADHFE1+BEND5+UNC5C+RALYL+GFRA1	0.978776	0.010000
19	4	6	ADHFE1+HOXA2+BEND5+UNC5C+RALYL+GFRA1	0.977755	0.010000
19	4	7	EYA4+ZNF568+ADHFE1+BEND5+UNC5C+RALYL+GFRA1	0.976735	0.010000
19	4	8	EYA4+ZNF568+ADHFE1+HOXA2+BEND5+UNC5C+RALYL+GFRA1	0.976122	0.010000
19	4	9	EYA4+ZNF568+ZNF793+SFMBT2+ADHFE1+BEND5+UNC5C+RALYL+GFRA1	0.975306	0.010000
19	4	10	EYA4+ZNF568+ZNF793+SFMBT2+ADHFE1+HOXA2+BEND5+UNC5C+RALYL+GFRA1	0.974694	0.010000
