k	subset	mean_repeat_auc	sd_repeat_auc	min_repeat_auc	max_repeat_auc
1	EYA4	0.875149	0.012816	0.846941	0.892918
1	ZNF568	0.884691	0.010339	0.860880	0.899128
1	ZNF793	0.828461	0.015100	0.780552	0.852226
1	SFMBT2	0.888090	0.011620	0.858832	0.906130
1	ADHFE1	0.945726	0.008538	0.924495	0.958713
1	HOXA2	0.907045	0.007588	0.896287	0.920069
1	BEND5	0.850931	0.015463	0.822235	0.880499
1	UNC5C	0.924187	0.009093	0.906989	0.936914
1	RALYL	0.874888	0.014436	0.851367	0.901308
1	GFRA1	0.900905	0.008272	0.881755	0.917228
2	EYA4+ZNF568	0.937085	0.010093	0.915180	0.951645
2	EYA4+ZNF793	0.904591	0.013055	0.879112	0.924032
2	EYA4+SFMBT2	0.919223	0.010435	0.890739	0.933677
2	EYA4+ADHFE1	0.960272	0.007087	0.938433	0.970538
2	EYA4+HOXA2	0.931596	0.007789	0.913199	0.943189
2	EYA4+BEND5	0.904267	0.013242	0.874620	0.923768
2	EYA4+UNC5C	0.929343	0.010415	0.907253	0.950852
2	EYA4+RALYL	0.907564	0.012973	0.878055	0.933214
2	EYA4+GFRA1	0.932184	0.009396	0.903422	0.943850
2	ZNF568+ZNF793	0.903627	0.011869	0.874356	0.924825
2	ZNF568+SFMBT2	0.923246	0.011851	0.893117	0.944643
2	ZNF568+ADHFE1	0.959816	0.006387	0.947813	0.970538
2	ZNF568+HOXA2	0.941617	0.009977	0.923504	0.959836
2	ZNF568+BEND5	0.926536	0.009566	0.907385	0.950720
2	ZNF568+UNC5C	0.952372	0.007660	0.940018	0.966442
2	ZNF568+RALYL	0.925664	0.008963	0.909103	0.942925
2	ZNF568+GFRA1	0.931755	0.009779	0.911745	0.946360
2	ZNF793+SFMBT2	0.896278	0.013385	0.863654	0.912406
2	ZNF793+ADHFE1	0.952338	0.007705	0.935659	0.963403
2	ZNF793+HOXA2	0.925466	0.008617	0.909367	0.937640
2	ZNF793+BEND5	0.894411	0.017284	0.854802	0.918748
2	ZNF793+UNC5C	0.934245	0.011421	0.913727	0.952041
2	ZNF793+RALYL	0.901433	0.011874	0.870260	0.915973
2	ZNF793+GFRA1	0.919349	0.010405	0.892720	0.938169
2	SFMBT2+ADHFE1	0.948454	0.006861	0.936187	0.959704
2	SFMBT2+HOXA2	0.935057	0.009478	0.913463	0.953627
2	SFMBT2+BEND5	0.910199	0.014978	0.873167	0.929449
2	SFMBT2+UNC5C	0.930367	0.009841	0.910292	0.949927
2	SFMBT2+RALYL	0.922282	0.010926	0.902365	0.935394
2	SFMBT2+GFRA1	0.925367	0.008787	0.906725	0.937376
2	ADHFE1+HOXA2	0.956137	0.007842	0.940415	0.966971
2	ADHFE1+BEND5	0.954512	0.008810	0.942132	0.970670
2	ADHFE1+UNC5C	0.967433	0.007556	0.950984	0.978201
2	ADHFE1+RALYL	0.962228	0.008447	0.944114	0.975030
2	ADHFE1+GFRA1	0.967070	0.005371	0.955476	0.979125
2	HOXA2+BEND5	0.926585	0.011228	0.911019	0.943982
2	HOXA2+UNC5C	0.951807	0.009462	0.934602	0.965914
2	HOXA2+RALYL	0.938387	0.009449	0.917162	0.949399
2	HOXA2+GFRA1	0.952411	0.008025	0.935923	0.964592
2	BEND5+UNC5C	0.919613	0.008914	0.905800	0.933148
2	BEND5+RALYL	0.915821	0.009703	0.892456	0.931827
2	BEND5+GFRA1	0.920155	0.007642	0.908574	0.935791
2	UNC5C+RALYL	0.931616	0.009593	0.912934	0.949531
2	UNC5C+GFRA1	0.941782	0.007488	0.925353	0.952570
2	RALYL+GFRA1	0.924065	0.009574	0.901176	0.944246
3	EYA4+ZNF568+ZNF793	0.939384	0.010883	0.916766	0.953495
3	EYA4+ZNF568+SFMBT2	0.938862	0.010385	0.915709	0.954551
3	EYA4+ZNF568+ADHFE1	0.963899	0.006510	0.947681	0.977936
3	EYA4+ZNF568+HOXA2	0.955430	0.008063	0.939622	0.966971
3	EYA4+ZNF568+BEND5	0.941511	0.012751	0.914916	0.963403
3	EYA4+ZNF568+UNC5C	0.951110	0.008983	0.933148	0.965914
3	EYA4+ZNF568+RALYL	0.938975	0.010784	0.912670	0.953495
3	EYA4+ZNF568+GFRA1	0.946076	0.009155	0.927996	0.956797
3	EYA4+ZNF793+SFMBT2	0.923358	0.010996	0.895363	0.939226
3	EYA4+ZNF793+ADHFE1	0.959982	0.007932	0.941604	0.970009
3	EYA4+ZNF793+HOXA2	0.940924	0.007283	0.927335	0.954287
3	EYA4+ZNF793+BEND5	0.922519	0.017021	0.886247	0.941604
3	EYA4+ZNF793+UNC5C	0.936610	0.013172	0.917823	0.957326
3	EYA4+ZNF793+RALYL	0.915722	0.013893	0.886379	0.941736
3	EYA4+ZNF793+GFRA1	0.934384	0.009809	0.905800	0.945171
3	EYA4+SFMBT2+ADHFE1	0.958687	0.007512	0.939094	0.970273
3	EYA4+SFMBT2+HOXA2	0.943170	0.008299	0.921258	0.956930
3	EYA4+SFMBT2+BEND5	0.922711	0.015158	0.883472	0.940415
3	EYA4+SFMBT2+UNC5C	0.931054	0.010388	0.911481	0.950720
3	EYA4+SFMBT2+RALYL	0.925704	0.009417	0.905536	0.938433
3	EYA4+SFMBT2+GFRA1	0.932818	0.008518	0.906989	0.945700
3	EYA4+ADHFE1+HOXA2	0.958667	0.007901	0.943718	0.972519
3	EYA4+ADHFE1+BEND5	0.957821	0.006894	0.945039	0.971595
3	EYA4+ADHFE1+UNC5C	0.963542	0.006751	0.946757	0.972916
3	EYA4+ADHFE1+RALYL	0.960946	0.007885	0.938697	0.975030
3	EYA4+ADHFE1+GFRA1	0.963753	0.006888	0.949795	0.977936
3	EYA4+HOXA2+BEND5	0.936986	0.010031	0.922183	0.951513
3	EYA4+HOXA2+UNC5C	0.951149	0.008759	0.938962	0.964592
3	EYA4+HOXA2+RALYL	0.941822	0.008017	0.925353	0.952305
3	EYA4+HOXA2+GFRA1	0.956170	0.007673	0.942397	0.966838
3	EYA4+BEND5+UNC5C	0.928709	0.009802	0.909103	0.947285
3	EYA4+BEND5+RALYL	0.922936	0.011735	0.888228	0.938565
3	EYA4+BEND5+GFRA1	0.934760	0.008811	0.913066	0.948474
3	EYA4+UNC5C+RALYL	0.931655	0.011308	0.900119	0.950059
3	EYA4+UNC5C+GFRA1	0.942958	0.008997	0.920069	0.956401
3	EYA4+RALYL+GFRA1	0.933650	0.012076	0.899590	0.951645
3	ZNF568+ZNF793+SFMBT2	0.926965	0.012558	0.898269	0.946889
3	ZNF568+ZNF793+ADHFE1	0.960266	0.006385	0.949531	0.969613
3	ZNF568+ZNF793+HOXA2	0.943989	0.009132	0.928656	0.959704
3	ZNF568+ZNF793+BEND5	0.932105	0.009001	0.910556	0.954155
3	ZNF568+ZNF793+UNC5C	0.946717	0.010082	0.917823	0.960365
3	ZNF568+ZNF793+RALYL	0.929125	0.010141	0.909764	0.944907
3	ZNF568+ZNF793+GFRA1	0.935342	0.011050	0.914520	0.953362
3	ZNF568+SFMBT2+ADHFE1	0.958607	0.005913	0.947946	0.969084
3	ZNF568+SFMBT2+HOXA2	0.946895	0.010774	0.928524	0.963932
3	ZNF568+SFMBT2+BEND5	0.934377	0.010106	0.912802	0.950324
3	ZNF568+SFMBT2+UNC5C	0.948117	0.008168	0.933941	0.963403
3	ZNF568+SFMBT2+RALYL	0.940573	0.009132	0.923240	0.956665
3	ZNF568+SFMBT2+GFRA1	0.935328	0.009467	0.919276	0.947153
3	ZNF568+ADHFE1+HOXA2	0.961501	0.008131	0.940283	0.976351
3	ZNF568+ADHFE1+BEND5	0.961336	0.007057	0.950720	0.975690
3	ZNF568+ADHFE1+UNC5C	0.971681	0.007228	0.954155	0.983750
3	ZNF568+ADHFE1+RALYL	0.966891	0.006978	0.953098	0.979390
3	ZNF568+ADHFE1+GFRA1	0.967182	0.006245	0.957194	0.980447
3	ZNF568+HOXA2+BEND5	0.941518	0.011435	0.913727	0.957062
3	ZNF568+HOXA2+UNC5C	0.959532	0.008524	0.941736	0.969349
3	ZNF568+HOXA2+RALYL	0.954201	0.010143	0.936187	0.971595
3	ZNF568+HOXA2+GFRA1	0.955456	0.008774	0.939886	0.967631
3	ZNF568+BEND5+UNC5C	0.951328	0.007493	0.935659	0.965121
3	ZNF568+BEND5+RALYL	0.935011	0.011748	0.908839	0.948342
3	ZNF568+BEND5+GFRA1	0.940567	0.009833	0.917955	0.957062
3	ZNF568+UNC5C+RALYL	0.949637	0.009604	0.929449	0.962214
3	ZNF568+UNC5C+GFRA1	0.954215	0.008535	0.932884	0.963403
3	ZNF568+RALYL+GFRA1	0.942264	0.010246	0.917426	0.952834
3	ZNF793+SFMBT2+ADHFE1	0.951896	0.007146	0.937244	0.964064
3	ZNF793+SFMBT2+HOXA2	0.937581	0.009416	0.914652	0.953230
3	ZNF793+SFMBT2+BEND5	0.916270	0.014486	0.882679	0.934337
3	ZNF793+SFMBT2+UNC5C	0.931880	0.009926	0.916634	0.950456
3	ZNF793+SFMBT2+RALYL	0.922150	0.011237	0.894438	0.934734
3	ZNF793+SFMBT2+GFRA1	0.933082	0.009458	0.912802	0.947813
3	ZNF793+ADHFE1+HOXA2	0.956163	0.006938	0.941604	0.966178
3	ZNF793+ADHFE1+BEND5	0.957068	0.008043	0.939358	0.969613
3	ZNF793+ADHFE1+UNC5C	0.963271	0.007283	0.949795	0.972916
3	ZNF793+ADHFE1+RALYL	0.958165	0.009536	0.933016	0.969745
3	ZNF793+ADHFE1+GFRA1	0.964791	0.005677	0.955608	0.978861
3	ZNF793+HOXA2+BEND5	0.938076	0.011560	0.919144	0.955344
3	ZNF793+HOXA2+UNC5C	0.950192	0.010200	0.934073	0.967631
3	ZNF793+HOXA2+RALYL	0.940005	0.009305	0.920333	0.951249
3	ZNF793+HOXA2+GFRA1	0.951850	0.007108	0.937376	0.963932
3	ZNF793+BEND5+UNC5C	0.934014	0.010317	0.918615	0.952702
3	ZNF793+BEND5+RALYL	0.922467	0.012640	0.893909	0.940679
3	ZNF793+BEND5+GFRA1	0.926602	0.007722	0.913463	0.941340
3	ZNF793+UNC5C+RALYL	0.936385	0.012348	0.908707	0.955344
3	ZNF793+UNC5C+GFRA1	0.941340	0.007590	0.922183	0.952834
3	ZNF793+RALYL+GFRA1	0.925618	0.009512	0.899855	0.942000
3	SFMBT2+ADHFE1+HOXA2	0.954776	0.008069	0.939226	0.966706
3	SFMBT2+ADHFE1+BEND5	0.953983	0.007395	0.944378	0.966178
3	SFMBT2+ADHFE1+UNC5C	0.961930	0.005875	0.949135	0.969349
3	SFMBT2+ADHFE1+RALYL	0.960021	0.007835	0.938962	0.968556
3	SFMBT2+ADHFE1+GFRA1	0.963298	0.007360	0.945700	0.975955
3	SFMBT2+HOXA2+BEND5	0.938724	0.012523	0.914123	0.955212
3	SFMBT2+HOXA2+UNC5C	0.951301	0.010015	0.931299	0.965517
3	SFMBT2+HOXA2+RALYL	0.944993	0.008819	0.920333	0.957458
3	SFMBT2+HOXA2+GFRA1	0.952781	0.007645	0.935923	0.962743
3	SFMBT2+BEND5+UNC5C	0.930638	0.009542	0.910028	0.950192
3	SFMBT2+BEND5+RALYL	0.929779	0.010749	0.902365	0.946228
3	SFMBT2+BEND5+GFRA1	0.930017	0.007799	0.913727	0.943982
3	SFMBT2+UNC5C+RALYL	0.938611	0.011363	0.910292	0.957062
3	SFMBT2+UNC5C+GFRA1	0.941782	0.007662	0.923768	0.953230
3	SFMBT2+RALYL+GFRA1	0.932494	0.011648	0.903818	0.948474
3	ADHFE1+HOXA2+BEND5	0.961171	0.006719	0.949663	0.971859
3	ADHFE1+HOXA2+UNC5C	0.967446	0.008033	0.948606	0.978201
3	ADHFE1+HOXA2+RALYL	0.961217	0.006996	0.949795	0.977408
3	ADHFE1+HOXA2+GFRA1	0.965266	0.006245	0.953495	0.975558
3	ADHFE1+BEND5+UNC5C	0.966508	0.007498	0.949663	0.977540
3	ADHFE1+BEND5+RALYL	0.960649	0.007795	0.945964	0.975426
3	ADHFE1+BEND5+GFRA1	0.964493	0.008327	0.947946	0.980447
3	ADHFE1+UNC5C+RALYL	0.968814	0.008749	0.951777	0.981504
3	ADHFE1+UNC5C+GFRA1	0.973596	0.007439	0.957194	0.988770
3	ADHFE1+RALYL+GFRA1	0.969686	0.005930	0.955873	0.982560
3	HOXA2+BEND5+UNC5C	0.952279	0.008840	0.936980	0.963668
3	HOXA2+BEND5+RALYL	0.942205	0.010807	0.923240	0.955476
3	HOXA2+BEND5+GFRA1	0.952325	0.008768	0.935526	0.964592
3	HOXA2+UNC5C+RALYL	0.953118	0.009132	0.935394	0.965649
3	HOXA2+UNC5C+GFRA1	0.959506	0.008537	0.941472	0.973048
3	HOXA2+RALYL+GFRA1	0.953897	0.009628	0.935791	0.966706
3	BEND5+UNC5C+RALYL	0.933373	0.008402	0.914388	0.948474
3	BEND5+UNC5C+GFRA1	0.939457	0.007280	0.923768	0.950324
3	BEND5+RALYL+GFRA1	0.930803	0.007972	0.910028	0.943189
3	UNC5C+RALYL+GFRA1	0.939946	0.008778	0.922711	0.953098
4	EYA4+ZNF568+ZNF793+SFMBT2	0.939252	0.011090	0.915973	0.955344
4	EYA4+ZNF568+ZNF793+ADHFE1	0.962994	0.006601	0.949795	0.976879
4	EYA4+ZNF568+ZNF793+HOXA2	0.954518	0.008543	0.939490	0.966838
4	EYA4+ZNF568+ZNF793+BEND5	0.941544	0.013451	0.913991	0.963139
4	EYA4+ZNF568+ZNF793+UNC5C	0.946836	0.009577	0.921126	0.958119
4	EYA4+ZNF568+ZNF793+RALYL	0.937640	0.010511	0.913991	0.954419
4	EYA4+ZNF568+ZNF793+GFRA1	0.946367	0.009181	0.929581	0.958119
4	EYA4+ZNF568+SFMBT2+ADHFE1	0.962393	0.006255	0.947681	0.976615
4	EYA4+ZNF568+SFMBT2+HOXA2	0.954849	0.008421	0.937640	0.966046
4	EYA4+ZNF568+SFMBT2+BEND5	0.942278	0.010611	0.918748	0.957194
4	EYA4+ZNF568+SFMBT2+UNC5C	0.948408	0.008559	0.933545	0.962743
4	EYA4+ZNF568+SFMBT2+RALYL	0.941829	0.010373	0.925486	0.958119
4	EYA4+ZNF568+SFMBT2+GFRA1	0.944709	0.008466	0.926014	0.955873
4	EYA4+ZNF568+ADHFE1+HOXA2	0.963853	0.007652	0.943718	0.978333
4	EYA4+ZNF568+ADHFE1+BEND5	0.963542	0.006966	0.951116	0.977408
4	EYA4+ZNF568+ADHFE1+UNC5C	0.967367	0.006362	0.949399	0.976351
4	EYA4+ZNF568+ADHFE1+RALYL	0.965405	0.006108	0.949663	0.972916
4	EYA4+ZNF568+ADHFE1+GFRA1	0.964956	0.006953	0.950852	0.979918
4	EYA4+ZNF568+HOXA2+BEND5	0.953739	0.009410	0.932488	0.967763
4	EYA4+ZNF568+HOXA2+UNC5C	0.958859	0.008651	0.937905	0.971066
4	EYA4+ZNF568+HOXA2+RALYL	0.956434	0.009914	0.934205	0.972519
4	EYA4+ZNF568+HOXA2+GFRA1	0.959222	0.008944	0.940547	0.969877
4	EYA4+ZNF568+BEND5+UNC5C	0.951552	0.008694	0.933016	0.967103
4	EYA4+ZNF568+BEND5+RALYL	0.940045	0.013337	0.905668	0.955080
4	EYA4+ZNF568+BEND5+GFRA1	0.945970	0.011913	0.920333	0.966178
4	EYA4+ZNF568+UNC5C+RALYL	0.947503	0.011658	0.916766	0.962875
4	EYA4+ZNF568+UNC5C+GFRA1	0.951394	0.009100	0.931034	0.964857
4	EYA4+ZNF568+RALYL+GFRA1	0.945990	0.012189	0.914388	0.961157
4	EYA4+ZNF793+SFMBT2+ADHFE1	0.959261	0.007978	0.942264	0.972387
4	EYA4+ZNF793+SFMBT2+HOXA2	0.944781	0.006971	0.930638	0.956269
4	EYA4+ZNF793+SFMBT2+BEND5	0.928220	0.013909	0.896684	0.944114
4	EYA4+ZNF793+SFMBT2+UNC5C	0.934489	0.011967	0.915577	0.952570
4	EYA4+ZNF793+SFMBT2+RALYL	0.925730	0.010916	0.897609	0.941340
4	EYA4+ZNF793+SFMBT2+GFRA1	0.936114	0.009316	0.912670	0.949267
4	EYA4+ZNF793+ADHFE1+HOXA2	0.955972	0.008818	0.942529	0.972519
4	EYA4+ZNF793+ADHFE1+BEND5	0.958171	0.007810	0.942925	0.971198
4	EYA4+ZNF793+ADHFE1+UNC5C	0.961838	0.008238	0.948078	0.972387
4	EYA4+ZNF793+ADHFE1+RALYL	0.958165	0.009599	0.930506	0.967367
4	EYA4+ZNF793+ADHFE1+GFRA1	0.962168	0.007423	0.949003	0.978465
4	EYA4+ZNF793+HOXA2+BEND5	0.943764	0.011832	0.923768	0.961157
4	EYA4+ZNF793+HOXA2+UNC5C	0.949049	0.010702	0.932224	0.968160
4	EYA4+ZNF793+HOXA2+RALYL	0.942542	0.008323	0.924693	0.955344
4	EYA4+ZNF793+HOXA2+GFRA1	0.957253	0.006354	0.944378	0.968952
4	EYA4+ZNF793+BEND5+UNC5C	0.936854	0.012155	0.920069	0.957458
4	EYA4+ZNF793+BEND5+RALYL	0.927983	0.014689	0.889417	0.945832
4	EYA4+ZNF793+BEND5+GFRA1	0.936867	0.009731	0.914388	0.950588
4	EYA4+ZNF793+UNC5C+RALYL	0.935672	0.014179	0.901572	0.955873
4	EYA4+ZNF793+UNC5C+GFRA1	0.941895	0.010076	0.920333	0.957062
4	EYA4+ZNF793+RALYL+GFRA1	0.932329	0.012891	0.901572	0.950720
4	EYA4+SFMBT2+ADHFE1+HOXA2	0.957101	0.007973	0.942793	0.972784
4	EYA4+SFMBT2+ADHFE1+BEND5	0.956236	0.006794	0.943057	0.966838
4	EYA4+SFMBT2+ADHFE1+UNC5C	0.959830	0.007269	0.942529	0.970009
4	EYA4+SFMBT2+ADHFE1+RALYL	0.958191	0.008043	0.934866	0.970141
4	EYA4+SFMBT2+ADHFE1+GFRA1	0.961963	0.007808	0.943718	0.975030
4	EYA4+SFMBT2+HOXA2+BEND5	0.943057	0.011606	0.916237	0.958119
4	EYA4+SFMBT2+HOXA2+UNC5C	0.949815	0.008998	0.936583	0.962875
4	EYA4+SFMBT2+HOXA2+RALYL	0.944253	0.008829	0.922975	0.957987
4	EYA4+SFMBT2+HOXA2+GFRA1	0.955417	0.007120	0.939754	0.968556
4	EYA4+SFMBT2+BEND5+UNC5C	0.932323	0.010342	0.911877	0.952834
4	EYA4+SFMBT2+BEND5+RALYL	0.930004	0.011778	0.898137	0.945567
4	EYA4+SFMBT2+BEND5+GFRA1	0.935051	0.008157	0.913991	0.948342
4	EYA4+SFMBT2+UNC5C+RALYL	0.937079	0.011527	0.908178	0.952966
4	EYA4+SFMBT2+UNC5C+GFRA1	0.941696	0.008073	0.917823	0.951381
4	EYA4+SFMBT2+RALYL+GFRA1	0.934833	0.013036	0.903290	0.953362
4	EYA4+ADHFE1+HOXA2+BEND5	0.960543	0.007670	0.944775	0.976351
4	EYA4+ADHFE1+HOXA2+UNC5C	0.964804	0.007538	0.949531	0.977804
4	EYA4+ADHFE1+HOXA2+RALYL	0.959849	0.007088	0.945039	0.972387
4	EYA4+ADHFE1+HOXA2+GFRA1	0.961322	0.008042	0.943189	0.972519
4	EYA4+ADHFE1+BEND5+UNC5C	0.962657	0.006412	0.945567	0.972519
4	EYA4+ADHFE1+BEND5+RALYL	0.957736	0.007838	0.938169	0.967895
4	EYA4+ADHFE1+BEND5+GFRA1	0.961725	0.007472	0.948870	0.973841
4	EYA4+ADHFE1+UNC5C+RALYL	0.963033	0.009165	0.932884	0.974501
4	EYA4+ADHFE1+UNC5C+GFRA1	0.964784	0.006701	0.944378	0.973709
4	EYA4+ADHFE1+RALYL+GFRA1	0.964678	0.006728	0.950720	0.978068
4	EYA4+HOXA2+BEND5+UNC5C	0.951044	0.008891	0.935659	0.963800
4	EYA4+HOXA2+BEND5+RALYL	0.944656	0.011394	0.922843	0.956665
4	EYA4+HOXA2+BEND5+GFRA1	0.954142	0.009473	0.934602	0.965914
4	EYA4+HOXA2+UNC5C+RALYL	0.949577	0.009312	0.931431	0.964460
4	EYA4+HOXA2+UNC5C+GFRA1	0.958257	0.009337	0.941604	0.970406
4	EYA4+HOXA2+RALYL+GFRA1	0.955879	0.009219	0.939754	0.967367
4	EYA4+BEND5+UNC5C+RALYL	0.933195	0.010710	0.901836	0.949135
4	EYA4+BEND5+UNC5C+GFRA1	0.942020	0.009032	0.919540	0.955080
4	EYA4+BEND5+RALYL+GFRA1	0.936161	0.010051	0.908442	0.950059
4	EYA4+UNC5C+RALYL+GFRA1	0.941102	0.010581	0.913595	0.955741
4	ZNF568+ZNF793+SFMBT2+ADHFE1	0.959215	0.006340	0.948210	0.968027
4	ZNF568+ZNF793+SFMBT2+HOXA2	0.945792	0.010889	0.928788	0.962346
4	ZNF568+ZNF793+SFMBT2+BEND5	0.935137	0.010248	0.912274	0.950059
4	ZNF568+ZNF793+SFMBT2+UNC5C	0.943982	0.010119	0.914916	0.955344
4	ZNF568+ZNF793+SFMBT2+RALYL	0.937924	0.011199	0.915577	0.956401
4	ZNF568+ZNF793+SFMBT2+GFRA1	0.937779	0.011237	0.918351	0.955344
4	ZNF568+ZNF793+ADHFE1+HOXA2	0.959810	0.007328	0.946228	0.972652
4	ZNF568+ZNF793+ADHFE1+BEND5	0.960318	0.006621	0.949003	0.973973
4	ZNF568+ZNF793+ADHFE1+UNC5C	0.963780	0.008450	0.942529	0.973048
4	ZNF568+ZNF793+ADHFE1+RALYL	0.961177	0.009745	0.934866	0.973312
4	ZNF568+ZNF793+ADHFE1+GFRA1	0.964474	0.006209	0.954023	0.979125
4	ZNF568+ZNF793+HOXA2+BEND5	0.942661	0.011415	0.915180	0.957458
4	ZNF568+ZNF793+HOXA2+UNC5C	0.953931	0.010294	0.930638	0.966838
4	ZNF568+ZNF793+HOXA2+RALYL	0.949419	0.009548	0.932884	0.959704
4	ZNF568+ZNF793+HOXA2+GFRA1	0.955456	0.007134	0.944775	0.967103
4	ZNF568+ZNF793+BEND5+UNC5C	0.945131	0.009579	0.920069	0.955476
4	ZNF568+ZNF793+BEND5+RALYL	0.933617	0.013022	0.904082	0.949399
4	ZNF568+ZNF793+BEND5+GFRA1	0.941089	0.009902	0.916502	0.956797
4	ZNF568+ZNF793+UNC5C+RALYL	0.945455	0.011034	0.923900	0.960233
4	ZNF568+ZNF793+UNC5C+GFRA1	0.949280	0.008651	0.925750	0.957722
4	ZNF568+ZNF793+RALYL+GFRA1	0.942047	0.012428	0.914652	0.954816
4	ZNF568+SFMBT2+ADHFE1+HOXA2	0.960114	0.007145	0.943321	0.972652
4	ZNF568+SFMBT2+ADHFE1+BEND5	0.959612	0.006424	0.949795	0.971991
4	ZNF568+SFMBT2+ADHFE1+UNC5C	0.964744	0.006323	0.951116	0.973180
4	ZNF568+SFMBT2+ADHFE1+RALYL	0.965253	0.006817	0.949267	0.977276
4	ZNF568+SFMBT2+ADHFE1+GFRA1	0.964183	0.007142	0.950588	0.977144
4	ZNF568+SFMBT2+HOXA2+BEND5	0.944940	0.012204	0.917426	0.960100
4	ZNF568+SFMBT2+HOXA2+UNC5C	0.956282	0.009130	0.942529	0.969481
4	ZNF568+SFMBT2+HOXA2+RALYL	0.954684	0.009337	0.934998	0.969084
4	ZNF568+SFMBT2+HOXA2+GFRA1	0.955377	0.008907	0.939754	0.966838
4	ZNF568+SFMBT2+BEND5+UNC5C	0.946334	0.007871	0.934073	0.964064
4	ZNF568+SFMBT2+BEND5+RALYL	0.942482	0.010486	0.921390	0.959176
4	ZNF568+SFMBT2+BEND5+GFRA1	0.941439	0.008994	0.924693	0.959308
4	ZNF568+SFMBT2+UNC5C+RALYL	0.949320	0.010294	0.923768	0.963139
4	ZNF568+SFMBT2+UNC5C+GFRA1	0.950687	0.008007	0.931167	0.959043
4	ZNF568+SFMBT2+RALYL+GFRA1	0.945264	0.009811	0.922975	0.960497
4	ZNF568+ADHFE1+HOXA2+BEND5	0.961844	0.007354	0.950984	0.977011
4	ZNF568+ADHFE1+HOXA2+UNC5C	0.970822	0.007599	0.953495	0.984674
4	ZNF568+ADHFE1+HOXA2+RALYL	0.966323	0.008654	0.945303	0.979125
4	ZNF568+ADHFE1+HOXA2+GFRA1	0.967453	0.007370	0.952702	0.978861
4	ZNF568+ADHFE1+BEND5+UNC5C	0.970558	0.007486	0.952702	0.982825
4	ZNF568+ADHFE1+BEND5+RALYL	0.963786	0.008310	0.949663	0.979390
4	ZNF568+ADHFE1+BEND5+GFRA1	0.964513	0.007763	0.949531	0.980843
4	ZNF568+ADHFE1+UNC5C+RALYL	0.969976	0.008260	0.950852	0.982957
4	ZNF568+ADHFE1+UNC5C+GFRA1	0.973246	0.006889	0.958383	0.987845
4	ZNF568+ADHFE1+RALYL+GFRA1	0.970333	0.006168	0.958119	0.985203
4	ZNF568+HOXA2+BEND5+UNC5C	0.958759	0.009122	0.941736	0.971198
4	ZNF568+HOXA2+BEND5+RALYL	0.951526	0.010519	0.925089	0.962346
4	ZNF568+HOXA2+BEND5+GFRA1	0.954915	0.009815	0.935130	0.969084
4	ZNF568+HOXA2+UNC5C+RALYL	0.960193	0.009085	0.942264	0.970802
4	ZNF568+HOXA2+UNC5C+GFRA1	0.961653	0.008581	0.943850	0.972652
4	ZNF568+HOXA2+RALYL+GFRA1	0.959711	0.009290	0.942000	0.973444
4	ZNF568+BEND5+UNC5C+RALYL	0.949874	0.010081	0.928524	0.961950
4	ZNF568+BEND5+UNC5C+GFRA1	0.953204	0.007906	0.936319	0.963535
4	ZNF568+BEND5+RALYL+GFRA1	0.943870	0.009934	0.921918	0.957722
4	ZNF568+UNC5C+RALYL+GFRA1	0.954386	0.009198	0.931695	0.964460
4	ZNF793+SFMBT2+ADHFE1+HOXA2	0.955133	0.007186	0.941208	0.965253
4	ZNF793+SFMBT2+ADHFE1+BEND5	0.956137	0.006940	0.943454	0.970406
4	ZNF793+SFMBT2+ADHFE1+UNC5C	0.960695	0.006391	0.948870	0.969217
4	ZNF793+SFMBT2+ADHFE1+RALYL	0.956388	0.009600	0.930770	0.967103
4	ZNF793+SFMBT2+ADHFE1+GFRA1	0.962545	0.007341	0.946228	0.976351
4	ZNF793+SFMBT2+HOXA2+BEND5	0.941928	0.010979	0.919672	0.959308
4	ZNF793+SFMBT2+HOXA2+UNC5C	0.949240	0.009321	0.933148	0.964064
4	ZNF793+SFMBT2+HOXA2+RALYL	0.943183	0.008201	0.927071	0.954948
4	ZNF793+SFMBT2+HOXA2+GFRA1	0.951817	0.007831	0.936187	0.962875
4	ZNF793+SFMBT2+BEND5+UNC5C	0.933532	0.010693	0.914123	0.951909
4	ZNF793+SFMBT2+BEND5+RALYL	0.930011	0.012399	0.898005	0.948606
4	ZNF793+SFMBT2+BEND5+GFRA1	0.934212	0.009031	0.918087	0.949267
4	ZNF793+SFMBT2+UNC5C+RALYL	0.937779	0.011915	0.910953	0.956137
4	ZNF793+SFMBT2+UNC5C+GFRA1	0.942113	0.008136	0.919937	0.955080
4	ZNF793+SFMBT2+RALYL+GFRA1	0.933505	0.012384	0.905404	0.954155
4	ZNF793+ADHFE1+HOXA2+BEND5	0.958330	0.007676	0.944775	0.970141
4	ZNF793+ADHFE1+HOXA2+UNC5C	0.961937	0.007958	0.949135	0.973444
4	ZNF793+ADHFE1+HOXA2+RALYL	0.955126	0.007845	0.934998	0.964460
4	ZNF793+ADHFE1+HOXA2+GFRA1	0.961640	0.006028	0.950192	0.971066
4	ZNF793+ADHFE1+BEND5+UNC5C	0.962644	0.007274	0.949795	0.972123
4	ZNF793+ADHFE1+BEND5+RALYL	0.957339	0.010752	0.932356	0.969613
4	ZNF793+ADHFE1+BEND5+GFRA1	0.962076	0.007142	0.946360	0.973576
4	ZNF793+ADHFE1+UNC5C+RALYL	0.964797	0.008916	0.941736	0.976483
4	ZNF793+ADHFE1+UNC5C+GFRA1	0.967321	0.006965	0.953759	0.984278
4	ZNF793+ADHFE1+RALYL+GFRA1	0.964619	0.010016	0.935130	0.979125
4	ZNF793+HOXA2+BEND5+UNC5C	0.951803	0.011024	0.932488	0.969084
4	ZNF793+HOXA2+BEND5+RALYL	0.942859	0.012938	0.919540	0.959836
4	ZNF793+HOXA2+BEND5+GFRA1	0.951645	0.008555	0.936187	0.965121
4	ZNF793+HOXA2+UNC5C+RALYL	0.950746	0.009069	0.933413	0.966574
4	ZNF793+HOXA2+UNC5C+GFRA1	0.954730	0.009631	0.936451	0.971330
4	ZNF793+HOXA2+RALYL+GFRA1	0.951341	0.009004	0.935130	0.964064
4	ZNF793+BEND5+UNC5C+RALYL	0.937270	0.011454	0.909764	0.955608
4	ZNF793+BEND5+UNC5C+GFRA1	0.939781	0.007245	0.921918	0.950984
4	ZNF793+BEND5+RALYL+GFRA1	0.929601	0.009465	0.909235	0.944643
4	ZNF793+UNC5C+RALYL+GFRA1	0.938301	0.009334	0.916105	0.952305
4	SFMBT2+ADHFE1+HOXA2+BEND5	0.959083	0.007304	0.946492	0.970934
4	SFMBT2+ADHFE1+HOXA2+UNC5C	0.961963	0.007275	0.949399	0.973180
4	SFMBT2+ADHFE1+HOXA2+RALYL	0.957286	0.006351	0.944246	0.968424
4	SFMBT2+ADHFE1+HOXA2+GFRA1	0.962194	0.007965	0.946757	0.973048
4	SFMBT2+ADHFE1+BEND5+UNC5C	0.961871	0.006040	0.948078	0.969349
4	SFMBT2+ADHFE1+BEND5+RALYL	0.959664	0.007132	0.940547	0.967895
4	SFMBT2+ADHFE1+BEND5+GFRA1	0.960120	0.008482	0.945171	0.972916
4	SFMBT2+ADHFE1+UNC5C+RALYL	0.965233	0.007496	0.944378	0.974765
4	SFMBT2+ADHFE1+UNC5C+GFRA1	0.966151	0.007719	0.952041	0.981768
4	SFMBT2+ADHFE1+RALYL+GFRA1	0.965227	0.006878	0.950588	0.976879
4	SFMBT2+HOXA2+BEND5+UNC5C	0.952451	0.010782	0.927599	0.965649
4	SFMBT2+HOXA2+BEND5+RALYL	0.945739	0.011622	0.915709	0.958779
4	SFMBT2+HOXA2+BEND5+GFRA1	0.953184	0.009312	0.934998	0.965781
4	SFMBT2+HOXA2+UNC5C+RALYL	0.951209	0.009662	0.933280	0.964592
4	SFMBT2+HOXA2+UNC5C+GFRA1	0.956236	0.009061	0.937508	0.970009
4	SFMBT2+HOXA2+RALYL+GFRA1	0.952530	0.008929	0.933413	0.964592
4	SFMBT2+BEND5+UNC5C+RALYL	0.938922	0.011616	0.908971	0.957194
4	SFMBT2+BEND5+UNC5C+GFRA1	0.940686	0.007171	0.922579	0.953230
4	SFMBT2+BEND5+RALYL+GFRA1	0.935599	0.008660	0.914520	0.951249
4	SFMBT2+UNC5C+RALYL+GFRA1	0.941485	0.010667	0.912802	0.957326
4	ADHFE1+HOXA2+BEND5+UNC5C	0.966911	0.006929	0.952305	0.977804
4	ADHFE1+HOXA2+BEND5+RALYL	0.961091	0.007128	0.948870	0.973444
4	ADHFE1+HOXA2+BEND5+GFRA1	0.966125	0.006648	0.952041	0.981107
4	ADHFE1+HOXA2+UNC5C+RALYL	0.966290	0.008110	0.950192	0.981107
4	ADHFE1+HOXA2+UNC5C+GFRA1	0.972315	0.007336	0.955080	0.988242
4	ADHFE1+HOXA2+RALYL+GFRA1	0.967387	0.007150	0.952834	0.980843
4	ADHFE1+BEND5+UNC5C+RALYL	0.967684	0.008522	0.950720	0.981504
4	ADHFE1+BEND5+UNC5C+GFRA1	0.972513	0.007381	0.957458	0.988374
4	ADHFE1+BEND5+RALYL+GFRA1	0.968866	0.006371	0.959176	0.985863
4	ADHFE1+UNC5C+RALYL+GFRA1	0.973636	0.006698	0.960893	0.989298
4	HOXA2+BEND5+UNC5C+RALYL	0.953950	0.009558	0.934998	0.966178
4	HOXA2+BEND5+UNC5C+GFRA1	0.958779	0.008956	0.943718	0.970538
4	HOXA2+BEND5+RALYL+GFRA1	0.953792	0.010166	0.933148	0.970406
4	HOXA2+UNC5C+RALYL+GFRA1	0.959017	0.009060	0.941472	0.972784
4	BEND5+UNC5C+RALYL+GFRA1	0.939424	0.009229	0.922050	0.954948
5	EYA4+ZNF568+ZNF793+SFMBT2+ADHFE1	0.962597	0.006058	0.949135	0.976351
5	EYA4+ZNF568+ZNF793+SFMBT2+HOXA2	0.954281	0.008078	0.937508	0.964989
5	EYA4+ZNF568+ZNF793+SFMBT2+BEND5	0.941492	0.010284	0.920201	0.956005
5	EYA4+ZNF568+ZNF793+SFMBT2+UNC5C	0.943830	0.009678	0.916898	0.955608
5	EYA4+ZNF568+ZNF793+SFMBT2+RALYL	0.939272	0.010583	0.919408	0.956665
5	EYA4+ZNF568+ZNF793+SFMBT2+GFRA1	0.945118	0.008790	0.929713	0.957194
5	EYA4+ZNF568+ZNF793+ADHFE1+HOXA2	0.961531	0.008394	0.945303	0.975822
5	EYA4+ZNF568+ZNF793+ADHFE1+BEND5	0.960219	0.008386	0.941868	0.976351
5	EYA4+ZNF568+ZNF793+ADHFE1+UNC5C	0.961679	0.008107	0.943586	0.972519
5	EYA4+ZNF568+ZNF793+ADHFE1+RALYL	0.961329	0.009598	0.936583	0.972652
5	EYA4+ZNF568+ZNF793+ADHFE1+GFRA1	0.962855	0.007418	0.949927	0.979390
5	EYA4+ZNF568+ZNF793+HOXA2+BEND5	0.951500	0.009071	0.934470	0.963139
5	EYA4+ZNF568+ZNF793+HOXA2+UNC5C	0.953409	0.011298	0.929845	0.965649
5	EYA4+ZNF568+ZNF793+HOXA2+RALYL	0.951083	0.009690	0.933941	0.961157
5	EYA4+ZNF568+ZNF793+HOXA2+GFRA1	0.960470	0.007090	0.948474	0.969349
5	EYA4+ZNF568+ZNF793+BEND5+UNC5C	0.946413	0.010031	0.923636	0.959043
5	EYA4+ZNF568+ZNF793+BEND5+RALYL	0.939563	0.013866	0.902101	0.957458
5	EYA4+ZNF568+ZNF793+BEND5+GFRA1	0.945851	0.010957	0.920069	0.963668
5	EYA4+ZNF568+ZNF793+UNC5C+RALYL	0.945164	0.011037	0.922975	0.959043
5	EYA4+ZNF568+ZNF793+UNC5C+GFRA1	0.948732	0.008816	0.927996	0.958779
5	EYA4+ZNF568+ZNF793+RALYL+GFRA1	0.944722	0.012082	0.922183	0.961950
5	EYA4+ZNF568+SFMBT2+ADHFE1+HOXA2	0.963932	0.006447	0.951645	0.976483
5	EYA4+ZNF568+SFMBT2+ADHFE1+BEND5	0.962049	0.006606	0.951249	0.974633
5	EYA4+ZNF568+SFMBT2+ADHFE1+UNC5C	0.964222	0.005886	0.952305	0.973048
5	EYA4+ZNF568+SFMBT2+ADHFE1+RALYL	0.964513	0.006370	0.948342	0.973841
5	EYA4+ZNF568+SFMBT2+ADHFE1+GFRA1	0.964123	0.006732	0.950852	0.977672
5	EYA4+ZNF568+SFMBT2+HOXA2+BEND5	0.952675	0.010839	0.928921	0.966706
5	EYA4+ZNF568+SFMBT2+HOXA2+UNC5C	0.956401	0.009597	0.935526	0.970273
5	EYA4+ZNF568+SFMBT2+HOXA2+RALYL	0.955641	0.009475	0.936055	0.971330
5	EYA4+ZNF568+SFMBT2+HOXA2+GFRA1	0.958918	0.008426	0.942132	0.968292
5	EYA4+ZNF568+SFMBT2+BEND5+UNC5C	0.947490	0.007920	0.934337	0.964064
5	EYA4+ZNF568+SFMBT2+BEND5+RALYL	0.943757	0.011334	0.916634	0.960365
5	EYA4+ZNF568+SFMBT2+BEND5+GFRA1	0.944121	0.010351	0.923504	0.961686
5	EYA4+ZNF568+SFMBT2+UNC5C+RALYL	0.948098	0.010487	0.919012	0.964725
5	EYA4+ZNF568+SFMBT2+UNC5C+GFRA1	0.948936	0.008687	0.924825	0.958515
5	EYA4+ZNF568+SFMBT2+RALYL+GFRA1	0.945118	0.011819	0.914652	0.960497
5	EYA4+ZNF568+ADHFE1+HOXA2+BEND5	0.961673	0.007530	0.946889	0.977276
5	EYA4+ZNF568+ADHFE1+HOXA2+UNC5C	0.966528	0.006456	0.951116	0.976879
5	EYA4+ZNF568+ADHFE1+HOXA2+RALYL	0.964540	0.007638	0.943586	0.973973
5	EYA4+ZNF568+ADHFE1+HOXA2+GFRA1	0.963727	0.008258	0.941736	0.973312
5	EYA4+ZNF568+ADHFE1+BEND5+UNC5C	0.966700	0.006399	0.948474	0.975690
5	EYA4+ZNF568+ADHFE1+BEND5+RALYL	0.962697	0.007455	0.946889	0.972652
5	EYA4+ZNF568+ADHFE1+BEND5+GFRA1	0.962617	0.007775	0.946228	0.975162
5	EYA4+ZNF568+ADHFE1+UNC5C+RALYL	0.966997	0.008544	0.934998	0.975294
5	EYA4+ZNF568+ADHFE1+UNC5C+GFRA1	0.966402	0.005950	0.949531	0.974765
5	EYA4+ZNF568+ADHFE1+RALYL+GFRA1	0.965702	0.006347	0.952305	0.978993
5	EYA4+ZNF568+HOXA2+BEND5+UNC5C	0.957617	0.010076	0.933280	0.972255
5	EYA4+ZNF568+HOXA2+BEND5+RALYL	0.953310	0.010271	0.923900	0.964196
5	EYA4+ZNF568+HOXA2+BEND5+GFRA1	0.957233	0.009822	0.934734	0.971198
5	EYA4+ZNF568+HOXA2+UNC5C+RALYL	0.956652	0.010198	0.931299	0.970802
5	EYA4+ZNF568+HOXA2+UNC5C+GFRA1	0.959294	0.009460	0.939886	0.971727
5	EYA4+ZNF568+HOXA2+RALYL+GFRA1	0.960252	0.009272	0.939490	0.973444
5	EYA4+ZNF568+BEND5+UNC5C+RALYL	0.947695	0.011353	0.916105	0.959704
5	EYA4+ZNF568+BEND5+UNC5C+GFRA1	0.951810	0.008843	0.929581	0.964460
5	EYA4+ZNF568+BEND5+RALYL+GFRA1	0.946915	0.010213	0.923768	0.959572
5	EYA4+ZNF568+UNC5C+RALYL+GFRA1	0.951519	0.010372	0.921918	0.963403
5	EYA4+ZNF793+SFMBT2+ADHFE1+HOXA2	0.954908	0.008218	0.943321	0.971727
5	EYA4+ZNF793+SFMBT2+ADHFE1+BEND5	0.957630	0.007443	0.942529	0.970802
5	EYA4+ZNF793+SFMBT2+ADHFE1+UNC5C	0.960358	0.007964	0.946360	0.970802
5	EYA4+ZNF793+SFMBT2+ADHFE1+RALYL	0.956632	0.009549	0.930902	0.966178
5	EYA4+ZNF793+SFMBT2+ADHFE1+GFRA1	0.962538	0.006892	0.946492	0.976483
5	EYA4+ZNF793+SFMBT2+HOXA2+BEND5	0.946307	0.010379	0.927467	0.961025
5	EYA4+ZNF793+SFMBT2+HOXA2+UNC5C	0.948230	0.009646	0.931563	0.962082
5	EYA4+ZNF793+SFMBT2+HOXA2+RALYL	0.942872	0.008107	0.926542	0.955476
5	EYA4+ZNF793+SFMBT2+HOXA2+GFRA1	0.957313	0.006689	0.943850	0.970802
5	EYA4+ZNF793+SFMBT2+BEND5+UNC5C	0.935877	0.011934	0.915180	0.954155
5	EYA4+ZNF793+SFMBT2+BEND5+RALYL	0.932045	0.013396	0.899590	0.948606
5	EYA4+ZNF793+SFMBT2+BEND5+GFRA1	0.938796	0.009312	0.915841	0.951116
5	EYA4+ZNF793+SFMBT2+UNC5C+RALYL	0.936722	0.012902	0.908442	0.954684
5	EYA4+ZNF793+SFMBT2+UNC5C+GFRA1	0.940904	0.009693	0.919276	0.953891
5	EYA4+ZNF793+SFMBT2+RALYL+GFRA1	0.933981	0.012849	0.909367	0.952570
5	EYA4+ZNF793+ADHFE1+HOXA2+BEND5	0.957716	0.008452	0.942132	0.970538
5	EYA4+ZNF793+ADHFE1+HOXA2+UNC5C	0.960067	0.008954	0.945700	0.972123
5	EYA4+ZNF793+ADHFE1+HOXA2+RALYL	0.954578	0.008764	0.933280	0.964725
5	EYA4+ZNF793+ADHFE1+HOXA2+GFRA1	0.960067	0.007036	0.947417	0.970934
5	EYA4+ZNF793+ADHFE1+BEND5+UNC5C	0.961032	0.008614	0.946492	0.972255
5	EYA4+ZNF793+ADHFE1+BEND5+RALYL	0.957101	0.010643	0.929978	0.966971
5	EYA4+ZNF793+ADHFE1+BEND5+GFRA1	0.961963	0.006323	0.951249	0.972652
5	EYA4+ZNF793+ADHFE1+UNC5C+RALYL	0.962446	0.009086	0.935791	0.972784
5	EYA4+ZNF793+ADHFE1+UNC5C+GFRA1	0.963099	0.007049	0.947153	0.973841
5	EYA4+ZNF793+ADHFE1+RALYL+GFRA1	0.961283	0.010492	0.934866	0.977804
5	EYA4+ZNF793+HOXA2+BEND5+UNC5C	0.950251	0.011771	0.931299	0.969084
5	EYA4+ZNF793+HOXA2+BEND5+RALYL	0.944880	0.012287	0.921786	0.962479
5	EYA4+ZNF793+HOXA2+BEND5+GFRA1	0.955001	0.008645	0.938962	0.966574
5	EYA4+ZNF793+HOXA2+UNC5C+RALYL	0.947972	0.010943	0.930110	0.966178
5	EYA4+ZNF793+HOXA2+UNC5C+GFRA1	0.954433	0.009504	0.937376	0.969745
5	EYA4+ZNF793+HOXA2+RALYL+GFRA1	0.953732	0.009485	0.936848	0.967631
5	EYA4+ZNF793+BEND5+UNC5C+RALYL	0.936683	0.013686	0.902629	0.956930
5	EYA4+ZNF793+BEND5+UNC5C+GFRA1	0.941393	0.009806	0.921258	0.956005
5	EYA4+ZNF793+BEND5+RALYL+GFRA1	0.934747	0.012022	0.909631	0.950720
5	EYA4+ZNF793+UNC5C+RALYL+GFRA1	0.939668	0.010827	0.910424	0.955873
5	EYA4+SFMBT2+ADHFE1+HOXA2+BEND5	0.957802	0.007628	0.941868	0.969084
5	EYA4+SFMBT2+ADHFE1+HOXA2+UNC5C	0.960140	0.007287	0.946624	0.971727
5	EYA4+SFMBT2+ADHFE1+HOXA2+RALYL	0.956414	0.006453	0.941208	0.968820
5	EYA4+SFMBT2+ADHFE1+HOXA2+GFRA1	0.961025	0.007942	0.944907	0.973180
5	EYA4+SFMBT2+ADHFE1+BEND5+UNC5C	0.959645	0.007060	0.942661	0.968556
5	EYA4+SFMBT2+ADHFE1+BEND5+RALYL	0.958839	0.007349	0.937772	0.966046
5	EYA4+SFMBT2+ADHFE1+BEND5+GFRA1	0.960847	0.008000	0.941868	0.971727
5	EYA4+SFMBT2+ADHFE1+UNC5C+RALYL	0.962591	0.008020	0.936055	0.970934
5	EYA4+SFMBT2+ADHFE1+UNC5C+GFRA1	0.961732	0.007527	0.947021	0.972123
5	EYA4+SFMBT2+ADHFE1+RALYL+GFRA1	0.963119	0.006780	0.950059	0.974898
5	EYA4+SFMBT2+HOXA2+BEND5+UNC5C	0.950416	0.010591	0.928656	0.963668
5	EYA4+SFMBT2+HOXA2+BEND5+RALYL	0.945131	0.012424	0.916502	0.958251
5	EYA4+SFMBT2+HOXA2+BEND5+GFRA1	0.953290	0.009553	0.934073	0.965517
5	EYA4+SFMBT2+HOXA2+UNC5C+RALYL	0.948487	0.009551	0.931034	0.962743
5	EYA4+SFMBT2+HOXA2+UNC5C+GFRA1	0.956170	0.009135	0.939622	0.968820
5	EYA4+SFMBT2+HOXA2+RALYL+GFRA1	0.953911	0.008397	0.937244	0.967367
5	EYA4+SFMBT2+BEND5+UNC5C+RALYL	0.938360	0.011994	0.902761	0.953759
5	EYA4+SFMBT2+BEND5+UNC5C+GFRA1	0.941802	0.007837	0.918219	0.953230
5	EYA4+SFMBT2+BEND5+RALYL+GFRA1	0.937654	0.009398	0.911745	0.951645
5	EYA4+SFMBT2+UNC5C+RALYL+GFRA1	0.941769	0.010895	0.910953	0.956005
5	EYA4+ADHFE1+HOXA2+BEND5+UNC5C	0.963734	0.007044	0.947021	0.975162
5	EYA4+ADHFE1+HOXA2+BEND5+RALYL	0.958271	0.007946	0.942529	0.968424
5	EYA4+ADHFE1+HOXA2+BEND5+GFRA1	0.961085	0.007167	0.947417	0.972784
5	EYA4+ADHFE1+HOXA2+UNC5C+RALYL	0.961825	0.008096	0.935262	0.971330
5	EYA4+ADHFE1+HOXA2+UNC5C+GFRA1	0.965200	0.006850	0.950984	0.976087
5	EYA4+ADHFE1+HOXA2+RALYL+GFRA1	0.963311	0.007708	0.945964	0.974501
5	EYA4+ADHFE1+BEND5+UNC5C+RALYL	0.961792	0.008940	0.932356	0.972387
5	EYA4+ADHFE1+BEND5+UNC5C+GFRA1	0.963747	0.006841	0.943586	0.972652
5	EYA4+ADHFE1+BEND5+RALYL+GFRA1	0.963364	0.006530	0.951381	0.974898
5	EYA4+ADHFE1+UNC5C+RALYL+GFRA1	0.965630	0.006213	0.943982	0.974105
5	EYA4+HOXA2+BEND5+UNC5C+RALYL	0.950614	0.010583	0.928524	0.966838
5	EYA4+HOXA2+BEND5+UNC5C+GFRA1	0.956560	0.010061	0.939754	0.971066
5	EYA4+HOXA2+BEND5+RALYL+GFRA1	0.954895	0.010151	0.934998	0.971595
5	EYA4+HOXA2+UNC5C+RALYL+GFRA1	0.956738	0.010319	0.939094	0.970273
5	EYA4+BEND5+UNC5C+RALYL+GFRA1	0.939127	0.010885	0.911745	0.955080
5	ZNF568+ZNF793+SFMBT2+ADHFE1+HOXA2	0.958436	0.007389	0.944378	0.969877
5	ZNF568+ZNF793+SFMBT2+ADHFE1+BEND5	0.959777	0.006072	0.949531	0.971859
5	ZNF568+ZNF793+SFMBT2+ADHFE1+UNC5C	0.962796	0.007081	0.947417	0.971859
5	ZNF568+ZNF793+SFMBT2+ADHFE1+RALYL	0.960860	0.009029	0.932884	0.970802
5	ZNF568+ZNF793+SFMBT2+ADHFE1+GFRA1	0.963509	0.006376	0.950456	0.976483
5	ZNF568+ZNF793+SFMBT2+HOXA2+BEND5	0.945231	0.011408	0.919672	0.959704
5	ZNF568+ZNF793+SFMBT2+HOXA2+UNC5C	0.952438	0.009815	0.930110	0.965517
5	ZNF568+ZNF793+SFMBT2+HOXA2+RALYL	0.949723	0.009015	0.931827	0.959836
5	ZNF568+ZNF793+SFMBT2+HOXA2+GFRA1	0.955232	0.008084	0.941075	0.965781
5	ZNF568+ZNF793+SFMBT2+BEND5+UNC5C	0.943599	0.009127	0.922843	0.954155
5	ZNF568+ZNF793+SFMBT2+BEND5+RALYL	0.938433	0.011296	0.918351	0.951116
5	ZNF568+ZNF793+SFMBT2+BEND5+GFRA1	0.941829	0.009506	0.923636	0.958119
5	ZNF568+ZNF793+SFMBT2+UNC5C+RALYL	0.944676	0.011116	0.922579	0.959572
5	ZNF568+ZNF793+SFMBT2+UNC5C+GFRA1	0.947972	0.008591	0.926410	0.956269
5	ZNF568+ZNF793+SFMBT2+RALYL+GFRA1	0.944583	0.011425	0.922183	0.961950
5	ZNF568+ZNF793+ADHFE1+HOXA2+BEND5	0.958825	0.006803	0.947153	0.970406
5	ZNF568+ZNF793+ADHFE1+HOXA2+UNC5C	0.963245	0.008553	0.942793	0.975030
5	ZNF568+ZNF793+ADHFE1+HOXA2+RALYL	0.959803	0.009901	0.933677	0.968556
5	ZNF568+ZNF793+ADHFE1+HOXA2+GFRA1	0.964004	0.006273	0.951513	0.973048
5	ZNF568+ZNF793+ADHFE1+BEND5+UNC5C	0.963555	0.008015	0.944775	0.972916
5	ZNF568+ZNF793+ADHFE1+BEND5+RALYL	0.958449	0.010682	0.934734	0.971330
5	ZNF568+ZNF793+ADHFE1+BEND5+GFRA1	0.962412	0.007199	0.947153	0.972916
5	ZNF568+ZNF793+ADHFE1+UNC5C+RALYL	0.964500	0.009535	0.945435	0.975690
5	ZNF568+ZNF793+ADHFE1+UNC5C+GFRA1	0.967816	0.008604	0.944775	0.983353
5	ZNF568+ZNF793+ADHFE1+RALYL+GFRA1	0.965867	0.009372	0.936848	0.979522
5	ZNF568+ZNF793+HOXA2+BEND5+UNC5C	0.953349	0.011155	0.930242	0.967763
5	ZNF568+ZNF793+HOXA2+BEND5+RALYL	0.947846	0.011524	0.922843	0.960893
5	ZNF568+ZNF793+HOXA2+BEND5+GFRA1	0.954036	0.009094	0.936055	0.965517
5	ZNF568+ZNF793+HOXA2+UNC5C+RALYL	0.955985	0.009287	0.939490	0.969084
5	ZNF568+ZNF793+HOXA2+UNC5C+GFRA1	0.955648	0.009202	0.933280	0.969613
5	ZNF568+ZNF793+HOXA2+RALYL+GFRA1	0.956335	0.010216	0.930242	0.968027
5	ZNF568+ZNF793+BEND5+UNC5C+RALYL	0.945237	0.011409	0.922843	0.961422
5	ZNF568+ZNF793+BEND5+UNC5C+GFRA1	0.948256	0.008453	0.925089	0.957722
5	ZNF568+ZNF793+BEND5+RALYL+GFRA1	0.941056	0.012105	0.910292	0.958119
5	ZNF568+ZNF793+UNC5C+RALYL+GFRA1	0.948355	0.010331	0.921654	0.958779
5	ZNF568+SFMBT2+ADHFE1+HOXA2+BEND5	0.961435	0.006953	0.946492	0.974369
5	ZNF568+SFMBT2+ADHFE1+HOXA2+UNC5C	0.964692	0.006842	0.953627	0.975558
5	ZNF568+SFMBT2+ADHFE1+HOXA2+RALYL	0.964625	0.007591	0.946096	0.976483
5	ZNF568+SFMBT2+ADHFE1+HOXA2+GFRA1	0.964658	0.007693	0.950192	0.974105
5	ZNF568+SFMBT2+ADHFE1+BEND5+UNC5C	0.963820	0.006718	0.950852	0.973312
5	ZNF568+SFMBT2+ADHFE1+BEND5+RALYL	0.960794	0.007273	0.946096	0.970934
5	ZNF568+SFMBT2+ADHFE1+BEND5+GFRA1	0.960464	0.008365	0.946096	0.973973
5	ZNF568+SFMBT2+ADHFE1+UNC5C+RALYL	0.966409	0.007521	0.945964	0.974898
5	ZNF568+SFMBT2+ADHFE1+UNC5C+GFRA1	0.967750	0.007400	0.952834	0.981107
5	ZNF568+SFMBT2+ADHFE1+RALYL+GFRA1	0.967558	0.006220	0.954948	0.977936
5	ZNF568+SFMBT2+HOXA2+BEND5+UNC5C	0.954915	0.010591	0.936980	0.970802
5	ZNF568+SFMBT2+HOXA2+BEND5+RALYL	0.952570	0.010882	0.925618	0.964328
5	ZNF568+SFMBT2+HOXA2+BEND5+GFRA1	0.954287	0.010308	0.935130	0.969084
5	ZNF568+SFMBT2+HOXA2+UNC5C+RALYL	0.957980	0.009283	0.938169	0.970273
5	ZNF568+SFMBT2+HOXA2+UNC5C+GFRA1	0.958383	0.008499	0.940943	0.971463
5	ZNF568+SFMBT2+HOXA2+RALYL+GFRA1	0.958389	0.008982	0.941868	0.967367
5	ZNF568+SFMBT2+BEND5+UNC5C+RALYL	0.947688	0.010954	0.921654	0.960497
5	ZNF568+SFMBT2+BEND5+UNC5C+GFRA1	0.949154	0.008647	0.929185	0.958779
5	ZNF568+SFMBT2+BEND5+RALYL+GFRA1	0.944966	0.009635	0.922447	0.956533
5	ZNF568+SFMBT2+UNC5C+RALYL+GFRA1	0.950885	0.009649	0.926542	0.961950
5	ZNF568+ADHFE1+HOXA2+BEND5+UNC5C	0.969494	0.007291	0.953627	0.983089
5	ZNF568+ADHFE1+HOXA2+BEND5+RALYL	0.964407	0.008105	0.947813	0.979125
5	ZNF568+ADHFE1+HOXA2+BEND5+GFRA1	0.967373	0.006539	0.952702	0.981768
5	ZNF568+ADHFE1+HOXA2+UNC5C+RALYL	0.969150	0.007676	0.953362	0.981636
5	ZNF568+ADHFE1+HOXA2+UNC5C+GFRA1	0.972500	0.007161	0.956797	0.987185
5	ZNF568+ADHFE1+HOXA2+RALYL+GFRA1	0.969534	0.007326	0.954155	0.985335
5	ZNF568+ADHFE1+BEND5+UNC5C+RALYL	0.969745	0.008072	0.950852	0.982164
5	ZNF568+ADHFE1+BEND5+UNC5C+GFRA1	0.972612	0.006964	0.958647	0.988109
5	ZNF568+ADHFE1+BEND5+RALYL+GFRA1	0.969454	0.005938	0.957987	0.985599
5	ZNF568+ADHFE1+UNC5C+RALYL+GFRA1	0.973398	0.006677	0.958647	0.987977
5	ZNF568+HOXA2+BEND5+UNC5C+RALYL	0.958746	0.010108	0.936980	0.972123
5	ZNF568+HOXA2+BEND5+UNC5C+GFRA1	0.960781	0.008806	0.943454	0.972784
5	ZNF568+HOXA2+BEND5+RALYL+GFRA1	0.957537	0.010060	0.940018	0.974765
5	ZNF568+HOXA2+UNC5C+RALYL+GFRA1	0.961996	0.008507	0.943057	0.973048
5	ZNF568+BEND5+UNC5C+RALYL+GFRA1	0.952689	0.009833	0.927071	0.963271
5	ZNF793+SFMBT2+ADHFE1+HOXA2+BEND5	0.957980	0.007465	0.945039	0.969745
5	ZNF793+SFMBT2+ADHFE1+HOXA2+UNC5C	0.960094	0.007212	0.950720	0.972784
5	ZNF793+SFMBT2+ADHFE1+HOXA2+RALYL	0.953785	0.008220	0.929845	0.962611
5	ZNF793+SFMBT2+ADHFE1+HOXA2+GFRA1	0.960041	0.007724	0.940679	0.969613
5	ZNF793+SFMBT2+ADHFE1+BEND5+UNC5C	0.960688	0.006538	0.949399	0.969217
5	ZNF793+SFMBT2+ADHFE1+BEND5+RALYL	0.956731	0.009488	0.935923	0.967235
5	ZNF793+SFMBT2+ADHFE1+BEND5+GFRA1	0.959942	0.007813	0.941208	0.968292
5	ZNF793+SFMBT2+ADHFE1+UNC5C+RALYL	0.962637	0.008422	0.941340	0.974501
5	ZNF793+SFMBT2+ADHFE1+UNC5C+GFRA1	0.964639	0.006703	0.951645	0.975955
5	ZNF793+SFMBT2+ADHFE1+RALYL+GFRA1	0.962961	0.009040	0.941075	0.975426
5	ZNF793+SFMBT2+HOXA2+BEND5+UNC5C	0.950925	0.010857	0.935923	0.966178
5	ZNF793+SFMBT2+HOXA2+BEND5+RALYL	0.944550	0.011277	0.924429	0.957722
5	ZNF793+SFMBT2+HOXA2+BEND5+GFRA1	0.952372	0.009224	0.937244	0.964725
5	ZNF793+SFMBT2+HOXA2+UNC5C+RALYL	0.949868	0.008546	0.933941	0.963139
5	ZNF793+SFMBT2+HOXA2+UNC5C+GFRA1	0.954221	0.008854	0.937772	0.970802
5	ZNF793+SFMBT2+HOXA2+RALYL+GFRA1	0.951189	0.008680	0.935394	0.964064
5	ZNF793+SFMBT2+BEND5+UNC5C+RALYL	0.939583	0.012621	0.905272	0.956930
5	ZNF793+SFMBT2+BEND5+UNC5C+GFRA1	0.941049	0.007768	0.922183	0.954948
5	ZNF793+SFMBT2+BEND5+RALYL+GFRA1	0.934833	0.011533	0.911613	0.952438
5	ZNF793+SFMBT2+UNC5C+RALYL+GFRA1	0.940256	0.010845	0.915312	0.958515
5	ZNF793+ADHFE1+HOXA2+BEND5+UNC5C	0.962280	0.007744	0.950456	0.972123
5	ZNF793+ADHFE1+HOXA2+BEND5+RALYL	0.957788	0.009403	0.940018	0.969217
5	ZNF793+ADHFE1+HOXA2+BEND5+GFRA1	0.962148	0.005463	0.951909	0.971066
5	ZNF793+ADHFE1+HOXA2+UNC5C+RALYL	0.961289	0.007721	0.945700	0.970934
5	ZNF793+ADHFE1+HOXA2+UNC5C+GFRA1	0.965570	0.007257	0.947549	0.975162
5	ZNF793+ADHFE1+HOXA2+RALYL+GFRA1	0.960834	0.009958	0.927732	0.972916
5	ZNF793+ADHFE1+BEND5+UNC5C+RALYL	0.964176	0.008903	0.941340	0.976615
5	ZNF793+ADHFE1+BEND5+UNC5C+GFRA1	0.966290	0.007269	0.953627	0.982032
5	ZNF793+ADHFE1+BEND5+RALYL+GFRA1	0.961996	0.009101	0.936716	0.976219
5	ZNF793+ADHFE1+UNC5C+RALYL+GFRA1	0.966257	0.006464	0.948474	0.976483
5	ZNF793+HOXA2+BEND5+UNC5C+RALYL	0.953514	0.010348	0.931827	0.969349
5	ZNF793+HOXA2+BEND5+UNC5C+GFRA1	0.954182	0.010318	0.938037	0.970406
5	ZNF793+HOXA2+BEND5+RALYL+GFRA1	0.949822	0.011240	0.931299	0.963535
5	ZNF793+HOXA2+UNC5C+RALYL+GFRA1	0.954743	0.009813	0.934734	0.971463
5	ZNF793+BEND5+UNC5C+RALYL+GFRA1	0.938037	0.009862	0.915577	0.954551
5	SFMBT2+ADHFE1+HOXA2+BEND5+UNC5C	0.962459	0.006882	0.949267	0.972123
5	SFMBT2+ADHFE1+HOXA2+BEND5+RALYL	0.960424	0.006817	0.947021	0.966838
5	SFMBT2+ADHFE1+HOXA2+BEND5+GFRA1	0.962221	0.006776	0.951116	0.974369
5	SFMBT2+ADHFE1+HOXA2+UNC5C+RALYL	0.962848	0.006693	0.944246	0.971330
5	SFMBT2+ADHFE1+HOXA2+UNC5C+GFRA1	0.966918	0.007814	0.954684	0.980975
5	SFMBT2+ADHFE1+HOXA2+RALYL+GFRA1	0.964104	0.007059	0.952041	0.973841
5	SFMBT2+ADHFE1+BEND5+UNC5C+RALYL	0.964388	0.007542	0.942529	0.974633
5	SFMBT2+ADHFE1+BEND5+UNC5C+GFRA1	0.965200	0.007790	0.952702	0.982957
5	SFMBT2+ADHFE1+BEND5+RALYL+GFRA1	0.964289	0.006315	0.949663	0.975162
5	SFMBT2+ADHFE1+UNC5C+RALYL+GFRA1	0.966521	0.007531	0.950984	0.980182
5	SFMBT2+HOXA2+BEND5+UNC5C+RALYL	0.953475	0.011856	0.929449	0.968556
5	SFMBT2+HOXA2+BEND5+UNC5C+GFRA1	0.955542	0.009957	0.936187	0.968688
5	SFMBT2+HOXA2+BEND5+RALYL+GFRA1	0.952464	0.010645	0.929845	0.964989
5	SFMBT2+HOXA2+UNC5C+RALYL+GFRA1	0.954908	0.010402	0.930638	0.970273
5	SFMBT2+BEND5+UNC5C+RALYL+GFRA1	0.939827	0.010961	0.911745	0.957722
5	ADHFE1+HOXA2+BEND5+UNC5C+RALYL	0.966350	0.007640	0.951381	0.979654
5	ADHFE1+HOXA2+BEND5+UNC5C+GFRA1	0.971588	0.007272	0.954287	0.986788
5	ADHFE1+HOXA2+BEND5+RALYL+GFRA1	0.968510	0.006781	0.952438	0.983221
5	ADHFE1+HOXA2+UNC5C+RALYL+GFRA1	0.971496	0.007010	0.955344	0.987317
5	ADHFE1+BEND5+UNC5C+RALYL+GFRA1	0.972579	0.006633	0.960100	0.988902
5	HOXA2+BEND5+UNC5C+RALYL+GFRA1	0.957821	0.009071	0.939226	0.971463
6	EYA4+ZNF568+ZNF793+SFMBT2+ADHFE1+HOXA2	0.961653	0.007813	0.946492	0.975558
6	EYA4+ZNF568+ZNF793+SFMBT2+ADHFE1+BEND5	0.959724	0.007575	0.946889	0.974633
6	EYA4+ZNF568+ZNF793+SFMBT2+ADHFE1+UNC5C	0.961204	0.007554	0.946228	0.970934
6	EYA4+ZNF568+ZNF793+SFMBT2+ADHFE1+RALYL	0.960791	0.009626	0.932884	0.971463
6	EYA4+ZNF568+ZNF793+SFMBT2+ADHFE1+GFRA1	0.963839	0.005951	0.950984	0.977804
6	EYA4+ZNF568+ZNF793+SFMBT2+HOXA2+BEND5	0.951090	0.009493	0.929978	0.962214
6	EYA4+ZNF568+ZNF793+SFMBT2+HOXA2+UNC5C	0.952391	0.011125	0.928921	0.964592
6	EYA4+ZNF568+ZNF793+SFMBT2+HOXA2+RALYL	0.950304	0.009444	0.929053	0.961289
6	EYA4+ZNF568+ZNF793+SFMBT2+HOXA2+GFRA1	0.960556	0.006707	0.948210	0.968556
6	EYA4+ZNF568+ZNF793+SFMBT2+BEND5+UNC5C	0.944544	0.008868	0.925089	0.955344
6	EYA4+ZNF568+ZNF793+SFMBT2+BEND5+RALYL	0.939530	0.011969	0.915048	0.954816
6	EYA4+ZNF568+ZNF793+SFMBT2+BEND5+GFRA1	0.944517	0.009613	0.926410	0.963535
6	EYA4+ZNF568+ZNF793+SFMBT2+UNC5C+RALYL	0.944154	0.010940	0.921786	0.957326
6	EYA4+ZNF568+ZNF793+SFMBT2+UNC5C+GFRA1	0.947146	0.008344	0.927203	0.955476
6	EYA4+ZNF568+ZNF793+SFMBT2+RALYL+GFRA1	0.944491	0.010951	0.922183	0.960629
6	EYA4+ZNF568+ZNF793+ADHFE1+HOXA2+BEND5	0.957762	0.008646	0.942000	0.973576
6	EYA4+ZNF568+ZNF793+ADHFE1+HOXA2+UNC5C	0.961164	0.009246	0.941208	0.973180
6	EYA4+ZNF568+ZNF793+ADHFE1+HOXA2+RALYL	0.959182	0.009636	0.934734	0.967895
6	EYA4+ZNF568+ZNF793+ADHFE1+HOXA2+GFRA1	0.962274	0.006902	0.948474	0.972123
6	EYA4+ZNF568+ZNF793+ADHFE1+BEND5+UNC5C	0.961131	0.008467	0.945435	0.972123
6	EYA4+ZNF568+ZNF793+ADHFE1+BEND5+RALYL	0.957947	0.011062	0.935923	0.970538
6	EYA4+ZNF568+ZNF793+ADHFE1+BEND5+GFRA1	0.962208	0.006311	0.953362	0.973841
6	EYA4+ZNF568+ZNF793+ADHFE1+UNC5C+RALYL	0.962881	0.008729	0.940547	0.972519
6	EYA4+ZNF568+ZNF793+ADHFE1+UNC5C+GFRA1	0.962630	0.007436	0.945039	0.973841
6	EYA4+ZNF568+ZNF793+ADHFE1+RALYL+GFRA1	0.962822	0.009732	0.936451	0.978201
6	EYA4+ZNF568+ZNF793+HOXA2+BEND5+UNC5C	0.952847	0.011890	0.930110	0.968688
6	EYA4+ZNF568+ZNF793+HOXA2+BEND5+RALYL	0.950898	0.010687	0.925486	0.962743
6	EYA4+ZNF568+ZNF793+HOXA2+BEND5+GFRA1	0.957339	0.008312	0.942264	0.967763
6	EYA4+ZNF568+ZNF793+HOXA2+UNC5C+RALYL	0.953633	0.010486	0.930506	0.966838
6	EYA4+ZNF568+ZNF793+HOXA2+UNC5C+GFRA1	0.954862	0.009791	0.934073	0.967103
6	EYA4+ZNF568+ZNF793+HOXA2+RALYL+GFRA1	0.957009	0.009992	0.929978	0.968292
6	EYA4+ZNF568+ZNF793+BEND5+UNC5C+RALYL	0.946228	0.011313	0.917426	0.960893
6	EYA4+ZNF568+ZNF793+BEND5+UNC5C+GFRA1	0.948580	0.009049	0.928788	0.959176
6	EYA4+ZNF568+ZNF793+BEND5+RALYL+GFRA1	0.944299	0.011590	0.922050	0.959968
6	EYA4+ZNF568+ZNF793+UNC5C+RALYL+GFRA1	0.948084	0.009966	0.919540	0.958779
6	EYA4+ZNF568+SFMBT2+ADHFE1+HOXA2+BEND5	0.961970	0.006691	0.948078	0.975162
6	EYA4+ZNF568+SFMBT2+ADHFE1+HOXA2+UNC5C	0.963661	0.006680	0.950984	0.975162
6	EYA4+ZNF568+SFMBT2+ADHFE1+HOXA2+RALYL	0.963866	0.006936	0.944907	0.972916
6	EYA4+ZNF568+SFMBT2+ADHFE1+HOXA2+GFRA1	0.964018	0.007857	0.947153	0.973576
6	EYA4+ZNF568+SFMBT2+ADHFE1+BEND5+UNC5C	0.962862	0.006112	0.949267	0.971727
6	EYA4+ZNF568+SFMBT2+ADHFE1+BEND5+RALYL	0.960371	0.007359	0.946096	0.969877
6	EYA4+ZNF568+SFMBT2+ADHFE1+BEND5+GFRA1	0.962525	0.007094	0.944511	0.973576
6	EYA4+ZNF568+SFMBT2+ADHFE1+UNC5C+RALYL	0.964619	0.007131	0.941340	0.972519
6	EYA4+ZNF568+SFMBT2+ADHFE1+UNC5C+GFRA1	0.964612	0.006017	0.950852	0.974501
6	EYA4+ZNF568+SFMBT2+ADHFE1+RALYL+GFRA1	0.965689	0.005675	0.953362	0.976615
6	EYA4+ZNF568+SFMBT2+HOXA2+BEND5+UNC5C	0.954584	0.011350	0.930242	0.970802
6	EYA4+ZNF568+SFMBT2+HOXA2+BEND5+RALYL	0.953574	0.010178	0.923504	0.964064
6	EYA4+ZNF568+SFMBT2+HOXA2+BEND5+GFRA1	0.956830	0.009254	0.936716	0.970934
6	EYA4+ZNF568+SFMBT2+HOXA2+UNC5C+RALYL	0.956143	0.010174	0.930902	0.969481
6	EYA4+ZNF568+SFMBT2+HOXA2+UNC5C+GFRA1	0.958264	0.009389	0.938301	0.970406
6	EYA4+ZNF568+SFMBT2+HOXA2+RALYL+GFRA1	0.958700	0.008924	0.939094	0.968820
6	EYA4+ZNF568+SFMBT2+BEND5+UNC5C+RALYL	0.946770	0.010878	0.913859	0.959043
6	EYA4+ZNF568+SFMBT2+BEND5+UNC5C+GFRA1	0.948692	0.008684	0.924561	0.959308
6	EYA4+ZNF568+SFMBT2+BEND5+RALYL+GFRA1	0.945521	0.009702	0.923107	0.956137
6	EYA4+ZNF568+SFMBT2+UNC5C+RALYL+GFRA1	0.949049	0.009892	0.920597	0.959176
6	EYA4+ZNF568+ADHFE1+HOXA2+BEND5+UNC5C	0.965854	0.006375	0.949663	0.974501
6	EYA4+ZNF568+ADHFE1+HOXA2+BEND5+RALYL	0.962465	0.006686	0.947285	0.971991
6	EYA4+ZNF568+ADHFE1+HOXA2+BEND5+GFRA1	0.962307	0.007421	0.943982	0.972784
6	EYA4+ZNF568+ADHFE1+HOXA2+UNC5C+RALYL	0.965299	0.007856	0.937640	0.973444
6	EYA4+ZNF568+ADHFE1+HOXA2+UNC5C+GFRA1	0.965630	0.006965	0.954023	0.975690
6	EYA4+ZNF568+ADHFE1+HOXA2+RALYL+GFRA1	0.964672	0.009199	0.935923	0.975294
6	EYA4+ZNF568+ADHFE1+BEND5+UNC5C+RALYL	0.966204	0.008522	0.935130	0.975030
6	EYA4+ZNF568+ADHFE1+BEND5+UNC5C+GFRA1	0.964956	0.006155	0.948870	0.975030
6	EYA4+ZNF568+ADHFE1+BEND5+RALYL+GFRA1	0.963813	0.006557	0.950984	0.975162
6	EYA4+ZNF568+ADHFE1+UNC5C+RALYL+GFRA1	0.966838	0.006287	0.946757	0.974633
6	EYA4+ZNF568+HOXA2+BEND5+UNC5C+RALYL	0.955707	0.010829	0.931431	0.971859
6	EYA4+ZNF568+HOXA2+BEND5+UNC5C+GFRA1	0.958958	0.009708	0.939094	0.972123
6	EYA4+ZNF568+HOXA2+BEND5+RALYL+GFRA1	0.957993	0.010328	0.937112	0.975162
6	EYA4+ZNF568+HOXA2+UNC5C+RALYL+GFRA1	0.959242	0.009484	0.939886	0.972255
6	EYA4+ZNF568+BEND5+UNC5C+RALYL+GFRA1	0.950568	0.010782	0.917955	0.961818
6	EYA4+ZNF793+SFMBT2+ADHFE1+HOXA2+BEND5	0.957729	0.007587	0.942132	0.967895
6	EYA4+ZNF793+SFMBT2+ADHFE1+HOXA2+UNC5C	0.959235	0.008078	0.943189	0.971463
6	EYA4+ZNF793+SFMBT2+ADHFE1+HOXA2+RALYL	0.953389	0.008614	0.932620	0.962346
6	EYA4+ZNF793+SFMBT2+ADHFE1+HOXA2+GFRA1	0.959598	0.007806	0.940547	0.969613
6	EYA4+ZNF793+SFMBT2+ADHFE1+BEND5+UNC5C	0.959889	0.008299	0.943982	0.970009
6	EYA4+ZNF793+SFMBT2+ADHFE1+BEND5+RALYL	0.957233	0.009847	0.932356	0.966706
6	EYA4+ZNF793+SFMBT2+ADHFE1+BEND5+GFRA1	0.961653	0.006891	0.942397	0.968160
6	EYA4+ZNF793+SFMBT2+ADHFE1+UNC5C+RALYL	0.960867	0.008902	0.937376	0.971595
6	EYA4+ZNF793+SFMBT2+ADHFE1+UNC5C+GFRA1	0.961864	0.007745	0.946492	0.972652
6	EYA4+ZNF793+SFMBT2+ADHFE1+RALYL+GFRA1	0.961646	0.008616	0.941604	0.974237
6	EYA4+ZNF793+SFMBT2+HOXA2+BEND5+UNC5C	0.950059	0.011675	0.929978	0.966971
6	EYA4+ZNF793+SFMBT2+HOXA2+BEND5+RALYL	0.944444	0.012090	0.922183	0.958779
6	EYA4+ZNF793+SFMBT2+HOXA2+BEND5+GFRA1	0.954664	0.008542	0.940679	0.964725
6	EYA4+ZNF793+SFMBT2+HOXA2+UNC5C+RALYL	0.946790	0.010110	0.928921	0.962875
6	EYA4+ZNF793+SFMBT2+HOXA2+UNC5C+GFRA1	0.953237	0.009123	0.935526	0.968556
6	EYA4+ZNF793+SFMBT2+HOXA2+RALYL+GFRA1	0.952484	0.009418	0.934205	0.967103
6	EYA4+ZNF793+SFMBT2+BEND5+UNC5C+RALYL	0.939708	0.013236	0.905800	0.956533
6	EYA4+ZNF793+SFMBT2+BEND5+UNC5C+GFRA1	0.940963	0.009477	0.920465	0.955080
6	EYA4+ZNF793+SFMBT2+BEND5+RALYL+GFRA1	0.936273	0.011716	0.913727	0.952173
6	EYA4+ZNF793+SFMBT2+UNC5C+RALYL+GFRA1	0.940428	0.011519	0.911349	0.956930
6	EYA4+ZNF793+ADHFE1+HOXA2+BEND5+UNC5C	0.960028	0.009369	0.941340	0.970802
6	EYA4+ZNF793+ADHFE1+HOXA2+BEND5+RALYL	0.956579	0.009904	0.937244	0.967235
6	EYA4+ZNF793+ADHFE1+HOXA2+BEND5+GFRA1	0.960127	0.006359	0.947417	0.969349
6	EYA4+ZNF793+ADHFE1+HOXA2+UNC5C+RALYL	0.959843	0.008089	0.938962	0.968688
6	EYA4+ZNF793+ADHFE1+HOXA2+UNC5C+GFRA1	0.960986	0.008914	0.945567	0.972123
6	EYA4+ZNF793+ADHFE1+HOXA2+RALYL+GFRA1	0.958251	0.010227	0.927996	0.970141
6	EYA4+ZNF793+ADHFE1+BEND5+UNC5C+RALYL	0.961772	0.009478	0.934734	0.972387
6	EYA4+ZNF793+ADHFE1+BEND5+UNC5C+GFRA1	0.962597	0.007357	0.947021	0.972784
6	EYA4+ZNF793+ADHFE1+BEND5+RALYL+GFRA1	0.960305	0.009150	0.937112	0.970273
6	EYA4+ZNF793+ADHFE1+UNC5C+RALYL+GFRA1	0.962934	0.008593	0.942529	0.977144
6	EYA4+ZNF793+HOXA2+BEND5+UNC5C+RALYL	0.949670	0.011985	0.927335	0.968160
6	EYA4+ZNF793+HOXA2+BEND5+UNC5C+GFRA1	0.953131	0.010176	0.934337	0.968160
6	EYA4+ZNF793+HOXA2+BEND5+RALYL+GFRA1	0.951229	0.011247	0.931695	0.965781
6	EYA4+ZNF793+HOXA2+UNC5C+RALYL+GFRA1	0.953376	0.010918	0.931959	0.969349
6	EYA4+ZNF793+BEND5+UNC5C+RALYL+GFRA1	0.939331	0.011654	0.909235	0.956797
6	EYA4+SFMBT2+ADHFE1+HOXA2+BEND5+UNC5C	0.960318	0.007333	0.945171	0.969481
6	EYA4+SFMBT2+ADHFE1+HOXA2+BEND5+RALYL	0.958944	0.007024	0.942132	0.965781
6	EYA4+SFMBT2+ADHFE1+HOXA2+BEND5+GFRA1	0.960635	0.007760	0.942397	0.973444
6	EYA4+SFMBT2+ADHFE1+HOXA2+UNC5C+RALYL	0.961151	0.006863	0.941075	0.968556
6	EYA4+SFMBT2+ADHFE1+HOXA2+UNC5C+GFRA1	0.962802	0.008015	0.948078	0.973576
6	EYA4+SFMBT2+ADHFE1+HOXA2+RALYL+GFRA1	0.962789	0.007153	0.949267	0.971066
6	EYA4+SFMBT2+ADHFE1+BEND5+UNC5C+RALYL	0.961758	0.008402	0.934470	0.971198
6	EYA4+SFMBT2+ADHFE1+BEND5+UNC5C+GFRA1	0.961058	0.007670	0.947549	0.970802
6	EYA4+SFMBT2+ADHFE1+BEND5+RALYL+GFRA1	0.962545	0.006769	0.944511	0.971198
6	EYA4+SFMBT2+ADHFE1+UNC5C+RALYL+GFRA1	0.962908	0.008456	0.940151	0.974898
6	EYA4+SFMBT2+HOXA2+BEND5+UNC5C+RALYL	0.950383	0.011749	0.926939	0.965914
6	EYA4+SFMBT2+HOXA2+BEND5+UNC5C+GFRA1	0.955219	0.009491	0.940679	0.968952
6	EYA4+SFMBT2+HOXA2+BEND5+RALYL+GFRA1	0.953125	0.010034	0.928524	0.965649
6	EYA4+SFMBT2+HOXA2+UNC5C+RALYL+GFRA1	0.954300	0.010423	0.930374	0.968952
6	EYA4+SFMBT2+BEND5+UNC5C+RALYL+GFRA1	0.940600	0.011944	0.908574	0.956401
6	EYA4+ADHFE1+HOXA2+BEND5+UNC5C+RALYL	0.961514	0.008344	0.934602	0.972519
6	EYA4+ADHFE1+HOXA2+BEND5+UNC5C+GFRA1	0.964474	0.006578	0.950324	0.976219
6	EYA4+ADHFE1+HOXA2+BEND5+RALYL+GFRA1	0.962782	0.006605	0.948738	0.972916
6	EYA4+ADHFE1+HOXA2+UNC5C+RALYL+GFRA1	0.965676	0.007020	0.946228	0.973312
6	EYA4+ADHFE1+BEND5+UNC5C+RALYL+GFRA1	0.964758	0.006564	0.943189	0.973312
6	EYA4+HOXA2+BEND5+UNC5C+RALYL+GFRA1	0.955166	0.011050	0.934470	0.970670
6	ZNF568+ZNF793+SFMBT2+ADHFE1+HOXA2+BEND5	0.959116	0.006384	0.945171	0.969481
6	ZNF568+ZNF793+SFMBT2+ADHFE1+HOXA2+UNC5C	0.962161	0.007182	0.950456	0.973180
6	ZNF568+ZNF793+SFMBT2+ADHFE1+HOXA2+RALYL	0.959030	0.009171	0.934866	0.968027
6	ZNF568+ZNF793+SFMBT2+ADHFE1+HOXA2+GFRA1	0.962161	0.007367	0.944775	0.970934
6	ZNF568+ZNF793+SFMBT2+ADHFE1+BEND5+UNC5C	0.962459	0.006866	0.948342	0.972123
6	ZNF568+ZNF793+SFMBT2+ADHFE1+BEND5+RALYL	0.957934	0.009125	0.938962	0.968820
6	ZNF568+ZNF793+SFMBT2+ADHFE1+BEND5+GFRA1	0.960404	0.008468	0.943850	0.970802
6	ZNF568+ZNF793+SFMBT2+ADHFE1+UNC5C+RALYL	0.962835	0.008356	0.945171	0.973312
6	ZNF568+ZNF793+SFMBT2+ADHFE1+UNC5C+GFRA1	0.965484	0.007871	0.946492	0.976087
6	ZNF568+ZNF793+SFMBT2+ADHFE1+RALYL+GFRA1	0.964533	0.008602	0.940811	0.975955
6	ZNF568+ZNF793+SFMBT2+HOXA2+BEND5+UNC5C	0.951638	0.010937	0.930242	0.965517
6	ZNF568+ZNF793+SFMBT2+HOXA2+BEND5+RALYL	0.949121	0.010616	0.923768	0.962479
6	ZNF568+ZNF793+SFMBT2+HOXA2+BEND5+GFRA1	0.953613	0.009122	0.937244	0.965385
6	ZNF568+ZNF793+SFMBT2+HOXA2+UNC5C+RALYL	0.954802	0.008906	0.939754	0.969084
6	ZNF568+ZNF793+SFMBT2+HOXA2+UNC5C+GFRA1	0.955225	0.008445	0.934998	0.967763
6	ZNF568+ZNF793+SFMBT2+HOXA2+RALYL+GFRA1	0.955622	0.010318	0.929185	0.967499
6	ZNF568+ZNF793+SFMBT2+BEND5+UNC5C+RALYL	0.944643	0.011528	0.921522	0.960497
6	ZNF568+ZNF793+SFMBT2+BEND5+UNC5C+GFRA1	0.947708	0.008417	0.929713	0.958383
6	ZNF568+ZNF793+SFMBT2+BEND5+RALYL+GFRA1	0.943361	0.010951	0.923636	0.958119
6	ZNF568+ZNF793+SFMBT2+UNC5C+RALYL+GFRA1	0.947212	0.010711	0.921654	0.959572
6	ZNF568+ZNF793+ADHFE1+HOXA2+BEND5+UNC5C	0.963053	0.008646	0.943321	0.974237
6	ZNF568+ZNF793+ADHFE1+HOXA2+BEND5+RALYL	0.958119	0.010202	0.933545	0.969481
6	ZNF568+ZNF793+ADHFE1+HOXA2+BEND5+GFRA1	0.962749	0.005900	0.952570	0.971330
6	ZNF568+ZNF793+ADHFE1+HOXA2+UNC5C+RALYL	0.963304	0.008443	0.947813	0.975822
6	ZNF568+ZNF793+ADHFE1+HOXA2+UNC5C+GFRA1	0.965775	0.007518	0.945567	0.975426
6	ZNF568+ZNF793+ADHFE1+HOXA2+RALYL+GFRA1	0.963859	0.010886	0.929053	0.977540
6	ZNF568+ZNF793+ADHFE1+BEND5+UNC5C+RALYL	0.964493	0.009258	0.946360	0.976087
6	ZNF568+ZNF793+ADHFE1+BEND5+UNC5C+GFRA1	0.967255	0.008331	0.944907	0.984674
6	ZNF568+ZNF793+ADHFE1+BEND5+RALYL+GFRA1	0.962776	0.009960	0.937508	0.980447
6	ZNF568+ZNF793+ADHFE1+UNC5C+RALYL+GFRA1	0.966442	0.008247	0.949399	0.976219
6	ZNF568+ZNF793+HOXA2+BEND5+UNC5C+RALYL	0.954875	0.010042	0.935659	0.968292
6	ZNF568+ZNF793+HOXA2+BEND5+UNC5C+GFRA1	0.955476	0.009494	0.934337	0.969613
6	ZNF568+ZNF793+HOXA2+BEND5+RALYL+GFRA1	0.952814	0.010934	0.929185	0.965385
6	ZNF568+ZNF793+HOXA2+UNC5C+RALYL+GFRA1	0.956269	0.008527	0.936980	0.968424
6	ZNF568+ZNF793+BEND5+UNC5C+RALYL+GFRA1	0.946598	0.010504	0.921258	0.957590
6	ZNF568+SFMBT2+ADHFE1+HOXA2+BEND5+UNC5C	0.963800	0.006621	0.952438	0.973576
6	ZNF568+SFMBT2+ADHFE1+HOXA2+BEND5+RALYL	0.961739	0.006588	0.949003	0.969613
6	ZNF568+SFMBT2+ADHFE1+HOXA2+BEND5+GFRA1	0.963806	0.007056	0.952173	0.974898
6	ZNF568+SFMBT2+ADHFE1+HOXA2+UNC5C+RALYL	0.965874	0.006228	0.954551	0.975426
6	ZNF568+SFMBT2+ADHFE1+HOXA2+UNC5C+GFRA1	0.967519	0.007446	0.956665	0.982296
6	ZNF568+SFMBT2+ADHFE1+HOXA2+RALYL+GFRA1	0.966363	0.006907	0.953759	0.975162
6	ZNF568+SFMBT2+ADHFE1+BEND5+UNC5C+RALYL	0.965557	0.007602	0.945435	0.975162
6	ZNF568+SFMBT2+ADHFE1+BEND5+UNC5C+GFRA1	0.966726	0.007422	0.955212	0.981239
6	ZNF568+SFMBT2+ADHFE1+BEND5+RALYL+GFRA1	0.965240	0.007030	0.951645	0.980314
6	ZNF568+SFMBT2+ADHFE1+UNC5C+RALYL+GFRA1	0.968397	0.007782	0.952438	0.984014
6	ZNF568+SFMBT2+HOXA2+BEND5+UNC5C+RALYL	0.956434	0.010738	0.930638	0.970934
6	ZNF568+SFMBT2+HOXA2+BEND5+UNC5C+GFRA1	0.957432	0.009046	0.939886	0.971595
6	ZNF568+SFMBT2+HOXA2+BEND5+RALYL+GFRA1	0.956091	0.009428	0.937508	0.967499
6	ZNF568+SFMBT2+HOXA2+UNC5C+RALYL+GFRA1	0.958105	0.009155	0.932752	0.971330
6	ZNF568+SFMBT2+BEND5+UNC5C+RALYL+GFRA1	0.949055	0.010511	0.921126	0.960497
6	ZNF568+ADHFE1+HOXA2+BEND5+UNC5C+RALYL	0.968411	0.007397	0.952966	0.980182
6	ZNF568+ADHFE1+HOXA2+BEND5+UNC5C+GFRA1	0.971727	0.006832	0.956665	0.986656
6	ZNF568+ADHFE1+HOXA2+BEND5+RALYL+GFRA1	0.968979	0.006552	0.953230	0.983617
6	ZNF568+ADHFE1+HOXA2+UNC5C+RALYL+GFRA1	0.972156	0.006620	0.957987	0.986920
6	ZNF568+ADHFE1+BEND5+UNC5C+RALYL+GFRA1	0.972909	0.006572	0.959572	0.988109
6	ZNF568+HOXA2+BEND5+UNC5C+RALYL+GFRA1	0.959446	0.009117	0.939490	0.973048
6	ZNF793+SFMBT2+ADHFE1+HOXA2+BEND5+UNC5C	0.960761	0.007255	0.950588	0.971727
6	ZNF793+SFMBT2+ADHFE1+HOXA2+BEND5+RALYL	0.957339	0.008343	0.942397	0.967235
6	ZNF793+SFMBT2+ADHFE1+HOXA2+BEND5+GFRA1	0.960437	0.006558	0.944643	0.970670
6	ZNF793+SFMBT2+ADHFE1+HOXA2+UNC5C+RALYL	0.959519	0.007221	0.945303	0.970538
6	ZNF793+SFMBT2+ADHFE1+HOXA2+UNC5C+GFRA1	0.964196	0.006798	0.954816	0.977408
6	ZNF793+SFMBT2+ADHFE1+HOXA2+RALYL+GFRA1	0.959697	0.010057	0.928921	0.973312
6	ZNF793+SFMBT2+ADHFE1+BEND5+UNC5C+RALYL	0.962446	0.008328	0.941075	0.974105
6	ZNF793+SFMBT2+ADHFE1+BEND5+UNC5C+GFRA1	0.963496	0.007127	0.952834	0.976879
6	ZNF793+SFMBT2+ADHFE1+BEND5+RALYL+GFRA1	0.960847	0.008452	0.943454	0.975030
6	ZNF793+SFMBT2+ADHFE1+UNC5C+RALYL+GFRA1	0.964407	0.006842	0.948738	0.975162
6	ZNF793+SFMBT2+HOXA2+BEND5+UNC5C+RALYL	0.953257	0.010510	0.932620	0.969217
6	ZNF793+SFMBT2+HOXA2+BEND5+UNC5C+GFRA1	0.953746	0.009761	0.937508	0.969217
6	ZNF793+SFMBT2+HOXA2+BEND5+RALYL+GFRA1	0.949868	0.011104	0.933413	0.964328
6	ZNF793+SFMBT2+HOXA2+UNC5C+RALYL+GFRA1	0.952675	0.010350	0.927071	0.968952
6	ZNF793+SFMBT2+BEND5+UNC5C+RALYL+GFRA1	0.939530	0.011130	0.914256	0.957722
6	ZNF793+ADHFE1+HOXA2+BEND5+UNC5C+RALYL	0.962300	0.008148	0.945964	0.971859
6	ZNF793+ADHFE1+HOXA2+BEND5+UNC5C+GFRA1	0.965068	0.007220	0.947549	0.975426
6	ZNF793+ADHFE1+HOXA2+BEND5+RALYL+GFRA1	0.960061	0.008231	0.940283	0.971198
6	ZNF793+ADHFE1+HOXA2+UNC5C+RALYL+GFRA1	0.964361	0.007047	0.948606	0.973180
6	ZNF793+ADHFE1+BEND5+UNC5C+RALYL+GFRA1	0.965438	0.006870	0.947681	0.975294
6	ZNF793+HOXA2+BEND5+UNC5C+RALYL+GFRA1	0.954036	0.010552	0.933677	0.969217
6	SFMBT2+ADHFE1+HOXA2+BEND5+UNC5C+RALYL	0.963337	0.007193	0.944775	0.972387
6	SFMBT2+ADHFE1+HOXA2+BEND5+UNC5C+GFRA1	0.965881	0.007693	0.953891	0.980182
6	SFMBT2+ADHFE1+HOXA2+BEND5+RALYL+GFRA1	0.963886	0.006904	0.952041	0.977011
6	SFMBT2+ADHFE1+HOXA2+UNC5C+RALYL+GFRA1	0.966198	0.006704	0.952834	0.974898
6	SFMBT2+ADHFE1+BEND5+UNC5C+RALYL+GFRA1	0.965484	0.007923	0.950588	0.979522
6	SFMBT2+HOXA2+BEND5+UNC5C+RALYL+GFRA1	0.954380	0.010918	0.929581	0.970670
6	ADHFE1+HOXA2+BEND5+UNC5C+RALYL+GFRA1	0.971112	0.006907	0.954287	0.986260
7	EYA4+ZNF568+ZNF793+SFMBT2+ADHFE1+HOXA2+BEND5	0.958819	0.006839	0.947681	0.969877
7	EYA4+ZNF568+ZNF793+SFMBT2+ADHFE1+HOXA2+UNC5C	0.960926	0.007844	0.943586	0.971595
7	EYA4+ZNF568+ZNF793+SFMBT2+ADHFE1+HOXA2+RALYL	0.958594	0.009222	0.934205	0.966838
7	EYA4+ZNF568+ZNF793+SFMBT2+ADHFE1+HOXA2+GFRA1	0.962525	0.007323	0.946096	0.971198
7	EYA4+ZNF568+ZNF793+SFMBT2+ADHFE1+BEND5+UNC5C	0.960602	0.007793	0.945964	0.971330
7	EYA4+ZNF568+ZNF793+SFMBT2+ADHFE1+BEND5+RALYL	0.958072	0.009776	0.938433	0.968688
7	EYA4+ZNF568+ZNF793+SFMBT2+ADHFE1+BEND5+GFRA1	0.963093	0.006440	0.944775	0.971991
7	EYA4+ZNF568+ZNF793+SFMBT2+ADHFE1+UNC5C+RALYL	0.962188	0.008487	0.940811	0.972519
7	EYA4+ZNF568+ZNF793+SFMBT2+ADHFE1+UNC5C+GFRA1	0.962987	0.007423	0.944246	0.973312
7	EYA4+ZNF568+ZNF793+SFMBT2+ADHFE1+RALYL+GFRA1	0.963720	0.008250	0.941472	0.975822
7	EYA4+ZNF568+ZNF793+SFMBT2+HOXA2+BEND5+UNC5C	0.951836	0.011986	0.930110	0.965914
7	EYA4+ZNF568+ZNF793+SFMBT2+HOXA2+BEND5+RALYL	0.949815	0.010606	0.920597	0.961686
7	EYA4+ZNF568+ZNF793+SFMBT2+HOXA2+BEND5+GFRA1	0.956989	0.007965	0.942793	0.966838
7	EYA4+ZNF568+ZNF793+SFMBT2+HOXA2+UNC5C+RALYL	0.952933	0.010325	0.929978	0.964196
7	EYA4+ZNF568+ZNF793+SFMBT2+HOXA2+UNC5C+GFRA1	0.954670	0.009191	0.935394	0.966178
7	EYA4+ZNF568+ZNF793+SFMBT2+HOXA2+RALYL+GFRA1	0.956784	0.009741	0.930902	0.969349
7	EYA4+ZNF568+ZNF793+SFMBT2+BEND5+UNC5C+RALYL	0.944504	0.011048	0.917823	0.958383
7	EYA4+ZNF568+ZNF793+SFMBT2+BEND5+UNC5C+GFRA1	0.947450	0.008891	0.926410	0.958119
7	EYA4+ZNF568+ZNF793+SFMBT2+BEND5+RALYL+GFRA1	0.943222	0.010956	0.922183	0.958647
7	EYA4+ZNF568+ZNF793+SFMBT2+UNC5C+RALYL+GFRA1	0.946261	0.010295	0.919276	0.957854
7	EYA4+ZNF568+ZNF793+ADHFE1+HOXA2+BEND5+UNC5C	0.960622	0.009408	0.941868	0.971330
7	EYA4+ZNF568+ZNF793+ADHFE1+HOXA2+BEND5+RALYL	0.956639	0.010339	0.932620	0.967763
7	EYA4+ZNF568+ZNF793+ADHFE1+HOXA2+BEND5+GFRA1	0.961342	0.006578	0.948738	0.970934
7	EYA4+ZNF568+ZNF793+ADHFE1+HOXA2+UNC5C+RALYL	0.961970	0.007967	0.942793	0.972652
7	EYA4+ZNF568+ZNF793+ADHFE1+HOXA2+UNC5C+GFRA1	0.962274	0.009737	0.944907	0.973048
7	EYA4+ZNF568+ZNF793+ADHFE1+HOXA2+RALYL+GFRA1	0.960563	0.010610	0.928260	0.973444
7	EYA4+ZNF568+ZNF793+ADHFE1+BEND5+UNC5C+RALYL	0.962743	0.008872	0.940283	0.973180
7	EYA4+ZNF568+ZNF793+ADHFE1+BEND5+UNC5C+GFRA1	0.962340	0.007714	0.945435	0.974105
7	EYA4+ZNF568+ZNF793+ADHFE1+BEND5+RALYL+GFRA1	0.960820	0.009426	0.937376	0.971198
7	EYA4+ZNF568+ZNF793+ADHFE1+UNC5C+RALYL+GFRA1	0.963476	0.007535	0.949531	0.974765
7	EYA4+ZNF568+ZNF793+HOXA2+BEND5+UNC5C+RALYL	0.952774	0.011657	0.928921	0.967499
7	EYA4+ZNF568+ZNF793+HOXA2+BEND5+UNC5C+GFRA1	0.954479	0.010236	0.934734	0.967499
7	EYA4+ZNF568+ZNF793+HOXA2+BEND5+RALYL+GFRA1	0.954023	0.011437	0.930506	0.965649
7	EYA4+ZNF568+ZNF793+HOXA2+UNC5C+RALYL+GFRA1	0.954155	0.010766	0.932884	0.967235
7	EYA4+ZNF568+ZNF793+BEND5+UNC5C+RALYL+GFRA1	0.946829	0.010689	0.916105	0.958251
7	EYA4+ZNF568+SFMBT2+ADHFE1+HOXA2+BEND5+UNC5C	0.962280	0.006964	0.948474	0.971066
7	EYA4+ZNF568+SFMBT2+ADHFE1+HOXA2+BEND5+RALYL	0.960840	0.006233	0.947153	0.968027
7	EYA4+ZNF568+SFMBT2+ADHFE1+HOXA2+BEND5+GFRA1	0.962815	0.007777	0.944246	0.973841
7	EYA4+ZNF568+SFMBT2+ADHFE1+HOXA2+UNC5C+RALYL	0.963344	0.006528	0.944511	0.972519
7	EYA4+ZNF568+SFMBT2+ADHFE1+HOXA2+UNC5C+GFRA1	0.964784	0.007159	0.951645	0.975426
7	EYA4+ZNF568+SFMBT2+ADHFE1+HOXA2+RALYL+GFRA1	0.965194	0.006914	0.949135	0.973312
7	EYA4+ZNF568+SFMBT2+ADHFE1+BEND5+UNC5C+RALYL	0.963767	0.007259	0.940811	0.972519
7	EYA4+ZNF568+SFMBT2+ADHFE1+BEND5+UNC5C+GFRA1	0.963985	0.006378	0.950852	0.974105
7	EYA4+ZNF568+SFMBT2+ADHFE1+BEND5+RALYL+GFRA1	0.963886	0.006662	0.947021	0.973048
7	EYA4+ZNF568+SFMBT2+ADHFE1+UNC5C+RALYL+GFRA1	0.966640	0.006561	0.951381	0.976087
7	EYA4+ZNF568+SFMBT2+HOXA2+BEND5+UNC5C+RALYL	0.955034	0.011052	0.930242	0.969745
7	EYA4+ZNF568+SFMBT2+HOXA2+BEND5+UNC5C+GFRA1	0.957141	0.009863	0.938565	0.970934
7	EYA4+ZNF568+SFMBT2+HOXA2+BEND5+RALYL+GFRA1	0.956480	0.009344	0.937772	0.967631
7	EYA4+ZNF568+SFMBT2+HOXA2+UNC5C+RALYL+GFRA1	0.957551	0.009632	0.935394	0.970670
7	EYA4+ZNF568+SFMBT2+BEND5+UNC5C+RALYL+GFRA1	0.948441	0.009918	0.919012	0.959043
7	EYA4+ZNF568+ADHFE1+HOXA2+BEND5+UNC5C+RALYL	0.964553	0.008319	0.937376	0.972916
7	EYA4+ZNF568+ADHFE1+HOXA2+BEND5+UNC5C+GFRA1	0.964976	0.006730	0.953891	0.975558
7	EYA4+ZNF568+ADHFE1+HOXA2+BEND5+RALYL+GFRA1	0.964117	0.006723	0.946360	0.975030
7	EYA4+ZNF568+ADHFE1+HOXA2+UNC5C+RALYL+GFRA1	0.966105	0.007114	0.948870	0.974765
7	EYA4+ZNF568+ADHFE1+BEND5+UNC5C+RALYL+GFRA1	0.966303	0.006382	0.946360	0.974765
7	EYA4+ZNF568+HOXA2+BEND5+UNC5C+RALYL+GFRA1	0.957927	0.010415	0.934470	0.971991
7	EYA4+ZNF793+SFMBT2+ADHFE1+HOXA2+BEND5+UNC5C	0.959526	0.008835	0.938962	0.970009
7	EYA4+ZNF793+SFMBT2+ADHFE1+HOXA2+BEND5+RALYL	0.956943	0.008725	0.937905	0.966442
7	EYA4+ZNF793+SFMBT2+ADHFE1+HOXA2+BEND5+GFRA1	0.959281	0.007339	0.940811	0.969481
7	EYA4+ZNF793+SFMBT2+ADHFE1+HOXA2+UNC5C+RALYL	0.958925	0.008079	0.939226	0.968160
7	EYA4+ZNF793+SFMBT2+ADHFE1+HOXA2+UNC5C+GFRA1	0.961177	0.008281	0.942397	0.971727
7	EYA4+ZNF793+SFMBT2+ADHFE1+HOXA2+RALYL+GFRA1	0.957821	0.009726	0.931695	0.970406
7	EYA4+ZNF793+SFMBT2+ADHFE1+BEND5+UNC5C+RALYL	0.960906	0.009103	0.936319	0.971066
7	EYA4+ZNF793+SFMBT2+ADHFE1+BEND5+UNC5C+GFRA1	0.960761	0.008360	0.945700	0.971463
7	EYA4+ZNF793+SFMBT2+ADHFE1+BEND5+RALYL+GFRA1	0.959929	0.008258	0.944378	0.970141
7	EYA4+ZNF793+SFMBT2+ADHFE1+UNC5C+RALYL+GFRA1	0.962003	0.008831	0.941868	0.977011
7	EYA4+ZNF793+SFMBT2+HOXA2+BEND5+UNC5C+RALYL	0.949855	0.011770	0.928656	0.967763
7	EYA4+ZNF793+SFMBT2+HOXA2+BEND5+UNC5C+GFRA1	0.952299	0.010007	0.932620	0.967631
7	EYA4+ZNF793+SFMBT2+HOXA2+BEND5+RALYL+GFRA1	0.950647	0.010905	0.931827	0.964064
7	EYA4+ZNF793+SFMBT2+HOXA2+UNC5C+RALYL+GFRA1	0.951678	0.010835	0.927467	0.968160
7	EYA4+ZNF793+SFMBT2+BEND5+UNC5C+RALYL+GFRA1	0.940052	0.012218	0.909367	0.956797
7	EYA4+ZNF793+ADHFE1+HOXA2+BEND5+UNC5C+RALYL	0.960655	0.009042	0.938697	0.971859
7	EYA4+ZNF793+ADHFE1+HOXA2+BEND5+UNC5C+GFRA1	0.960318	0.008451	0.944907	0.971330
7	EYA4+ZNF793+ADHFE1+HOXA2+BEND5+RALYL+GFRA1	0.958674	0.008815	0.941868	0.969481
7	EYA4+ZNF793+ADHFE1+HOXA2+UNC5C+RALYL+GFRA1	0.962175	0.008394	0.946889	0.973576
7	EYA4+ZNF793+ADHFE1+BEND5+UNC5C+RALYL+GFRA1	0.962809	0.008613	0.942397	0.976747
7	EYA4+ZNF793+HOXA2+BEND5+UNC5C+RALYL+GFRA1	0.952596	0.011583	0.928921	0.968556
7	EYA4+SFMBT2+ADHFE1+HOXA2+BEND5+UNC5C+RALYL	0.961825	0.007480	0.939490	0.971727
7	EYA4+SFMBT2+ADHFE1+HOXA2+BEND5+UNC5C+GFRA1	0.962036	0.007920	0.947285	0.973048
7	EYA4+SFMBT2+ADHFE1+HOXA2+BEND5+RALYL+GFRA1	0.962188	0.007006	0.948870	0.970538
7	EYA4+SFMBT2+ADHFE1+HOXA2+UNC5C+RALYL+GFRA1	0.963443	0.008072	0.943586	0.974765
7	EYA4+SFMBT2+ADHFE1+BEND5+UNC5C+RALYL+GFRA1	0.962446	0.009042	0.941604	0.975426
7	EYA4+SFMBT2+HOXA2+BEND5+UNC5C+RALYL+GFRA1	0.953739	0.010926	0.928921	0.969877
7	EYA4+ADHFE1+HOXA2+BEND5+UNC5C+RALYL+GFRA1	0.965438	0.006828	0.945567	0.973576
7	ZNF568+ZNF793+SFMBT2+ADHFE1+HOXA2+BEND5+UNC5C	0.962049	0.007155	0.950984	0.971991
7	ZNF568+ZNF793+SFMBT2+ADHFE1+HOXA2+BEND5+RALYL	0.957762	0.009397	0.935130	0.968556
7	ZNF568+ZNF793+SFMBT2+ADHFE1+HOXA2+BEND5+GFRA1	0.961501	0.007078	0.943850	0.971991
7	ZNF568+ZNF793+SFMBT2+ADHFE1+HOXA2+UNC5C+RALYL	0.962809	0.007186	0.950852	0.974105
7	ZNF568+ZNF793+SFMBT2+ADHFE1+HOXA2+UNC5C+GFRA1	0.965861	0.006631	0.954155	0.980843
7	ZNF568+ZNF793+SFMBT2+ADHFE1+HOXA2+RALYL+GFRA1	0.961877	0.010364	0.928524	0.973312
7	ZNF568+ZNF793+SFMBT2+ADHFE1+BEND5+UNC5C+RALYL	0.962723	0.008221	0.945171	0.973444
7	ZNF568+ZNF793+SFMBT2+ADHFE1+BEND5+UNC5C+GFRA1	0.964460	0.007683	0.948738	0.976879
7	ZNF568+ZNF793+SFMBT2+ADHFE1+BEND5+RALYL+GFRA1	0.962003	0.008994	0.941736	0.978201
7	ZNF568+ZNF793+SFMBT2+ADHFE1+UNC5C+RALYL+GFRA1	0.964480	0.007384	0.951116	0.974765
7	ZNF568+ZNF793+SFMBT2+HOXA2+BEND5+UNC5C+RALYL	0.953191	0.010185	0.934734	0.965781
7	ZNF568+ZNF793+SFMBT2+HOXA2+BEND5+UNC5C+GFRA1	0.955054	0.009006	0.935262	0.968424
7	ZNF568+ZNF793+SFMBT2+HOXA2+BEND5+RALYL+GFRA1	0.952127	0.010937	0.929449	0.965385
7	ZNF568+ZNF793+SFMBT2+HOXA2+UNC5C+RALYL+GFRA1	0.955040	0.009634	0.929317	0.966838
7	ZNF568+ZNF793+SFMBT2+BEND5+UNC5C+RALYL+GFRA1	0.945706	0.010881	0.920333	0.958515
7	ZNF568+ZNF793+ADHFE1+HOXA2+BEND5+UNC5C+RALYL	0.962954	0.008712	0.946624	0.974369
7	ZNF568+ZNF793+ADHFE1+HOXA2+BEND5+UNC5C+GFRA1	0.965795	0.007481	0.945700	0.975426
7	ZNF568+ZNF793+ADHFE1+HOXA2+BEND5+RALYL+GFRA1	0.960906	0.009423	0.931827	0.973709
7	ZNF568+ZNF793+ADHFE1+HOXA2+UNC5C+RALYL+GFRA1	0.965028	0.006868	0.951381	0.973709
7	ZNF568+ZNF793+ADHFE1+BEND5+UNC5C+RALYL+GFRA1	0.966297	0.007469	0.951381	0.975294
7	ZNF568+ZNF793+HOXA2+BEND5+UNC5C+RALYL+GFRA1	0.955483	0.008970	0.935923	0.968556
7	ZNF568+SFMBT2+ADHFE1+HOXA2+BEND5+UNC5C+RALYL	0.965253	0.005948	0.954023	0.974501
7	ZNF568+SFMBT2+ADHFE1+HOXA2+BEND5+UNC5C+GFRA1	0.967076	0.006872	0.957062	0.980975
7	ZNF568+SFMBT2+ADHFE1+HOXA2+BEND5+RALYL+GFRA1	0.966039	0.007229	0.953495	0.978333
7	ZNF568+SFMBT2+ADHFE1+HOXA2+UNC5C+RALYL+GFRA1	0.967294	0.006110	0.955873	0.978201
7	ZNF568+SFMBT2+ADHFE1+BEND5+UNC5C+RALYL+GFRA1	0.967393	0.007857	0.953098	0.982164
7	ZNF568+SFMBT2+HOXA2+BEND5+UNC5C+RALYL+GFRA1	0.955813	0.009732	0.932356	0.971198
7	ZNF568+ADHFE1+HOXA2+BEND5+UNC5C+RALYL+GFRA1	0.971317	0.006287	0.957326	0.985731
7	ZNF793+SFMBT2+ADHFE1+HOXA2+BEND5+UNC5C+RALYL	0.960728	0.007732	0.944907	0.971991
7	ZNF793+SFMBT2+ADHFE1+HOXA2+BEND5+UNC5C+GFRA1	0.963410	0.006611	0.954023	0.977144
7	ZNF793+SFMBT2+ADHFE1+HOXA2+BEND5+RALYL+GFRA1	0.959380	0.008549	0.942529	0.971330
7	ZNF793+SFMBT2+ADHFE1+HOXA2+UNC5C+RALYL+GFRA1	0.963146	0.006742	0.949663	0.973048
7	ZNF793+SFMBT2+ADHFE1+BEND5+UNC5C+RALYL+GFRA1	0.963654	0.006881	0.948474	0.974369
7	ZNF793+SFMBT2+HOXA2+BEND5+UNC5C+RALYL+GFRA1	0.952312	0.011396	0.926410	0.968424
7	ZNF793+ADHFE1+HOXA2+BEND5+UNC5C+RALYL+GFRA1	0.963925	0.006788	0.948870	0.972387
7	SFMBT2+ADHFE1+HOXA2+BEND5+UNC5C+RALYL+GFRA1	0.965471	0.006392	0.952305	0.972784
8	EYA4+ZNF568+ZNF793+SFMBT2+ADHFE1+HOXA2+BEND5+UNC5C	0.960484	0.008372	0.939094	0.970538
8	EYA4+ZNF568+ZNF793+SFMBT2+ADHFE1+HOXA2+BEND5+RALYL	0.957306	0.009350	0.934205	0.967895
8	EYA4+ZNF568+ZNF793+SFMBT2+ADHFE1+HOXA2+BEND5+GFRA1	0.961283	0.007699	0.942132	0.970934
8	EYA4+ZNF568+ZNF793+SFMBT2+ADHFE1+HOXA2+UNC5C+RALYL	0.961455	0.007589	0.945039	0.971991
8	EYA4+ZNF568+ZNF793+SFMBT2+ADHFE1+HOXA2+UNC5C+GFRA1	0.962822	0.007733	0.944378	0.971991
8	EYA4+ZNF568+ZNF793+SFMBT2+ADHFE1+HOXA2+RALYL+GFRA1	0.960484	0.010528	0.928921	0.973444
8	EYA4+ZNF568+ZNF793+SFMBT2+ADHFE1+BEND5+UNC5C+RALYL	0.961692	0.008752	0.940547	0.972519
8	EYA4+ZNF568+ZNF793+SFMBT2+ADHFE1+BEND5+UNC5C+GFRA1	0.962624	0.007606	0.944907	0.973048
8	EYA4+ZNF568+ZNF793+SFMBT2+ADHFE1+BEND5+RALYL+GFRA1	0.961356	0.008543	0.942661	0.973444
8	EYA4+ZNF568+ZNF793+SFMBT2+ADHFE1+UNC5C+RALYL+GFRA1	0.963648	0.007183	0.948342	0.974898
8	EYA4+ZNF568+ZNF793+SFMBT2+HOXA2+BEND5+UNC5C+RALYL	0.952114	0.011423	0.929317	0.966574
8	EYA4+ZNF568+ZNF793+SFMBT2+HOXA2+BEND5+UNC5C+GFRA1	0.954340	0.009730	0.936187	0.966838
8	EYA4+ZNF568+ZNF793+SFMBT2+HOXA2+BEND5+RALYL+GFRA1	0.953125	0.011168	0.930638	0.965517
8	EYA4+ZNF568+ZNF793+SFMBT2+HOXA2+UNC5C+RALYL+GFRA1	0.953369	0.010730	0.932356	0.966046
8	EYA4+ZNF568+ZNF793+SFMBT2+BEND5+UNC5C+RALYL+GFRA1	0.945396	0.011015	0.915709	0.957987
8	EYA4+ZNF568+ZNF793+ADHFE1+HOXA2+BEND5+UNC5C+RALYL	0.961534	0.008304	0.941868	0.972123
8	EYA4+ZNF568+ZNF793+ADHFE1+HOXA2+BEND5+UNC5C+GFRA1	0.961686	0.009054	0.944378	0.972387
8	EYA4+ZNF568+ZNF793+ADHFE1+HOXA2+BEND5+RALYL+GFRA1	0.959328	0.010628	0.931167	0.976351
8	EYA4+ZNF568+ZNF793+ADHFE1+HOXA2+UNC5C+RALYL+GFRA1	0.962776	0.008245	0.947813	0.973312
8	EYA4+ZNF568+ZNF793+ADHFE1+BEND5+UNC5C+RALYL+GFRA1	0.962881	0.008298	0.947153	0.976087
8	EYA4+ZNF568+ZNF793+HOXA2+BEND5+UNC5C+RALYL+GFRA1	0.953508	0.010961	0.932224	0.967235
8	EYA4+ZNF568+SFMBT2+ADHFE1+HOXA2+BEND5+UNC5C+RALYL	0.962571	0.006865	0.944246	0.971859
8	EYA4+ZNF568+SFMBT2+ADHFE1+HOXA2+BEND5+UNC5C+GFRA1	0.964229	0.006944	0.950324	0.975162
8	EYA4+ZNF568+SFMBT2+ADHFE1+HOXA2+BEND5+RALYL+GFRA1	0.964216	0.007423	0.948738	0.975162
8	EYA4+ZNF568+SFMBT2+ADHFE1+HOXA2+UNC5C+RALYL+GFRA1	0.965266	0.007040	0.952438	0.975558
8	EYA4+ZNF568+SFMBT2+ADHFE1+BEND5+UNC5C+RALYL+GFRA1	0.965682	0.006621	0.951381	0.975690
8	EYA4+ZNF568+SFMBT2+HOXA2+BEND5+UNC5C+RALYL+GFRA1	0.955509	0.010592	0.930110	0.970538
8	EYA4+ZNF568+ADHFE1+HOXA2+BEND5+UNC5C+RALYL+GFRA1	0.965583	0.007667	0.948210	0.974633
8	EYA4+ZNF793+SFMBT2+ADHFE1+HOXA2+BEND5+UNC5C+RALYL	0.959750	0.008934	0.938962	0.970538
8	EYA4+ZNF793+SFMBT2+ADHFE1+HOXA2+BEND5+UNC5C+GFRA1	0.960946	0.008077	0.942397	0.970802
8	EYA4+ZNF793+SFMBT2+ADHFE1+HOXA2+BEND5+RALYL+GFRA1	0.958588	0.008790	0.943189	0.970009
8	EYA4+ZNF793+SFMBT2+ADHFE1+HOXA2+UNC5C+RALYL+GFRA1	0.961666	0.008383	0.945832	0.972255
8	EYA4+ZNF793+SFMBT2+ADHFE1+BEND5+UNC5C+RALYL+GFRA1	0.961580	0.009164	0.942661	0.978861
8	EYA4+ZNF793+SFMBT2+HOXA2+BEND5+UNC5C+RALYL+GFRA1	0.951486	0.011770	0.924825	0.966971
8	EYA4+ZNF793+ADHFE1+HOXA2+BEND5+UNC5C+RALYL+GFRA1	0.961574	0.008269	0.946096	0.971859
8	EYA4+SFMBT2+ADHFE1+HOXA2+BEND5+UNC5C+RALYL+GFRA1	0.963397	0.008129	0.944246	0.974765
8	ZNF568+ZNF793+SFMBT2+ADHFE1+HOXA2+BEND5+UNC5C+RALYL	0.962518	0.007168	0.951116	0.973312
8	ZNF568+ZNF793+SFMBT2+ADHFE1+HOXA2+BEND5+UNC5C+GFRA1	0.965352	0.006551	0.953627	0.980182
8	ZNF568+ZNF793+SFMBT2+ADHFE1+HOXA2+BEND5+RALYL+GFRA1	0.960325	0.009546	0.938433	0.977804
8	ZNF568+ZNF793+SFMBT2+ADHFE1+HOXA2+UNC5C+RALYL+GFRA1	0.964619	0.006020	0.955608	0.973841
8	ZNF568+ZNF793+SFMBT2+ADHFE1+BEND5+UNC5C+RALYL+GFRA1	0.964308	0.006936	0.952966	0.974369
8	ZNF568+ZNF793+SFMBT2+HOXA2+BEND5+UNC5C+RALYL+GFRA1	0.953666	0.009845	0.928788	0.966971
8	ZNF568+ZNF793+ADHFE1+HOXA2+BEND5+UNC5C+RALYL+GFRA1	0.964830	0.006883	0.951513	0.974898
8	ZNF568+SFMBT2+ADHFE1+HOXA2+BEND5+UNC5C+RALYL+GFRA1	0.966957	0.005733	0.956665	0.975822
8	ZNF793+SFMBT2+ADHFE1+HOXA2+BEND5+UNC5C+RALYL+GFRA1	0.962617	0.006834	0.949795	0.971595
9	EYA4+ZNF568+ZNF793+SFMBT2+ADHFE1+HOXA2+BEND5+UNC5C+RALYL	0.961256	0.007750	0.943982	0.971066
9	EYA4+ZNF568+ZNF793+SFMBT2+ADHFE1+HOXA2+BEND5+UNC5C+GFRA1	0.962465	0.007602	0.943321	0.971991
9	EYA4+ZNF568+ZNF793+SFMBT2+ADHFE1+HOXA2+BEND5+RALYL+GFRA1	0.959394	0.010590	0.938829	0.977276
9	EYA4+ZNF568+ZNF793+SFMBT2+ADHFE1+HOXA2+UNC5C+RALYL+GFRA1	0.963271	0.007620	0.946624	0.972387
9	EYA4+ZNF568+ZNF793+SFMBT2+ADHFE1+BEND5+UNC5C+RALYL+GFRA1	0.963040	0.007691	0.949531	0.975558
9	EYA4+ZNF568+ZNF793+SFMBT2+HOXA2+BEND5+UNC5C+RALYL+GFRA1	0.952305	0.011148	0.931299	0.966706
9	EYA4+ZNF568+ZNF793+ADHFE1+HOXA2+BEND5+UNC5C+RALYL+GFRA1	0.962300	0.008290	0.942132	0.972387
9	EYA4+ZNF568+SFMBT2+ADHFE1+HOXA2+BEND5+UNC5C+RALYL+GFRA1	0.964896	0.006621	0.953098	0.975426
9	EYA4+ZNF793+SFMBT2+ADHFE1+HOXA2+BEND5+UNC5C+RALYL+GFRA1	0.961679	0.007900	0.945171	0.970802
9	ZNF568+ZNF793+SFMBT2+ADHFE1+HOXA2+BEND5+UNC5C+RALYL+GFRA1	0.964606	0.005691	0.955873	0.973312
10	EYA4+ZNF568+ZNF793+SFMBT2+ADHFE1+HOXA2+BEND5+UNC5C+RALYL+GFRA1	0.962703	0.007579	0.945171	0.972255
