contrast	family	gene	probe	k	cohorts	status	reason	p_for_bh	effect_pp	se_pp	ci_low_pp	ci_high_pp	p	tau2_pp2	I2_percent	heterogeneity_Q	hk_scale	method	q_BH_contrast_77
A-H	lesion	ADHFE1	cg01588438	1	GSE48684	insufficient_independent_cohorts	requires_at_least_3_eligible_public_cohorts	1.0											1.0
A-H	lesion	ADHFE1	cg08090772	1	GSE48684	insufficient_independent_cohorts	requires_at_least_3_eligible_public_cohorts	1.0											1.0
A-H	lesion	ADHFE1	cg09383816	1	GSE48684	insufficient_independent_cohorts	requires_at_least_3_eligible_public_cohorts	1.0											1.0
A-H	lesion	ADHFE1	cg18065361	1	GSE48684	insufficient_independent_cohorts	requires_at_least_3_eligible_public_cohorts	1.0											1.0
A-H	lesion	ADHFE1	cg19283840	1	GSE48684	insufficient_independent_cohorts	requires_at_least_3_eligible_public_cohorts	1.0											1.0
A-H	lesion	ADHFE1	cg20295442	1	GSE48684	insufficient_independent_cohorts	requires_at_least_3_eligible_public_cohorts	1.0											1.0
A-H	lesion	ADHFE1	cg20912169	1	GSE48684	insufficient_independent_cohorts	requires_at_least_3_eligible_public_cohorts	1.0											1.0
A-H	lesion	ADHFE1	cg25046651	1	GSE48684	insufficient_independent_cohorts	requires_at_least_3_eligible_public_cohorts	1.0											1.0
A-H	lesion	BEND5	cg03603214	1	GSE48684	insufficient_independent_cohorts	requires_at_least_3_eligible_public_cohorts	1.0											1.0
A-H	lesion	BEND5	cg06744574	1	GSE48684	insufficient_independent_cohorts	requires_at_least_3_eligible_public_cohorts	1.0											1.0
A-H	lesion	BEND5	cg11666087	1	GSE48684	insufficient_independent_cohorts	requires_at_least_3_eligible_public_cohorts	1.0											1.0
A-H	lesion	BEND5	cg16573178	1	GSE48684	insufficient_independent_cohorts	requires_at_least_3_eligible_public_cohorts	1.0											1.0
A-H	lesion	EYA4	cg01328892	1	GSE48684	insufficient_independent_cohorts	requires_at_least_3_eligible_public_cohorts	1.0											1.0
A-H	lesion	EYA4	cg05493394	1	GSE48684	insufficient_independent_cohorts	requires_at_least_3_eligible_public_cohorts	1.0											1.0
A-H	lesion	EYA4	cg06181518	1	GSE48684	insufficient_independent_cohorts	requires_at_least_3_eligible_public_cohorts	1.0											1.0
A-H	lesion	EYA4	cg11664500	1	GSE48684	insufficient_independent_cohorts	requires_at_least_3_eligible_public_cohorts	1.0											1.0
A-H	lesion	EYA4	cg14017655	1	GSE48684	insufficient_independent_cohorts	requires_at_least_3_eligible_public_cohorts	1.0											1.0
A-H	lesion	EYA4	cg14270292	1	GSE48684	insufficient_independent_cohorts	requires_at_least_3_eligible_public_cohorts	1.0											1.0
A-H	lesion	EYA4	cg14287112	1	GSE48684	insufficient_independent_cohorts	requires_at_least_3_eligible_public_cohorts	1.0											1.0
A-H	lesion	EYA4	cg14343214	1	GSE48684	insufficient_independent_cohorts	requires_at_least_3_eligible_public_cohorts	1.0											1.0
A-H	lesion	EYA4	cg17838029	1	GSE48684	insufficient_independent_cohorts	requires_at_least_3_eligible_public_cohorts	1.0											1.0
A-H	lesion	EYA4	cg20286200	1	GSE48684	insufficient_independent_cohorts	requires_at_least_3_eligible_public_cohorts	1.0											1.0
A-H	lesion	EYA4	cg20330472	1	GSE48684	insufficient_independent_cohorts	requires_at_least_3_eligible_public_cohorts	1.0											1.0
A-H	lesion	EYA4	cg20980055	1	GSE48684	insufficient_independent_cohorts	requires_at_least_3_eligible_public_cohorts	1.0											1.0
A-H	lesion	EYA4	cg21607030	1	GSE48684	insufficient_independent_cohorts	requires_at_least_3_eligible_public_cohorts	1.0											1.0
A-H	lesion	EYA4	cg22871668	1	GSE48684	insufficient_independent_cohorts	requires_at_least_3_eligible_public_cohorts	1.0											1.0
A-H	lesion	EYA4	cg24675448	1	GSE48684	insufficient_independent_cohorts	requires_at_least_3_eligible_public_cohorts	1.0											1.0
A-H	lesion	EYA4	cg26449787	1	GSE48684	insufficient_independent_cohorts	requires_at_least_3_eligible_public_cohorts	1.0											1.0
A-H	lesion	EYA4	cg26656135	1	GSE48684	insufficient_independent_cohorts	requires_at_least_3_eligible_public_cohorts	1.0											1.0
A-H	lesion	GFRA1	cg06298519	1	GSE48684	insufficient_independent_cohorts	requires_at_least_3_eligible_public_cohorts	1.0											1.0
A-H	lesion	GFRA1	cg18044663	1	GSE48684	insufficient_independent_cohorts	requires_at_least_3_eligible_public_cohorts	1.0											1.0
A-H	lesion	GFRA1	cg18672939	1	GSE48684	insufficient_independent_cohorts	requires_at_least_3_eligible_public_cohorts	1.0											1.0
A-H	lesion	GFRA1	cg19236679	1	GSE48684	insufficient_independent_cohorts	requires_at_least_3_eligible_public_cohorts	1.0											1.0
A-H	lesion	GFRA1	cg19485539	1	GSE48684	insufficient_independent_cohorts	requires_at_least_3_eligible_public_cohorts	1.0											1.0
A-H	lesion	GFRA1	cg27034576	1	GSE48684	insufficient_independent_cohorts	requires_at_least_3_eligible_public_cohorts	1.0											1.0
A-H	lesion	HOXA2	cg00188704	1	GSE48684	insufficient_independent_cohorts	requires_at_least_3_eligible_public_cohorts	1.0											1.0
A-H	lesion	HOXA2	cg02803819	1	GSE48684	insufficient_independent_cohorts	requires_at_least_3_eligible_public_cohorts	1.0											1.0
A-H	lesion	HOXA2	cg03763508	1	GSE48684	insufficient_independent_cohorts	requires_at_least_3_eligible_public_cohorts	1.0											1.0
A-H	lesion	HOXA2	cg04481096	1	GSE48684	insufficient_independent_cohorts	requires_at_least_3_eligible_public_cohorts	1.0											1.0
A-H	lesion	HOXA2	cg06786372	1	GSE48684	insufficient_independent_cohorts	requires_at_least_3_eligible_public_cohorts	1.0											1.0
A-H	lesion	HOXA2	cg09871315	1	GSE48684	insufficient_independent_cohorts	requires_at_least_3_eligible_public_cohorts	1.0											1.0
A-H	lesion	HOXA2	cg13661519	1	GSE48684	insufficient_independent_cohorts	requires_at_least_3_eligible_public_cohorts	1.0											1.0
A-H	lesion	HOXA2	cg19598584	1	GSE48684	insufficient_independent_cohorts	requires_at_least_3_eligible_public_cohorts	1.0											1.0
A-H	lesion	RALYL	cg01134282	1	GSE48684	insufficient_independent_cohorts	requires_at_least_3_eligible_public_cohorts	1.0											1.0
A-H	lesion	RALYL	cg06955749	1	GSE48684	insufficient_independent_cohorts	requires_at_least_3_eligible_public_cohorts	1.0											1.0
A-H	lesion	RALYL	cg08327106	1	GSE48684	insufficient_independent_cohorts	requires_at_least_3_eligible_public_cohorts	1.0											1.0
A-H	lesion	RALYL	cg09757712	1	GSE48684	insufficient_independent_cohorts	requires_at_least_3_eligible_public_cohorts	1.0											1.0
A-H	lesion	RALYL	cg11089595	1	GSE48684	insufficient_independent_cohorts	requires_at_least_3_eligible_public_cohorts	1.0											1.0
A-H	lesion	SFMBT2	cg01056653	1	GSE48684	insufficient_independent_cohorts	requires_at_least_3_eligible_public_cohorts	1.0											1.0
A-H	lesion	SFMBT2	cg12328063	1	GSE48684	insufficient_independent_cohorts	requires_at_least_3_eligible_public_cohorts	1.0											1.0
A-H	lesion	SFMBT2	cg12767281	1	GSE48684	insufficient_independent_cohorts	requires_at_least_3_eligible_public_cohorts	1.0											1.0
A-H	lesion	SFMBT2	cg16818993	1	GSE48684	insufficient_independent_cohorts	requires_at_least_3_eligible_public_cohorts	1.0											1.0
A-H	lesion	SFMBT2	cg20299663	1	GSE48684	insufficient_independent_cohorts	requires_at_least_3_eligible_public_cohorts	1.0											1.0
A-H	lesion	SFMBT2	cg20506550	1	GSE48684	insufficient_independent_cohorts	requires_at_least_3_eligible_public_cohorts	1.0											1.0
A-H	lesion	SFMBT2	cg22862480	1	GSE48684	insufficient_independent_cohorts	requires_at_least_3_eligible_public_cohorts	1.0											1.0
A-H	lesion	SFMBT2	cg26878816	1	GSE48684	insufficient_independent_cohorts	requires_at_least_3_eligible_public_cohorts	1.0											1.0
A-H	lesion	UNC5C	cg03008707	1	GSE48684	insufficient_independent_cohorts	requires_at_least_3_eligible_public_cohorts	1.0											1.0
A-H	lesion	UNC5C	cg12584684	1	GSE48684	insufficient_independent_cohorts	requires_at_least_3_eligible_public_cohorts	1.0											1.0
A-H	lesion	UNC5C	cg13265789	1	GSE48684	insufficient_independent_cohorts	requires_at_least_3_eligible_public_cohorts	1.0											1.0
A-H	lesion	UNC5C	cg15701178	1	GSE48684	insufficient_independent_cohorts	requires_at_least_3_eligible_public_cohorts	1.0											1.0
A-H	lesion	UNC5C	cg24870497	1	GSE48684	insufficient_independent_cohorts	requires_at_least_3_eligible_public_cohorts	1.0											1.0
A-H	lesion	ZNF568	cg02459604	1	GSE48684	insufficient_independent_cohorts	requires_at_least_3_eligible_public_cohorts	1.0											1.0
A-H	lesion	ZNF568	cg03060201	1	GSE48684	insufficient_independent_cohorts	requires_at_least_3_eligible_public_cohorts	1.0											1.0
A-H	lesion	ZNF568	cg03443751	1	GSE48684	insufficient_independent_cohorts	requires_at_least_3_eligible_public_cohorts	1.0											1.0
A-H	lesion	ZNF568	cg06611358	1	GSE48684	insufficient_independent_cohorts	requires_at_least_3_eligible_public_cohorts	1.0											1.0
A-H	lesion	ZNF568	cg20154403	1	GSE48684	insufficient_independent_cohorts	requires_at_least_3_eligible_public_cohorts	1.0											1.0
A-H	lesion	ZNF568	cg20680720	1	GSE48684	insufficient_independent_cohorts	requires_at_least_3_eligible_public_cohorts	1.0											1.0
A-H	lesion	ZNF568	cg21761844	1	GSE48684	insufficient_independent_cohorts	requires_at_least_3_eligible_public_cohorts	1.0											1.0
A-H	lesion	ZNF568	cg27390819	1	GSE48684	insufficient_independent_cohorts	requires_at_least_3_eligible_public_cohorts	1.0											1.0
A-H	lesion	ZNF793	cg07482795	1	GSE48684	insufficient_independent_cohorts	requires_at_least_3_eligible_public_cohorts	1.0											1.0
A-H	lesion	ZNF793	cg11623861	1	GSE48684	insufficient_independent_cohorts	requires_at_least_3_eligible_public_cohorts	1.0											1.0
A-H	lesion	ZNF793	cg13181745	1	GSE48684	insufficient_independent_cohorts	requires_at_least_3_eligible_public_cohorts	1.0											1.0
A-H	lesion	ZNF793	cg14732998	1	GSE48684	insufficient_independent_cohorts	requires_at_least_3_eligible_public_cohorts	1.0											1.0
A-H	lesion	ZNF793	cg15139588	1	GSE48684	insufficient_independent_cohorts	requires_at_least_3_eligible_public_cohorts	1.0											1.0
A-H	lesion	ZNF793	cg17332326	1	GSE48684	insufficient_independent_cohorts	requires_at_least_3_eligible_public_cohorts	1.0											1.0
A-H	lesion	ZNF793	cg24078985	1	GSE48684	insufficient_independent_cohorts	requires_at_least_3_eligible_public_cohorts	1.0											1.0
A-H	lesion	ZNF793	cg25361907	1	GSE48684	insufficient_independent_cohorts	requires_at_least_3_eligible_public_cohorts	1.0											1.0
N-H	healthy_reference	ADHFE1	cg01588438	3	Colonomics;GSE48684;GSE42752	estimated		0.7434625341669646	0.4230063434758043	1.1269336501089486	-4.425797802351901	5.271810489303509	0.7434625341669646	0.0	0.0	1.3631083164227826	1.0	REML_modified_Hartung_Knapp	0.8931743635928039
N-H	healthy_reference	ADHFE1	cg08090772	3	Colonomics;GSE48684;GSE42752	estimated		0.5521852329116859	0.5821566207363277	0.8219120117153776	-2.9542453400408895	4.118558581513545	0.5521852329116859	0.0	0.0	0.46913415247735935	1.0	REML_modified_Hartung_Knapp	0.7664521093723433
N-H	healthy_reference	ADHFE1	cg09383816	3	Colonomics;GSE48684;GSE42752	estimated		0.9367885264594673	0.08898065206063284	0.9933796993520986	-4.1851872229814076	4.363148527102672	0.9367885264594673	0.0	0.0	1.5220065583103737	1.0	REML_modified_Hartung_Knapp	0.9617695538317198
N-H	healthy_reference	ADHFE1	cg18065361	3	Colonomics;GSE48684;GSE42752	estimated		0.73228194128456	0.3136947216522441	0.7982980100717505	-3.1211043904939713	3.7484938337984595	0.73228194128456	0.0	0.0	0.41158313017181924	1.0	REML_modified_Hartung_Knapp	0.8931743635928039
N-H	healthy_reference	ADHFE1	cg19283840	3	Colonomics;GSE48684;GSE42752	estimated		0.9947642477679641	0.006116900577358395	0.8260976457696741	-3.5482943899890866	3.5605281911438036	0.9947642477679641	0.0	0.0	1.1482142363569778	1.0	REML_modified_Hartung_Knapp	0.9947642477679641
N-H	healthy_reference	ADHFE1	cg20295442	3	Colonomics;GSE48684;GSE42752	estimated		0.8714983651904651	-0.20735892053811128	1.1315752954099418	-5.076134454190416	4.661416613114192	0.8714983651904651	0.0	0.0	0.5857439279829365	1.0	REML_modified_Hartung_Knapp	0.9586482017095116
N-H	healthy_reference	ADHFE1	cg20912169	3	Colonomics;GSE48684;GSE42752	estimated		0.49525009087891625	-0.901480590070914	1.0902085354370363	-5.5922693210071115	3.789308140865283	0.49525009087891625	0.0	0.0	0.36242049836497714	1.0	REML_modified_Hartung_Knapp	0.7412735467838953
N-H	healthy_reference	ADHFE1	cg25046651	3	Colonomics;GSE48684;GSE42752	estimated		0.19876815676903042	-1.7020274931262955	0.8987762451043341	-5.5691495575105066	2.165094571257916	0.19876815676903042	0.0	4.361101769035923	2.0911993310191432	1.0455996655095716	REML_modified_Hartung_Knapp	0.5018695986673094
N-H	healthy_reference	BEND5	cg03603214	3	Colonomics;GSE48684;GSE42752	estimated		0.27522119839114656	0.3907500523628741	0.26265532390800794	-0.7393645940191406	1.5208646987448886	0.27522119839114656	0.0	0.0	0.23293668328392247	1.0	REML_modified_Hartung_Knapp	0.553558795779051
N-H	healthy_reference	BEND5	cg06744574	3	Colonomics;GSE48684;GSE42752	estimated		0.12403410046243478	1.160315831665248	0.451811250208506	-0.7836710773518067	3.1043027406823027	0.12403410046243478	0.0	0.0	0.04421936897408289	1.0	REML_modified_Hartung_Knapp	0.5018695986673094
N-H	healthy_reference	BEND5	cg11666087	3	Colonomics;GSE48684;GSE42752	estimated		0.1257505163086724	0.8385166151559265	0.3292531045071694	-0.5781451537127749	2.255178384024628	0.1257505163086724	0.0	0.0	0.12334196033527633	1.0	REML_modified_Hartung_Knapp	0.5018695986673094
N-H	healthy_reference	BEND5	cg16573178	3	Colonomics;GSE48684;GSE42752	estimated		0.0602021652087141	1.568630108156794	0.4033252385503331	-0.16673833044714437	3.3039985467607322	0.0602021652087141	0.0	0.0	0.4016096641149334	1.0	REML_modified_Hartung_Knapp	0.5018695986673094
N-H	healthy_reference	EYA4	cg01328892	3	Colonomics;GSE48684;GSE42752	estimated		0.13568483330200268	2.8028834973852237	1.1533025011537767	-2.1593766573694615	7.765143652139908	0.13568483330200268	1.4335126756564684	32.079289028085824	2.944609930286239	1.0	REML_modified_Hartung_Knapp	0.5018695986673094
N-H	healthy_reference	EYA4	cg05493394	3	Colonomics;GSE48684;GSE42752	estimated		0.13639616298743673	2.1454817877921832	0.8856724708424417	-1.6652592864947753	5.956222862079142	0.13639616298743673	0.8766339806589992	43.73697488730084	3.554732430390734	1.1257961609703857	REML_modified_Hartung_Knapp	0.5018695986673094
N-H	healthy_reference	EYA4	cg06181518	3	Colonomics;GSE48684;GSE42752	estimated		0.2578029932836764	1.109935386487257	0.7086896833938614	-1.9393102142748355	4.15918098724935	0.2578029932836764	0.0	0.0	0.5118817570422306	1.0	REML_modified_Hartung_Knapp	0.5366376448485851
N-H	healthy_reference	EYA4	cg11664500	3	Colonomics;GSE48684;GSE42752	estimated		0.5675768142786041	0.5549947666831233	0.8183006802895316	-2.9658688890768397	4.075858422443086	0.5675768142786041	0.0	0.0	0.5225698820057313	1.0	REML_modified_Hartung_Knapp	0.7667265736746055
N-H	healthy_reference	EYA4	cg14017655	3	Colonomics;GSE48684;GSE42752	estimated		0.4442426430845978	0.6156082843129482	0.6511563665529368	-2.186091433695067	3.4173080023209637	0.4442426430845978	0.0	0.0	0.19617674527631074	1.0	REML_modified_Hartung_Knapp	0.6980955819900823
N-H	healthy_reference	EYA4	cg14270292	3	Colonomics;GSE48684;GSE42752	estimated		0.4565724339680204	0.9820794288273954	1.0727238127163197	-3.63347861216653	5.597637469821321	0.4565724339680204	1.3405071218785054	37.42814924155642	3.19632546545719	1.0	REML_modified_Hartung_Knapp	0.7031215483107514
N-H	healthy_reference	EYA4	cg14287112	3	Colonomics;GSE48684;GSE42752	estimated		0.8486651473767022	0.16177036189030164	0.7471606829684098	-3.0530025902053604	3.3765433139859633	0.8486651473767022	0.0	0.0	0.009022040507601753	1.0	REML_modified_Hartung_Knapp	0.9470611064928416
N-H	healthy_reference	EYA4	cg14343214	3	Colonomics;GSE48684;GSE42752	estimated		0.1319530780299053	1.4999095842512458	0.6066113528776389	-1.1101284090723968	4.109947577574888	0.1319530780299053	0.0	0.0	0.1896682500277831	1.0	REML_modified_Hartung_Knapp	0.5018695986673094
N-H	healthy_reference	EYA4	cg17838029	3	Colonomics;GSE48684;GSE42752	estimated		0.1570705103268886	0.6507586127134848	0.2937077228513755	-0.6129637227458238	1.9144809481727934	0.1570705103268886	0.0	0.0	0.14068172081545077	1.0	REML_modified_Hartung_Knapp	0.5018695986673094
N-H	healthy_reference	EYA4	cg20286200	3	Colonomics;GSE48684;GSE42752	estimated		0.19550456959365403	2.8567941104880523	1.4914088370595917	-3.5602201933793483	9.273808414355454	0.19550456959365403	4.2749028509835085	65.35333619452264	5.772561569647628	1.0	REML_modified_Hartung_Knapp	0.5018695986673094
N-H	healthy_reference	EYA4	cg20330472	3	Colonomics;GSE48684;GSE42752	estimated		0.07470210750995701	2.009528448123608	0.5823887576055486	-0.49628812953225054	4.5153450257794665	0.07470210750995701	0.0	0.0	0.8210826977554181	1.0	REML_modified_Hartung_Knapp	0.5018695986673094
N-H	healthy_reference	EYA4	cg20980055	3	Colonomics;GSE48684;GSE42752	estimated		0.40638178351228627	0.9436077777984508	0.9045416170423143	-2.948320679892425	4.835536235489327	0.40638178351228627	1.2413488854466648	50.38950115400957	4.031404735938555	1.0	REML_modified_Hartung_Knapp	0.6802477680531748
N-H	healthy_reference	EYA4	cg21607030	3	Colonomics;GSE48684;GSE42752	estimated		0.3886275150312304	1.6086363987327936	1.472318431093758	-4.726238517794705	7.943511315260293	0.3886275150312304	3.4349955537561656	55.91222729521091	4.536405169278936	1.0706153635335744	REML_modified_Hartung_Knapp	0.6649848590534386
N-H	healthy_reference	EYA4	cg22871668	3	Colonomics;GSE48684;GSE42752	estimated		0.9367134191234376	0.07152152539883433	0.7975146597556977	-3.359907102371708	3.502950153169377	0.9367134191234376	0.0	0.0	0.9161078130161622	1.0	REML_modified_Hartung_Knapp	0.9617695538317198
N-H	healthy_reference	EYA4	cg24675448	3	Colonomics;GSE48684;GSE42752	estimated		0.10467208334151687	2.619825436598653	0.9215795823319307	-1.345411468954059	6.585062342151365	0.10467208334151687	0.0	0.0	0.8140175961220011	1.0	REML_modified_Hartung_Knapp	0.5018695986673094
N-H	healthy_reference	EYA4	cg26449787	3	Colonomics;GSE48684;GSE42752	estimated		0.1432665048169474	1.782372096284723	0.7587256197250527	-1.4821607625156719	5.046904955085118	0.1432665048169474	0.0	0.0	0.5764831415396761	1.0	REML_modified_Hartung_Knapp	0.5018695986673094
N-H	healthy_reference	EYA4	cg26656135	3	Colonomics;GSE48684;GSE42752	estimated		0.1658476310651697	3.1582369587561754	1.4765789333284467	-3.194969419341283	9.511443336853635	0.1658476310651697	3.9650841465181124	63.211456540936986	5.436475086939849	1.0	REML_modified_Hartung_Knapp	0.5018695986673094
N-H	healthy_reference	GFRA1	cg06298519	3	Colonomics;GSE48684;GSE42752	estimated		0.30668316984410315	1.2206880019951938	0.89716437387109	-2.6394987402273817	5.08087474421777	0.30668316984410315	0.0	0.0	1.4783174972415494	1.0	REML_modified_Hartung_Knapp	0.5622524780475224
N-H	healthy_reference	GFRA1	cg18044663	3	Colonomics;GSE48684;GSE42752	estimated		0.7222303190167894	0.3508792072093803	0.8580684674690342	-3.341091426612445	4.042849841031206	0.7222303190167894	0.33769675873588845	4.106974131653831	2.085657410316625	1.0	REML_modified_Hartung_Knapp	0.8931743635928039
N-H	healthy_reference	GFRA1	cg18672939	3	Colonomics;GSE48684;GSE42752	estimated		0.584981384914045	0.5228397116152311	0.8104721418362222	-2.964340461799069	4.010019885029531	0.584981384914045	0.0	0.0	1.2753399287246732	1.0	REML_modified_Hartung_Knapp	0.7766132179031288
N-H	healthy_reference	GFRA1	cg19236679	3	Colonomics;GSE48684;GSE42752	estimated		0.6073032897674037	0.36228530943630466	0.5999423980793454	-2.21905848732024	2.9436291061928492	0.6073032897674037	0.0	0.0	0.18453736064060067	1.0	REML_modified_Hartung_Knapp	0.7925822595269506
N-H	healthy_reference	GFRA1	cg19485539	3	Colonomics;GSE48684;GSE42752	estimated		0.4378348963808648	1.1914470347016548	1.2394086192800293	-4.141297844252489	6.524191913655799	0.4378348963808648	1.700333749198051	44.31974854417405	3.591937801478329	1.141165636106337	REML_modified_Hartung_Knapp	0.6980955819900823
N-H	healthy_reference	GFRA1	cg27034576	3	Colonomics;GSE48684;GSE42752	estimated		0.5574197159071588	0.7544138953947839	1.080845893606936	-3.8960906391139654	5.404918429903533	0.5574197159071588	1.7403995201842255	55.18552229966737	4.462843488601353	1.117560291389517	REML_modified_Hartung_Knapp	0.7664521093723433
N-H	healthy_reference	HOXA2	cg00188704	3	Colonomics;GSE48684;GSE42752	estimated		0.09608424156000585	-4.039460375121246	1.3515444832325787	-9.854686935207663	1.7757661849651702	0.09608424156000585	0.0	0.0	0.5966981968982776	1.0	REML_modified_Hartung_Knapp	0.5018695986673094
N-H	healthy_reference	HOXA2	cg02803819	3	Colonomics;GSE48684;GSE42752	estimated		0.06598272411445409	-5.845933884773081	1.5809905997525293	-12.648387404422241	0.9565196348760798	0.06598272411445409	0.0	0.0	1.559938359999864	1.0	REML_modified_Hartung_Knapp	0.5018695986673094
N-H	healthy_reference	HOXA2	cg03763508	3	Colonomics;GSE48684;GSE42752	estimated		0.07583809173405187	-4.539439542329063	1.3267945512302102	-10.248175739925696	1.1692966552675683	0.07583809173405187	0.0	0.0	0.7356208120988008	1.0	REML_modified_Hartung_Knapp	0.5018695986673094
N-H	healthy_reference	HOXA2	cg04481096	3	Colonomics;GSE48684;GSE42752	estimated		0.3327341864394354	-2.208977575265161	1.7435265661279393	-9.710766914313279	5.292811763782958	0.3327341864394354	0.0	0.0	0.8403905781072606	1.0	REML_modified_Hartung_Knapp	0.5958263338566634
N-H	healthy_reference	HOXA2	cg06786372	3	Colonomics;GSE48684;GSE42752	estimated		0.10730651116203314	-4.064558418062147	1.450939107259693	-10.307445528535947	2.1783286924116547	0.10730651116203314	0.0	0.0	0.665879556086026	1.0	REML_modified_Hartung_Knapp	0.5018695986673094
N-H	healthy_reference	HOXA2	cg09871315	3	Colonomics;GSE48684;GSE42752	estimated		0.2803739355244544	-2.774977047897646	1.8933170291455503	-10.921262731530938	5.3713086357356445	0.2803739355244544	0.8550966520973282	29.787301730365144	2.848487594536653	1.3209083207280385	REML_modified_Hartung_Knapp	0.553558795779051
N-H	healthy_reference	HOXA2	cg13661519	3	Colonomics;GSE48684;GSE42752	estimated		0.0911687249914335	-4.788239250644168	1.5541190803237381	-11.475073953871957	1.8985954525836206	0.0911687249914335	1.5003306596998351	2.0447379242567902	2.0417484039331284	1.0	REML_modified_Hartung_Knapp	0.5018695986673094
N-H	healthy_reference	HOXA2	cg19598584	3	Colonomics;GSE48684;GSE42752	estimated		0.21936642886654684	-2.6850857022413654	1.5200864620891388	-9.22548986772335	3.8553184632406188	0.21936642886654684	0.0	0.0	1.2308809463200525	1.0	REML_modified_Hartung_Knapp	0.5278504694601284
N-H	healthy_reference	RALYL	cg01134282	3	Colonomics;GSE48684;GSE42752	estimated		0.9322638113269952	-0.11628721288467052	1.2111490745779205	-5.327441084686317	5.094866658916976	0.9322638113269952	2.533106164911733	59.44133812259869	4.931129153238585	1.0282046160695366	REML_modified_Hartung_Knapp	0.9617695538317198
N-H	healthy_reference	RALYL	cg06955749	3	Colonomics;GSE48684;GSE42752	estimated		0.922096378593853	0.09660681364711492	0.8742049019336054	-3.6647932939712606	3.8580069212654906	0.922096378593853	1.313071847976628	57.571377452125496	4.713799034468517	1.0	REML_modified_Hartung_Knapp	0.9617695538317198
N-H	healthy_reference	RALYL	cg08327106	3	Colonomics;GSE48684;GSE42752	estimated		0.2578648423298396	1.5795396696502084	1.0087174249525162	-2.760621112313798	5.919700451614215	0.2578648423298396	1.197860014361645	41.65820700289559	3.428074279615066	1.0427759172398732	REML_modified_Hartung_Knapp	0.5366376448485851
N-H	healthy_reference	RALYL	cg09757712	3	Colonomics;GSE48684;GSE42752	estimated		0.18517979204074375	1.881117896991475	0.9463522642750325	-2.190707256145618	5.952943050128567	0.18517979204074375	0.0	0.0	1.910307748086519	1.0	REML_modified_Hartung_Knapp	0.5018695986673094
N-H	healthy_reference	RALYL	cg11089595	3	Colonomics;GSE48684;GSE42752	estimated		0.09489584744295251	4.093053552146876	1.3596177874422	-1.7569096323347342	9.943016736628486	0.09489584744295251	0.0	0.0	0.5554987456694865	1.0	REML_modified_Hartung_Knapp	0.5018695986673094
N-H	healthy_reference	SFMBT2	cg01056653	3	Colonomics;GSE48684;GSE42752	estimated		0.17191775839467205	0.5404416967793586	0.2587132160128529	-0.5727114283068107	1.6535948218655279	0.17191775839467205	0.0	0.0	0.7482120877955771	1.0	REML_modified_Hartung_Knapp	0.5018695986673094
N-H	healthy_reference	SFMBT2	cg12328063	3	Colonomics;GSE48684;GSE42752	estimated		0.25220536651151426	2.764152471918405	1.7353497427358489	-4.702454835641492	10.230759779478301	0.25220536651151426	6.277503614600168	71.44979974821058	7.005204805436161	1.0545324006917005	REML_modified_Hartung_Knapp	0.5366376448485851
N-H	healthy_reference	SFMBT2	cg12767281	3	Colonomics;GSE48684;GSE42752	estimated		0.7566863954993713	0.24531980293994346	0.6915116842253323	-2.7300148328089593	3.220654438688846	0.7566863954993713	0.61823668080374	45.42405944135411	3.6646184738691803	1.060358278769534	REML_modified_Hartung_Knapp	0.8931743635928039
N-H	healthy_reference	SFMBT2	cg16818993	3	Colonomics;GSE48684;GSE42752	estimated		0.10806759655533739	2.184921357283846	0.7832301991023004	-1.1850461968641195	5.554888911431812	0.10806759655533739	0.0	0.0	0.9503710382266959	1.0	REML_modified_Hartung_Knapp	0.5018695986673094
N-H	healthy_reference	SFMBT2	cg20299663	3	Colonomics;GSE48684;GSE42752	estimated		0.5006003173086047	0.7945936521441248	0.9747339636871054	-3.3993480974417394	4.9885354017299885	0.5006003173086047	0.0	0.0	0.3169759513311434	1.0	REML_modified_Hartung_Knapp	0.7412735467838953
N-H	healthy_reference	SFMBT2	cg20506550	3	Colonomics;GSE48684;GSE42752	estimated		0.9117471340881518	0.05722307661354556	0.45669841242322834	-1.9077915942471522	2.0222377474742435	0.9117471340881518	0.0	0.0	1.417922846443469	1.0	REML_modified_Hartung_Knapp	0.9617695538317198
N-H	healthy_reference	SFMBT2	cg22862480	3	Colonomics;GSE48684;GSE42752	estimated		0.5557722282208817	0.5462043792991029	0.7789341433909124	-2.805278739015332	3.8976874976135383	0.5557722282208817	0.0	0.0	1.083682180999627	1.0	REML_modified_Hartung_Knapp	0.7664521093723433
N-H	healthy_reference	SFMBT2	cg26878816	3	Colonomics;GSE48684;GSE42752	estimated		0.13996007114042022	2.0354484591450848	0.8538659753849163	-1.638440310639484	5.709337228929654	0.13996007114042022	0.0	0.0	0.808828679299305	1.0	REML_modified_Hartung_Knapp	0.5018695986673094
N-H	healthy_reference	UNC5C	cg03008707	3	Colonomics;GSE48684;GSE42752	estimated		0.1511196752601083	-1.9730262614835439	0.8687329750396787	-5.710882567915068	1.7648300449479801	0.1511196752601083	0.0	0.0	0.09567960508034808	1.0	REML_modified_Hartung_Knapp	0.5018695986673094
N-H	healthy_reference	UNC5C	cg12584684	3	Colonomics;GSE48684;GSE42752	estimated		0.9565410363086374	-0.08790371074408107	1.4289016410197342	-6.235971256944937	6.060163835456774	0.9565410363086374	4.714843633028481	77.14219975837877	8.749748352241902	1.0030242200134611	REML_modified_Hartung_Knapp	0.9691271025758563
N-H	healthy_reference	UNC5C	cg13265789	3	Colonomics;GSE48684;GSE42752	estimated		0.18805939867828356	-1.9565578225458569	0.9946560539176222	-6.2362174080433075	2.3231017629515933	0.18805939867828356	0.0	0.0	1.4421523285109301	1.0	REML_modified_Hartung_Knapp	0.5018695986673094
N-H	healthy_reference	UNC5C	cg15701178	3	Colonomics;GSE48684;GSE42752	estimated		0.30413465196517087	0.6968975508388768	0.5085777609589154	-1.4913359406137523	2.8851310422915057	0.30413465196517087	0.0	0.0	1.317614260626698	1.0	REML_modified_Hartung_Knapp	0.5622524780475224
N-H	healthy_reference	UNC5C	cg24870497	3	Colonomics;GSE48684;GSE42752	estimated		0.3668067190797064	-0.7784116517472878	0.6728146913324481	-3.6732996199885126	2.116476316493937	0.3668067190797064	0.0	0.0	1.0756863141627024	1.0	REML_modified_Hartung_Knapp	0.6419117583894862
N-H	healthy_reference	ZNF568	cg02459604	3	Colonomics;GSE48684;GSE42752	estimated		0.8271720833901706	0.67510733325656	2.7205644250064913	-11.030536616311833	12.380751282824955	0.8271720833901706	16.699072488187948	76.48733081627334	8.506052564139416	1.0361305345218905	REML_modified_Hartung_Knapp	0.9366507414859284
N-H	healthy_reference	ZNF568	cg03060201	3	Colonomics;GSE48684;GSE42752	estimated		0.6398426210205881	0.2130930619858231	0.3902951538580507	-1.4662114471486944	1.8923975711203407	0.6398426210205881	0.12169230581239769	9.574497602166751	2.2117654278555863	1.0	REML_modified_Hartung_Knapp	0.821131363643088
N-H	healthy_reference	ZNF568	cg03443751	3	Colonomics;GSE48684;GSE42752	estimated		0.5350126633807117	0.3488524963551367	0.46966119397450107	-1.6719365219315996	2.369641514641873	0.5350126633807117	0.342280598440714	49.25801600965805	3.941509264558266	1.0	REML_modified_Hartung_Knapp	0.7664521093723433
N-H	healthy_reference	ZNF568	cg06611358	3	Colonomics;GSE48684;GSE42752	estimated		0.09512472798777691	2.9517843024846044	0.9818855908622418	-1.2729284152881295	7.176497020257338	0.09512472798777691	0.0	0.0	0.12010451137926198	1.0	REML_modified_Hartung_Knapp	0.5018695986673094
N-H	healthy_reference	ZNF568	cg20154403	3	Colonomics;GSE48684;GSE42752	estimated		0.20205139686605963	1.1318509044521088	0.6045314098126028	-1.4692378161651436	3.732939625069361	0.20205139686605963	0.0	0.0	0.08475475092471431	1.0	REML_modified_Hartung_Knapp	0.5018695986673094
N-H	healthy_reference	ZNF568	cg20680720	3	Colonomics;GSE48684;GSE42752	estimated		0.29771353906503717	0.9601468103401095	0.6882147320410219	-2.001002185093292	3.9212958057735112	0.29771353906503717	0.9595659409715227	68.92172146629014	6.435362878386742	1.0	REML_modified_Hartung_Knapp	0.5622524780475224
N-H	healthy_reference	ZNF568	cg21761844	3	Colonomics;GSE48684;GSE42752	estimated		0.7723060264364066	0.183378939061732	0.554526998447418	-2.2025581644982593	2.5693160426217236	0.7723060264364066	0.30719625859603605	28.75655735971662	2.807275906216714	1.0	REML_modified_Hartung_Knapp	0.8931743635928039
N-H	healthy_reference	ZNF568	cg27390819	3	Colonomics;GSE48684;GSE42752	estimated		0.1766659595575248	1.8375189619629395	0.895674723595125	-2.0162583324334626	5.691296256359341	0.1766659595575248	0.0	0.0	0.7153783202459914	1.0	REML_modified_Hartung_Knapp	0.5018695986673094
N-H	healthy_reference	ZNF793	cg07482795	3	Colonomics;GSE48684;GSE42752	estimated		0.2479448137653419	0.9716520864311723	0.602140008336652	-1.6191472640977813	3.5624514369601257	0.2479448137653419	0.5196117375341447	49.43799703479143	3.955539501424002	1.0338838888169406	REML_modified_Hartung_Knapp	0.5366376448485851
N-H	healthy_reference	ZNF793	cg11623861	3	Colonomics;GSE48684;GSE42752	estimated		0.7771776929963359	-0.28758254822380064	0.8896735988845316	-4.115539087002921	3.5403739905553198	0.7771776929963359	2.014806402901436	85.37884505201896	13.67880996484596	1.0493815899883607	REML_modified_Hartung_Knapp	0.8931743635928039
N-H	healthy_reference	ZNF793	cg13181745	3	Colonomics;GSE48684;GSE42752	estimated		0.13753918204532523	0.8842981600969265	0.36694514052386357	-0.6945393504268095	2.4631356706206624	0.13753918204532523	0.0	0.0	0.9337238478079065	1.0	REML_modified_Hartung_Knapp	0.5018695986673094
N-H	healthy_reference	ZNF793	cg14732998	3	Colonomics;GSE48684;GSE42752	estimated		0.25242261107367	0.8680513734435227	0.5453265083522151	-1.4782992162938013	3.2144019631808467	0.25242261107367	0.0	0.0	0.5337400939831806	1.0	REML_modified_Hartung_Knapp	0.5366376448485851
N-H	healthy_reference	ZNF793	cg15139588	3	Colonomics;GSE48684;GSE42752	estimated		0.19637550650959865	0.6980936304763024	0.36556300100938954	-0.874797013692661	2.270984274645266	0.19637550650959865	0.0	0.0	1.5278226628791547	1.0	REML_modified_Hartung_Knapp	0.5018695986673094
N-H	healthy_reference	ZNF793	cg17332326	3	Colonomics;GSE48684;GSE42752	estimated		0.7561750097753166	0.23257396324714927	0.6541218852235321	-2.5818853517638676	3.0470332782581657	0.7561750097753166	0.5647058765075152	44.50213584873625	3.603742289160614	1.0094099306455226	REML_modified_Hartung_Knapp	0.8931743635928039
N-H	healthy_reference	ZNF793	cg24078985	3	Colonomics;GSE48684;GSE42752	estimated		0.435169831049835	0.5215099007325174	0.5387566819467536	-1.796573007487718	2.839592808952753	0.435169831049835	0.326269245200601	36.56215016354849	3.152691973571267	1.0	REML_modified_Hartung_Knapp	0.6980955819900823
N-H	healthy_reference	ZNF793	cg25361907	3	Colonomics;GSE48684;GSE42752	estimated		0.1277639687246301	1.0957057988067183	0.43443963048166395	-0.7735370631733964	2.964948660786833	0.1277639687246301	0.09232489683168099	20.56935606655173	2.5179199122138796	1.0543050180714364	REML_modified_Hartung_Knapp	0.5018695986673094
T-A	lesion	ADHFE1	cg01588438	2	GSE48684;GSE77954	insufficient_independent_cohorts	requires_at_least_3_eligible_public_cohorts	1.0											1.0
T-A	lesion	ADHFE1	cg08090772	2	GSE48684;GSE77954	insufficient_independent_cohorts	requires_at_least_3_eligible_public_cohorts	1.0											1.0
T-A	lesion	ADHFE1	cg09383816	2	GSE48684;GSE77954	insufficient_independent_cohorts	requires_at_least_3_eligible_public_cohorts	1.0											1.0
T-A	lesion	ADHFE1	cg18065361	2	GSE48684;GSE77954	insufficient_independent_cohorts	requires_at_least_3_eligible_public_cohorts	1.0											1.0
T-A	lesion	ADHFE1	cg19283840	2	GSE48684;GSE77954	insufficient_independent_cohorts	requires_at_least_3_eligible_public_cohorts	1.0											1.0
T-A	lesion	ADHFE1	cg20295442	2	GSE48684;GSE77954	insufficient_independent_cohorts	requires_at_least_3_eligible_public_cohorts	1.0											1.0
T-A	lesion	ADHFE1	cg20912169	2	GSE48684;GSE77954	insufficient_independent_cohorts	requires_at_least_3_eligible_public_cohorts	1.0											1.0
T-A	lesion	ADHFE1	cg25046651	2	GSE48684;GSE77954	insufficient_independent_cohorts	requires_at_least_3_eligible_public_cohorts	1.0											1.0
T-A	lesion	BEND5	cg03603214	2	GSE48684;GSE77954	insufficient_independent_cohorts	requires_at_least_3_eligible_public_cohorts	1.0											1.0
T-A	lesion	BEND5	cg06744574	2	GSE48684;GSE77954	insufficient_independent_cohorts	requires_at_least_3_eligible_public_cohorts	1.0											1.0
T-A	lesion	BEND5	cg11666087	2	GSE48684;GSE77954	insufficient_independent_cohorts	requires_at_least_3_eligible_public_cohorts	1.0											1.0
T-A	lesion	BEND5	cg16573178	2	GSE48684;GSE77954	insufficient_independent_cohorts	requires_at_least_3_eligible_public_cohorts	1.0											1.0
T-A	lesion	EYA4	cg01328892	2	GSE48684;GSE77954	insufficient_independent_cohorts	requires_at_least_3_eligible_public_cohorts	1.0											1.0
T-A	lesion	EYA4	cg05493394	2	GSE48684;GSE77954	insufficient_independent_cohorts	requires_at_least_3_eligible_public_cohorts	1.0											1.0
T-A	lesion	EYA4	cg06181518	2	GSE48684;GSE77954	insufficient_independent_cohorts	requires_at_least_3_eligible_public_cohorts	1.0											1.0
T-A	lesion	EYA4	cg11664500	2	GSE48684;GSE77954	insufficient_independent_cohorts	requires_at_least_3_eligible_public_cohorts	1.0											1.0
T-A	lesion	EYA4	cg14017655	2	GSE48684;GSE77954	insufficient_independent_cohorts	requires_at_least_3_eligible_public_cohorts	1.0											1.0
T-A	lesion	EYA4	cg14270292	2	GSE48684;GSE77954	insufficient_independent_cohorts	requires_at_least_3_eligible_public_cohorts	1.0											1.0
T-A	lesion	EYA4	cg14287112	2	GSE48684;GSE77954	insufficient_independent_cohorts	requires_at_least_3_eligible_public_cohorts	1.0											1.0
T-A	lesion	EYA4	cg14343214	2	GSE48684;GSE77954	insufficient_independent_cohorts	requires_at_least_3_eligible_public_cohorts	1.0											1.0
T-A	lesion	EYA4	cg17838029	2	GSE48684;GSE77954	insufficient_independent_cohorts	requires_at_least_3_eligible_public_cohorts	1.0											1.0
T-A	lesion	EYA4	cg20286200	2	GSE48684;GSE77954	insufficient_independent_cohorts	requires_at_least_3_eligible_public_cohorts	1.0											1.0
T-A	lesion	EYA4	cg20330472	2	GSE48684;GSE77954	insufficient_independent_cohorts	requires_at_least_3_eligible_public_cohorts	1.0											1.0
T-A	lesion	EYA4	cg20980055	2	GSE48684;GSE77954	insufficient_independent_cohorts	requires_at_least_3_eligible_public_cohorts	1.0											1.0
T-A	lesion	EYA4	cg21607030	2	GSE48684;GSE77954	insufficient_independent_cohorts	requires_at_least_3_eligible_public_cohorts	1.0											1.0
T-A	lesion	EYA4	cg22871668	2	GSE48684;GSE77954	insufficient_independent_cohorts	requires_at_least_3_eligible_public_cohorts	1.0											1.0
T-A	lesion	EYA4	cg24675448	2	GSE48684;GSE77954	insufficient_independent_cohorts	requires_at_least_3_eligible_public_cohorts	1.0											1.0
T-A	lesion	EYA4	cg26449787	2	GSE48684;GSE77954	insufficient_independent_cohorts	requires_at_least_3_eligible_public_cohorts	1.0											1.0
T-A	lesion	EYA4	cg26656135	2	GSE48684;GSE77954	insufficient_independent_cohorts	requires_at_least_3_eligible_public_cohorts	1.0											1.0
T-A	lesion	GFRA1	cg06298519	2	GSE48684;GSE77954	insufficient_independent_cohorts	requires_at_least_3_eligible_public_cohorts	1.0											1.0
T-A	lesion	GFRA1	cg18044663	2	GSE48684;GSE77954	insufficient_independent_cohorts	requires_at_least_3_eligible_public_cohorts	1.0											1.0
T-A	lesion	GFRA1	cg18672939	2	GSE48684;GSE77954	insufficient_independent_cohorts	requires_at_least_3_eligible_public_cohorts	1.0											1.0
T-A	lesion	GFRA1	cg19236679	2	GSE48684;GSE77954	insufficient_independent_cohorts	requires_at_least_3_eligible_public_cohorts	1.0											1.0
T-A	lesion	GFRA1	cg19485539	2	GSE48684;GSE77954	insufficient_independent_cohorts	requires_at_least_3_eligible_public_cohorts	1.0											1.0
T-A	lesion	GFRA1	cg27034576	2	GSE48684;GSE77954	insufficient_independent_cohorts	requires_at_least_3_eligible_public_cohorts	1.0											1.0
T-A	lesion	HOXA2	cg00188704	2	GSE48684;GSE77954	insufficient_independent_cohorts	requires_at_least_3_eligible_public_cohorts	1.0											1.0
T-A	lesion	HOXA2	cg02803819	2	GSE48684;GSE77954	insufficient_independent_cohorts	requires_at_least_3_eligible_public_cohorts	1.0											1.0
T-A	lesion	HOXA2	cg03763508	2	GSE48684;GSE77954	insufficient_independent_cohorts	requires_at_least_3_eligible_public_cohorts	1.0											1.0
T-A	lesion	HOXA2	cg04481096	2	GSE48684;GSE77954	insufficient_independent_cohorts	requires_at_least_3_eligible_public_cohorts	1.0											1.0
T-A	lesion	HOXA2	cg06786372	2	GSE48684;GSE77954	insufficient_independent_cohorts	requires_at_least_3_eligible_public_cohorts	1.0											1.0
T-A	lesion	HOXA2	cg09871315	2	GSE48684;GSE77954	insufficient_independent_cohorts	requires_at_least_3_eligible_public_cohorts	1.0											1.0
T-A	lesion	HOXA2	cg13661519	2	GSE48684;GSE77954	insufficient_independent_cohorts	requires_at_least_3_eligible_public_cohorts	1.0											1.0
T-A	lesion	HOXA2	cg19598584	2	GSE48684;GSE77954	insufficient_independent_cohorts	requires_at_least_3_eligible_public_cohorts	1.0											1.0
T-A	lesion	RALYL	cg01134282	2	GSE48684;GSE77954	insufficient_independent_cohorts	requires_at_least_3_eligible_public_cohorts	1.0											1.0
T-A	lesion	RALYL	cg06955749	2	GSE48684;GSE77954	insufficient_independent_cohorts	requires_at_least_3_eligible_public_cohorts	1.0											1.0
T-A	lesion	RALYL	cg08327106	2	GSE48684;GSE77954	insufficient_independent_cohorts	requires_at_least_3_eligible_public_cohorts	1.0											1.0
T-A	lesion	RALYL	cg09757712	2	GSE48684;GSE77954	insufficient_independent_cohorts	requires_at_least_3_eligible_public_cohorts	1.0											1.0
T-A	lesion	RALYL	cg11089595	2	GSE48684;GSE77954	insufficient_independent_cohorts	requires_at_least_3_eligible_public_cohorts	1.0											1.0
T-A	lesion	SFMBT2	cg01056653	2	GSE48684;GSE77954	insufficient_independent_cohorts	requires_at_least_3_eligible_public_cohorts	1.0											1.0
T-A	lesion	SFMBT2	cg12328063	2	GSE48684;GSE77954	insufficient_independent_cohorts	requires_at_least_3_eligible_public_cohorts	1.0											1.0
T-A	lesion	SFMBT2	cg12767281	2	GSE48684;GSE77954	insufficient_independent_cohorts	requires_at_least_3_eligible_public_cohorts	1.0											1.0
T-A	lesion	SFMBT2	cg16818993	2	GSE48684;GSE77954	insufficient_independent_cohorts	requires_at_least_3_eligible_public_cohorts	1.0											1.0
T-A	lesion	SFMBT2	cg20299663	2	GSE48684;GSE77954	insufficient_independent_cohorts	requires_at_least_3_eligible_public_cohorts	1.0											1.0
T-A	lesion	SFMBT2	cg20506550	2	GSE48684;GSE77954	insufficient_independent_cohorts	requires_at_least_3_eligible_public_cohorts	1.0											1.0
T-A	lesion	SFMBT2	cg22862480	2	GSE48684;GSE77954	insufficient_independent_cohorts	requires_at_least_3_eligible_public_cohorts	1.0											1.0
T-A	lesion	SFMBT2	cg26878816	2	GSE48684;GSE77954	insufficient_independent_cohorts	requires_at_least_3_eligible_public_cohorts	1.0											1.0
T-A	lesion	UNC5C	cg03008707	2	GSE48684;GSE77954	insufficient_independent_cohorts	requires_at_least_3_eligible_public_cohorts	1.0											1.0
T-A	lesion	UNC5C	cg12584684	2	GSE48684;GSE77954	insufficient_independent_cohorts	requires_at_least_3_eligible_public_cohorts	1.0											1.0
T-A	lesion	UNC5C	cg13265789	2	GSE48684;GSE77954	insufficient_independent_cohorts	requires_at_least_3_eligible_public_cohorts	1.0											1.0
T-A	lesion	UNC5C	cg15701178	2	GSE48684;GSE77954	insufficient_independent_cohorts	requires_at_least_3_eligible_public_cohorts	1.0											1.0
T-A	lesion	UNC5C	cg24870497	2	GSE48684;GSE77954	insufficient_independent_cohorts	requires_at_least_3_eligible_public_cohorts	1.0											1.0
T-A	lesion	ZNF568	cg02459604	2	GSE48684;GSE77954	insufficient_independent_cohorts	requires_at_least_3_eligible_public_cohorts	1.0											1.0
T-A	lesion	ZNF568	cg03060201	2	GSE48684;GSE77954	insufficient_independent_cohorts	requires_at_least_3_eligible_public_cohorts	1.0											1.0
T-A	lesion	ZNF568	cg03443751	2	GSE48684;GSE77954	insufficient_independent_cohorts	requires_at_least_3_eligible_public_cohorts	1.0											1.0
T-A	lesion	ZNF568	cg06611358	2	GSE48684;GSE77954	insufficient_independent_cohorts	requires_at_least_3_eligible_public_cohorts	1.0											1.0
T-A	lesion	ZNF568	cg20154403	2	GSE48684;GSE77954	insufficient_independent_cohorts	requires_at_least_3_eligible_public_cohorts	1.0											1.0
T-A	lesion	ZNF568	cg20680720	2	GSE48684;GSE77954	insufficient_independent_cohorts	requires_at_least_3_eligible_public_cohorts	1.0											1.0
T-A	lesion	ZNF568	cg21761844	2	GSE48684;GSE77954	insufficient_independent_cohorts	requires_at_least_3_eligible_public_cohorts	1.0											1.0
T-A	lesion	ZNF568	cg27390819	2	GSE48684;GSE77954	insufficient_independent_cohorts	requires_at_least_3_eligible_public_cohorts	1.0											1.0
T-A	lesion	ZNF793	cg07482795	2	GSE48684;GSE77954	insufficient_independent_cohorts	requires_at_least_3_eligible_public_cohorts	1.0											1.0
T-A	lesion	ZNF793	cg11623861	2	GSE48684;GSE77954	insufficient_independent_cohorts	requires_at_least_3_eligible_public_cohorts	1.0											1.0
T-A	lesion	ZNF793	cg13181745	2	GSE48684;GSE77954	insufficient_independent_cohorts	requires_at_least_3_eligible_public_cohorts	1.0											1.0
T-A	lesion	ZNF793	cg14732998	2	GSE48684;GSE77954	insufficient_independent_cohorts	requires_at_least_3_eligible_public_cohorts	1.0											1.0
T-A	lesion	ZNF793	cg15139588	2	GSE48684;GSE77954	insufficient_independent_cohorts	requires_at_least_3_eligible_public_cohorts	1.0											1.0
T-A	lesion	ZNF793	cg17332326	2	GSE48684;GSE77954	insufficient_independent_cohorts	requires_at_least_3_eligible_public_cohorts	1.0											1.0
T-A	lesion	ZNF793	cg24078985	2	GSE48684;GSE77954	insufficient_independent_cohorts	requires_at_least_3_eligible_public_cohorts	1.0											1.0
T-A	lesion	ZNF793	cg25361907	2	GSE48684;GSE77954	insufficient_independent_cohorts	requires_at_least_3_eligible_public_cohorts	1.0											1.0
T-H	healthy_reference	ADHFE1	cg01588438	3	Colonomics;GSE48684;GSE42752	estimated		0.0034058816834319733	49.218030371822486	2.879722134664608	36.82758606834141	61.60847467530356	0.0034058816834319733	17.688819962106923	72.739596078024	7.336648443377236	1.0	REML_modified_Hartung_Knapp	0.007425099419382044
T-H	healthy_reference	ADHFE1	cg08090772	3	Colonomics;GSE48684;GSE42752	estimated		0.0019273639185084072	39.93430283867131	1.7557248606945524	32.380028474208515	47.4885772031341	0.0019273639185084072	3.8208634303756903	39.95619271998985	3.3309013711824402	1.0	REML_modified_Hartung_Knapp	0.007263039169677176
T-H	healthy_reference	ADHFE1	cg09383816	3	Colonomics;GSE48684;GSE42752	estimated		0.0010644360021682328	49.247500728616274	1.608017968312556	42.32875782785581	56.16624362937674	0.0010644360021682328	0.5330087984992589	14.2655418260004	2.332784323359185	1.0919644416650818	REML_modified_Hartung_Knapp	0.007263039169677176
T-H	healthy_reference	ADHFE1	cg18065361	3	Colonomics;GSE48684;GSE42752	estimated		0.0021208425175742937	50.211976182505595	2.316078011131921	40.24669680571962	60.17725555929157	0.0021208425175742937	7.185712706714542	41.77944519202659	3.4352128841721314	1.0	REML_modified_Hartung_Knapp	0.007263039169677176
T-H	healthy_reference	ADHFE1	cg19283840	3	Colonomics;GSE48684;GSE42752	estimated		0.001207266316309879	41.14389020793757	1.43087074122732	34.987350307353495	47.30043010852164	0.001207266316309879	0.9994515672455317	10.311948139893278	2.229951435582024	1.0	REML_modified_Hartung_Knapp	0.007263039169677176
T-H	healthy_reference	ADHFE1	cg20295442	3	Colonomics;GSE48684;GSE42752	estimated		0.0015940200866820713	52.37217147679133	2.093472040312707	43.36468828799731	61.37965466558535	0.0015940200866820713	4.776119480332927	31.283465344661444	2.9105076529708573	1.0	REML_modified_Hartung_Knapp	0.007263039169677176
T-H	healthy_reference	ADHFE1	cg20912169	3	Colonomics;GSE48684;GSE42752	estimated		0.0009781316904138762	49.24092127397269	1.5411454005142045	42.60990780959159	55.87193473835379	0.0009781316904138762	0.0	0.0	1.0936185097318283	1.0	REML_modified_Hartung_Knapp	0.007263039169677176
T-H	healthy_reference	ADHFE1	cg25046651	3	Colonomics;GSE48684;GSE42752	estimated		0.002859893780131924	33.03909371309982	1.7706640167292982	25.420541348144766	40.65764607805487	0.002859893780131924	2.766199140947337	40.78207839065727	3.3773559517908893	1.2183705843492731	REML_modified_Hartung_Knapp	0.007416453387019321
T-H	healthy_reference	BEND5	cg03603214	3	Colonomics;GSE48684;GSE42752	estimated		0.00311123862638136	32.59098045567591	1.8221298612422498	24.750988434341092	40.43097247701073	0.00311123862638136	0.0	0.0	0.7863968105761505	1.0	REML_modified_Hartung_Knapp	0.007416453387019321
T-H	healthy_reference	BEND5	cg06744574	3	Colonomics;GSE48684;GSE42752	estimated		0.0030392767716251566	38.51754303125665	2.128312602454337	29.3601530026598	47.6749330598535	0.0030392767716251566	5.76503029297266	39.64714352400526	3.313844806658815	1.0	REML_modified_Hartung_Knapp	0.007416453387019321
T-H	healthy_reference	BEND5	cg11666087	3	Colonomics;GSE48684;GSE42752	estimated		0.003401194088771941	43.6623623776556	2.552895164841639	32.67814102802164	54.64658372728955	0.003401194088771941	7.611414105450252	34.98711422309202	3.0763132202176187	1.0	REML_modified_Hartung_Knapp	0.007425099419382044
T-H	healthy_reference	BEND5	cg16573178	3	Colonomics;GSE48684;GSE42752	estimated		0.0023778615878922702	43.46218215486026	2.123148682690515	34.327010679731146	52.59735362998937	0.0023778615878922702	1.6926113202646245	5.747416933457579	2.1219577595958277	1.0	REML_modified_Hartung_Knapp	0.007263039169677176
T-H	healthy_reference	EYA4	cg01328892	3	Colonomics;GSE48684;GSE42752	estimated		0.0017771237783550864	38.00333583156742	1.6042055169092473	31.100996585244236	44.9056750778906	0.0017771237783550864	0.9445166985770354	0.0	1.9645036101696691	1.0	REML_modified_Hartung_Knapp	0.007263039169677176
T-H	healthy_reference	EYA4	cg05493394	3	Colonomics;GSE48684;GSE42752	estimated		0.002476864856290668	36.08668781577282	1.7993104919152738	28.344879616162657	43.82849601538298	0.002476864856290668	1.3201854723877477	1.9045546845701962	2.0388306445512536	1.0	REML_modified_Hartung_Knapp	0.007263039169677176
T-H	healthy_reference	EYA4	cg06181518	3	Colonomics;GSE48684;GSE42752	estimated		0.0019382265103861213	35.86162802537942	1.581118069010828	29.058626049778084	42.66463000098075	0.0019382265103861213	0.0	0.0	1.9799333449249374	1.0	REML_modified_Hartung_Knapp	0.007263039169677176
T-H	healthy_reference	EYA4	cg11664500	3	Colonomics;GSE48684;GSE42752	estimated		0.0015149147212947973	43.19576281268611	1.6831743977557625	35.95364789562762	50.437877729744606	0.0015149147212947973	0.0	0.0	0.4730133840439213	1.0	REML_modified_Hartung_Knapp	0.007263039169677176
T-H	healthy_reference	EYA4	cg14017655	3	Colonomics;GSE48684;GSE42752	estimated		0.004442458747769134	36.58899946508568	2.446881846075768	26.06091661082384	47.11708231934752	0.004442458747769134	7.564412195524983	40.76879445792052	3.3765985036032147	1.0	REML_modified_Hartung_Knapp	0.007955100548330775
T-H	healthy_reference	EYA4	cg14270292	3	Colonomics;GSE48684;GSE42752	estimated		0.004596509915222863	39.47719039221163	2.6857250111088096	27.921448341951113	51.03293244247215	0.004596509915222863	12.691929941743714	60.406363341251925	5.051316748794044	1.0	REML_modified_Hartung_Knapp	0.00804262201790704
T-H	healthy_reference	EYA4	cg14287112	3	Colonomics;GSE48684;GSE42752	estimated		0.0014434710611128116	42.91280811560961	1.6321555284087021	35.89020967601326	49.93540655520596	0.0014434710611128116	0.0	0.0	0.03471834143973947	1.0	REML_modified_Hartung_Knapp	0.007263039169677176
T-H	healthy_reference	EYA4	cg14343214	3	Colonomics;GSE48684;GSE42752	estimated		0.006006472447938481	42.75830354046274	3.3288446532973204	28.435441006218618	57.081166074706864	0.006006472447938481	20.403140400096486	65.27215336116767	5.759067127886991	1.0	REML_modified_Hartung_Knapp	0.00981117525800959
T-H	healthy_reference	EYA4	cg17838029	3	Colonomics;GSE48684;GSE42752	estimated		0.0021066888113611074	22.329135406957292	1.0265004373233688	17.912460498273617	26.745810315640966	0.0021066888113611074	0.0	0.0	0.6412664270406592	1.0	REML_modified_Hartung_Knapp	0.007263039169677176
T-H	healthy_reference	EYA4	cg20286200	3	Colonomics;GSE48684;GSE42752	estimated		0.007198926599134321	40.50873300111941	3.4557098507367052	25.640013578809278	55.377452423429546	0.007198926599134321	28.702439083943272	82.46734310451696	11.407284200692153	1.0	REML_modified_Hartung_Knapp	0.010329836449302746
T-H	healthy_reference	EYA4	cg20330472	3	Colonomics;GSE48684;GSE42752	estimated		0.0025467799685881007	33.39128487885373	1.6883388632315117	26.126949060318587	40.655620697388876	0.0025467799685881007	0.0	0.0	1.275216070059701	1.0	REML_modified_Hartung_Knapp	0.007263039169677176
T-H	healthy_reference	EYA4	cg20980055	3	Colonomics;GSE48684;GSE42752	estimated		0.004393415025151905	35.25123776624999	2.344283831665021	25.164598538753957	45.33787699374603	0.004393415025151905	8.993056195975312	58.62840455954933	4.834234645068872	1.0738983998204754	REML_modified_Hartung_Knapp	0.007955100548330775
T-H	healthy_reference	EYA4	cg21607030	3	Colonomics;GSE48684;GSE42752	estimated		0.007337350783356498	41.06454111354176	3.537014388432413	25.845996500178508	56.28308572690501	0.007337350783356498	26.660361908771236	74.65638118331916	7.89153283304445	1.0	REML_modified_Hartung_Knapp	0.010329836449302746
T-H	healthy_reference	EYA4	cg22871668	3	Colonomics;GSE48684;GSE42752	estimated		0.0014655742117129934	43.530916457953374	1.6683205307868914	36.35271257215504	50.70912034375171	0.0014655742117129934	0.0	0.0	0.23932315348296646	1.0	REML_modified_Hartung_Knapp	0.007263039169677176
T-H	healthy_reference	EYA4	cg24675448	3	Colonomics;GSE48684;GSE42752	estimated		0.009632021792582404	35.60588163028631	3.5199425263277706	20.4607913110086	50.750971949564025	0.009632021792582404	25.465129990120825	69.22172989539698	6.498091001225215	1.0	REML_modified_Hartung_Knapp	0.011793027107662972
T-H	healthy_reference	EYA4	cg26449787	3	Colonomics;GSE48684;GSE42752	estimated		0.0016147286411317744	39.60542221821098	1.5934222183530122	32.74947976085591	46.46136467556605	0.0016147286411317744	0.0	0.0	0.4213562563103525	1.0	REML_modified_Hartung_Knapp	0.007263039169677176
T-H	healthy_reference	EYA4	cg26656135	3	Colonomics;GSE48684;GSE42752	estimated		0.0076544148021220025	35.703917361663656	3.1417835505151017	22.185913791925415	49.2219209314019	0.0076544148021220025	22.821794059773143	80.32033277376274	10.162773470750393	1.0	REML_modified_Hartung_Knapp	0.010340174381813932
T-H	healthy_reference	GFRA1	cg06298519	3	Colonomics;GSE48684;GSE42752	estimated		0.0013348934995278405	45.7612747640958	1.6736188731203505	38.560273951193544	52.96227557699806	0.0013348934995278405	0.0	0.0	1.6643248931096257	1.0	REML_modified_Hartung_Knapp	0.007263039169677176
T-H	healthy_reference	GFRA1	cg18044663	3	Colonomics;GSE48684;GSE42752	estimated		0.003717843302999383	40.57327603639701	2.480842702870332	29.899071408945222	51.247480663848805	0.003717843302999383	8.620894200795368	43.87775774313236	3.5636494900651647	1.0	REML_modified_Hartung_Knapp	0.007737133360296014
T-H	healthy_reference	GFRA1	cg18672939	3	Colonomics;GSE48684;GSE42752	estimated		0.0039568721391224975	46.397795817020906	2.9272861428722288	33.80270010379002	58.99289153025179	0.0039568721391224975	12.371592456438972	46.80738801629844	3.7599206457708982	1.0	REML_modified_Hartung_Knapp	0.007756821378954783
T-H	healthy_reference	GFRA1	cg19236679	3	Colonomics;GSE48684;GSE42752	estimated		0.008607508646655984	38.524675764981126	3.5974563705246796	23.046070292380335	54.003281237581916	0.008607508646655984	26.799339636208725	74.61183957506566	7.877687735247453	1.0	REML_modified_Hartung_Knapp	0.011233528233771368
T-H	healthy_reference	GFRA1	cg19485539	3	Colonomics;GSE48684;GSE42752	estimated		0.0013776848368893015	44.13624137650309	1.6399076317867753	37.08028832814618	51.19219442485999	0.0013776848368893015	0.0	0.0	1.4790525078201773	1.0	REML_modified_Hartung_Knapp	0.007263039169677176
T-H	healthy_reference	GFRA1	cg27034576	3	Colonomics;GSE48684;GSE42752	estimated		0.006603181799775443	36.49016188388541	2.979967552013319	23.66839636180938	49.31192740596145	0.006603181799775443	18.18790417295997	69.63185843387832	6.585849172381281	1.0046252257763886	REML_modified_Hartung_Knapp	0.010168899971654185
T-H	healthy_reference	HOXA2	cg00188704	3	Colonomics;GSE48684;GSE42752	estimated		0.022336437823412377	24.342039416516418	3.700289446973942	8.420978926828159	40.26309990620467	0.022336437823412377	30.642246724674838	77.47861561507577	8.880448758464404	1.0504818866740977	REML_modified_Hartung_Knapp	0.02324196908652369
T-H	healthy_reference	HOXA2	cg02803819	3	Colonomics;GSE48684;GSE42752	estimated		0.016670834422287346	33.20082875510543	4.341212796318829	14.522097666832394	51.87955984337846	0.016670834422287346	39.958245221044095	73.40212632359278	7.519398070433105	1.0996800284590924	REML_modified_Hartung_Knapp	0.017584304801590765
T-H	healthy_reference	HOXA2	cg03763508	3	Colonomics;GSE48684;GSE42752	estimated		0.025355101630900063	25.434483590219084	4.128941162690758	7.6690836258129345	43.19988355462523	0.025355101630900063	37.900086876071725	76.95904086651827	8.680194207252947	1.0798670461314837	REML_modified_Hartung_Knapp	0.025355101630900063
T-H	healthy_reference	HOXA2	cg04481096	3	Colonomics;GSE48684;GSE42752	estimated		0.009678561290985712	31.12207978657565	3.0842135859942377	17.851779781831617	44.392379791319684	0.009678561290985712	16.092932909459282	57.17779625081744	4.670474251428917	1.0	REML_modified_Hartung_Knapp	0.011793027107662972
T-H	healthy_reference	HOXA2	cg06786372	3	Colonomics;GSE48684;GSE42752	estimated		0.025230446455103493	28.322380514770007	4.5859939644589724	8.590441065220578	48.05431996431943	0.025230446455103493	50.47478424429384	82.18389576848261	11.225798715646945	1.0387468910507371	REML_modified_Hartung_Knapp	0.025355101630900063
T-H	healthy_reference	HOXA2	cg09871315	3	Colonomics;GSE48684;GSE42752	estimated		0.01269498624530957	26.473266085444152	3.0115464489533843	13.51562753624815	39.43090463464016	0.01269498624530957	17.59117235887166	68.17101011294974	6.283579865705091	1.0	REML_modified_Hartung_Knapp	0.014375205013071131
T-H	healthy_reference	HOXA2	cg13661519	3	Colonomics;GSE48684;GSE42752	estimated		0.013453793623673004	29.73726844654178	3.4844991337790248	14.744678736963618	44.729858156119946	0.013453793623673004	22.948838939628633	66.84422518221513	6.032131690456508	1.1457359442202808	REML_modified_Hartung_Knapp	0.014863840478336348
T-H	healthy_reference	HOXA2	cg19598584	3	Colonomics;GSE48684;GSE42752	estimated		0.007102723724210658	31.527895307577115	2.671348692814659	20.0340095624679	43.02178105268633	0.007102723724210658	8.69529716040817	36.24947556018006	3.13722909352375	1.0	REML_modified_Hartung_Knapp	0.010329836449302746
T-H	healthy_reference	RALYL	cg01134282	3	Colonomics;GSE48684;GSE42752	estimated		0.0024915378501823167	34.35598757853036	1.7181018642692254	26.963591902336347	41.748383254724374	0.0024915378501823167	0.0	0.0	0.5388064587528854	1.0	REML_modified_Hartung_Knapp	0.007263039169677176
T-H	healthy_reference	RALYL	cg06955749	3	Colonomics;GSE48684;GSE42752	estimated		0.003471475053217579	31.390019999681233	1.8543070267487363	23.411580809346045	39.36845919001642	0.003471475053217579	0.4935432304774395	25.401393851018824	2.6810152404266	1.2812145782478626	REML_modified_Hartung_Knapp	0.007425099419382044
T-H	healthy_reference	RALYL	cg08327106	3	Colonomics;GSE48684;GSE42752	estimated		0.00482923441341838	33.633033028648214	2.3457547589879004	23.54006491169121	43.72600114560522	0.00482923441341838	7.556911104524399	44.611398369770754	3.6108512241415154	1.0	REML_modified_Hartung_Knapp	0.008083718474635114
T-H	healthy_reference	RALYL	cg09757712	3	Colonomics;GSE48684;GSE42752	estimated		0.004130255539443455	35.378752197583275	2.2807597168420197	25.56543517613196	45.19206921903459	0.004130255539443455	4.8875499329821706	26.32755555889542	2.7147192076663686	1.0	REML_modified_Hartung_Knapp	0.007756821378954783
T-H	healthy_reference	RALYL	cg11089595	3	Colonomics;GSE48684;GSE42752	estimated		0.013898145299597873	34.024735123314066	4.05356519066144	16.583651790713358	51.46581845591477	0.013898145299597873	37.784163889055755	78.87231539553306	9.46625263223188	1.0	REML_modified_Hartung_Knapp	0.015072636451676566
T-H	healthy_reference	SFMBT2	cg01056653	3	Colonomics;GSE48684;GSE42752	estimated		0.006409692110155814	28.495054770631473	2.2923645983654533	18.631805974015556	38.35830356724739	0.006409692110155814	8.343794036904855	54.083902216600094	4.3557708441048355	1.0	REML_modified_Hartung_Knapp	0.010072373315959136
T-H	healthy_reference	SFMBT2	cg12328063	3	Colonomics;GSE48684;GSE42752	estimated		0.007574543390307365	28.102271009296576	2.459788653649455	17.51865464419615	38.685887374397	0.007574543390307365	9.052457864207673	49.436220134587664	3.955400496805186	1.0	REML_modified_Hartung_Knapp	0.010340174381813932
T-H	healthy_reference	SFMBT2	cg12767281	3	Colonomics;GSE48684;GSE42752	estimated		0.011500705853656236	34.892248579634824	3.7745272491721407	18.651768607671844	51.13272855159781	0.011500705853656236	31.8612514327245	82.81323774331396	11.63686312831816	1.0	REML_modified_Hartung_Knapp	0.013417490162598942
T-H	healthy_reference	SFMBT2	cg16818993	3	Colonomics;GSE48684;GSE42752	estimated		0.0015262101235907484	37.66872548602817	1.4732812193113947	31.32970802614794	44.007742945908404	0.0015262101235907484	0.0	0.0	0.20986777923639777	1.0	REML_modified_Hartung_Knapp	0.007263039169677176
T-H	healthy_reference	SFMBT2	cg20299663	3	Colonomics;GSE48684;GSE42752	estimated		0.023903825738342013	38.145008544943586	6.005758350671172	12.304315983532867	63.985701106354306	0.023903825738342013	94.35560151803682	88.18206966757909	16.92343704644515	1.0134334905712081	REML_modified_Hartung_Knapp	0.024541261091364466
T-H	healthy_reference	SFMBT2	cg20506550	3	Colonomics;GSE48684;GSE42752	estimated		0.009801996557018574	37.43793616108083	3.7340512225782887	21.371610475429136	53.50426184673252	0.009801996557018574	31.50499618359174	82.77336697343976	11.609929792527508	1.0	REML_modified_Hartung_Knapp	0.011793027107662972
T-H	healthy_reference	SFMBT2	cg22862480	3	Colonomics;GSE48684;GSE42752	estimated		0.012404614544566263	46.958317139735236	5.279272766694497	24.243439759306657	69.67319452016382	0.012404614544566263	69.16621356824263	87.88925000500123	16.514253872187247	1.0	REML_modified_Hartung_Knapp	0.014256049551217944
T-H	healthy_reference	SFMBT2	cg26878816	3	Colonomics;GSE48684;GSE42752	estimated		0.0014016258409277104	40.92686412279362	1.5338448408841125	34.327262431233244	47.52646581435399	0.0014016258409277104	0.0	0.0	0.0520615985506324	1.0	REML_modified_Hartung_Knapp	0.007263039169677176
T-H	healthy_reference	UNC5C	cg03008707	3	Colonomics;GSE48684;GSE42752	estimated		0.008974777147927878	26.695066835369232	2.5461355713863365	15.739929668967365	37.6502040017711	0.008974777147927878	9.737772436153104	56.16335169617469	4.562392603874039	1.1587644499667649	REML_modified_Hartung_Knapp	0.01151763067317411
T-H	healthy_reference	UNC5C	cg12584684	3	Colonomics;GSE48684;GSE42752	estimated		0.004096354641777521	41.93073137433981	2.6919604670950816	30.348160322359053	53.513302426320564	0.004096354641777521	9.285302909026798	46.40051437568992	3.7313790919905747	1.0657313457180007	REML_modified_Hartung_Knapp	0.007756821378954783
T-H	healthy_reference	UNC5C	cg13265789	3	Colonomics;GSE48684;GSE42752	estimated		0.0018503724949027554	36.68303711716752	1.5801496659511536	29.884201843634344	43.4818723907007	0.0018503724949027554	0.0	0.0	1.491327499899903	1.0	REML_modified_Hartung_Knapp	0.007263039169677176
T-H	healthy_reference	UNC5C	cg15701178	3	Colonomics;GSE48684;GSE42752	estimated		0.011487586316521052	30.220984535983533	3.2673076555287492	16.16289433316566	44.279074738801405	0.011487586316521052	19.22164837882365	64.20024942404602	5.586631101679693	1.1190929237564715	REML_modified_Hartung_Knapp	0.013417490162598942
T-H	healthy_reference	UNC5C	cg24870497	3	Colonomics;GSE48684;GSE42752	estimated		0.004094547395694021	34.09138339194212	2.188187084855148	24.67637425820427	43.50639252567996	0.004094547395694021	5.643861492179045	36.294495988075816	3.1394461609245674	1.0	REML_modified_Hartung_Knapp	0.007756821378954783
T-H	healthy_reference	ZNF568	cg02459604	3	Colonomics;GSE48684;GSE42752	estimated		0.008085843276394514	38.45550498826925	3.4791039192490056	23.486129013215965	53.42488096332253	0.008085843276394514	27.612223788803924	77.8513433461777	9.029893014549259	1.0	REML_modified_Hartung_Knapp	0.01073465400486858
T-H	healthy_reference	ZNF568	cg03060201	3	Colonomics;GSE48684;GSE42752	estimated		0.00737845460664482	40.98063290260303	3.5397703058304106	25.750230533724462	56.21103527148159	0.00737845460664482	27.421328510332728	75.4473598917395	8.145763515374949	1.0	REML_modified_Hartung_Knapp	0.010329836449302746
T-H	healthy_reference	ZNF568	cg03443751	3	Colonomics;GSE48684;GSE42752	estimated		0.016090335327478514	37.21143381756445	4.778038821985653	16.653192037553737	57.76967559757516	0.016090335327478514	52.807822428921554	82.62139782822086	11.508405453044851	1.0	REML_modified_Hartung_Knapp	0.017207719725220075
T-H	healthy_reference	ZNF568	cg06611358	3	Colonomics;GSE48684;GSE42752	estimated		0.0019142603265562166	44.86177398721147	1.9656272040067955	36.40436273232664	53.3191852420963	0.0019142603265562166	2.6240476808807167	6.751052538150111	2.144796326862823	1.0	REML_modified_Hartung_Knapp	0.007263039169677176
T-H	healthy_reference	ZNF568	cg20154403	3	Colonomics;GSE48684;GSE42752	estimated		0.00973773029539928	39.39482676402294	3.9161380314845964	22.545044772988863	56.244608755057016	0.00973773029539928	34.54875579160367	79.14981786366536	9.592242345522214	1.0	REML_modified_Hartung_Knapp	0.011793027107662972
T-H	healthy_reference	ZNF568	cg20680720	3	Colonomics;GSE48684;GSE42752	estimated		0.013512582253033045	42.80412509315492	5.0267948444335975	21.17557253413021	64.43267765217963	0.013512582253033045	49.170924193262394	69.38437966472989	6.532613019426361	1.0932658694242656	REML_modified_Hartung_Knapp	0.014863840478336348
T-H	healthy_reference	ZNF568	cg21761844	3	Colonomics;GSE48684;GSE42752	estimated		0.00470023364682879	37.05532996795776	2.5494446308166756	26.08595506796522	48.024704867950305	0.00470023364682879	11.058218511689757	59.3949078978794	4.925490613271014	1.0386134485778633	REML_modified_Hartung_Knapp	0.00804262201790704
T-H	healthy_reference	ZNF568	cg27390819	3	Colonomics;GSE48684;GSE42752	estimated		0.0031784800230082806	35.70420665829239	2.017745334741418	27.022549185935574	44.38586413064921	0.0031784800230082806	0.7877372686456073	27.48015969970448	2.757865973943478	1.3001841752554362	REML_modified_Hartung_Knapp	0.007416453387019321
T-H	healthy_reference	ZNF793	cg07482795	3	Colonomics;GSE48684;GSE42752	estimated		0.0030515392374769273	36.398537608713205	2.015297368062949	27.727412886867707	45.0696623305587	0.0030515392374769273	0.0	0.0	0.7882496348045923	1.0	REML_modified_Hartung_Knapp	0.007416453387019321
T-H	healthy_reference	ZNF793	cg11623861	3	Colonomics;GSE48684;GSE42752	estimated		0.00611605730369429	31.11797920708059	2.444817384957533	20.598779012084478	41.637179402076704	0.00611605730369429	6.75061708363759	30.41100172798511	2.8740175166514748	1.0	REML_modified_Hartung_Knapp	0.00981117525800959
T-H	healthy_reference	ZNF793	cg13181745	3	Colonomics;GSE48684;GSE42752	estimated		0.002543195609783152	37.68128938514943	1.9039048525117457	29.489447974408034	45.873130795890816	0.002543195609783152	0.0	0.0	1.211458687165193	1.0	REML_modified_Hartung_Knapp	0.007263039169677176
T-H	healthy_reference	ZNF793	cg14732998	3	Colonomics;GSE48684;GSE42752	estimated		0.0018701634286498814	42.693381060971085	1.848886053052608	34.73826643790716	50.64849568403501	0.0018701634286498814	0.0	0.0	0.9466458682765477	1.0	REML_modified_Hartung_Knapp	0.007263039169677176
T-H	healthy_reference	ZNF793	cg15139588	3	Colonomics;GSE48684;GSE42752	estimated		0.007071974525077871	42.572449447226354	3.5992500782671066	27.086126273111336	58.058772621341376	0.007071974525077871	25.059662775451955	68.84576897767829	6.419673779035083	1.0	REML_modified_Hartung_Knapp	0.010329836449302746
T-H	healthy_reference	ZNF793	cg17332326	3	Colonomics;GSE48684;GSE42752	estimated		0.0020526952183428974	39.703480133458086	1.8016076548110669	31.951788039643784	47.455172227272385	0.0020526952183428974	0.0	0.0	1.3397795978183415	1.0	REML_modified_Hartung_Knapp	0.007263039169677176
T-H	healthy_reference	ZNF793	cg24078985	3	Colonomics;GSE48684;GSE42752	estimated		0.002532603083754572	39.60028533432708	1.9966779570174147	31.009273472241986	48.19129719641218	0.002532603083754572	0.0	0.0	1.1082259407051869	1.0	REML_modified_Hartung_Knapp	0.007263039169677176
T-H	healthy_reference	ZNF793	cg25361907	3	Colonomics;GSE48684;GSE42752	estimated		0.0031308923184126865	37.408925961293534	2.098123115986102	28.381430809057356	46.43642111352971	0.0031308923184126865	0.0	13.995880278464506	2.325469996641566	1.162734998320783	REML_modified_Hartung_Knapp	0.007416453387019321
T-N	tissue_replication	ADHFE1	cg01588438	4	Colonomics;GSE42752;GSE193535;GSE77718	estimated		0.005684073637672868	42.401678181211096	5.948792394834753	23.469965803366115	61.33339055905608	0.005684073637672868	129.8985527328044	93.2432818689431	44.40025381864993	1.025011984547341	REML_modified_Hartung_Knapp	0.02000239395535002
T-N	tissue_replication	ADHFE1	cg08090772	4	Colonomics;GSE42752;GSE193535;GSE77718	estimated		0.004454076489298597	34.66435143521108	4.467928210000382	20.445409811020035	48.88329305940213	0.004454076489298597	69.63920277885954	89.18327020870629	27.734815030830063	1.0475641650483796	REML_modified_Hartung_Knapp	0.018882819681415856
T-N	tissue_replication	ADHFE1	cg09383816	4	Colonomics;GSE42752;GSE193535;GSE77718	estimated		0.0067048509132555285	40.96410217824451	6.088997486455768	21.586194624588188	60.34200973190083	0.0067048509132555285	136.28965214469736	92.74468380553257	41.34899044493284	1.0262063064235312	REML_modified_Hartung_Knapp	0.020227402865351577
T-N	tissue_replication	ADHFE1	cg18065361	4	Colonomics;GSE42752;GSE193535;GSE77718	estimated		0.0022152791067768783	46.04012054775747	4.667330583416673	31.18659157702283	60.893649518492104	0.0022152791067768783	77.99361145897556	90.03874752609009	30.116694741524476	1.0118672646902303	REML_modified_Hartung_Knapp	0.018882819681415856
T-N	tissue_replication	ADHFE1	cg19283840	4	Colonomics;GSE42752;GSE193535;GSE77718	estimated		0.007869623885265659	34.09773190145816	5.362223077811659	17.03274487936644	51.16271892354988	0.007869623885265659	105.7082791404255	92.39150351713712	39.42960355908818	1.029575164625652	REML_modified_Hartung_Knapp	0.02164146568448056
T-N	tissue_replication	ADHFE1	cg20295442	4	Colonomics;GSE42752;GSE193535;GSE77718	estimated		0.0024122874672600843	46.78695194246288	4.883174299308378	31.24651193556986	62.3273919493559	0.0024122874672600843	88.23477361816948	92.72486280983698	41.236335777370755	1.0132378447473138	REML_modified_Hartung_Knapp	0.018882819681415856
T-N	tissue_replication	ADHFE1	cg20912169	4	Colonomics;GSE42752;GSE193535;GSE77718	estimated		0.001259162465539926	45.576171762584416	3.812584838959755	33.44282522825415	57.70951829691468	0.001259162465539926	51.105866258139315	88.09407863389829	25.197545891253206	1.0094650156173204	REML_modified_Hartung_Knapp	0.018882819681415856
T-N	tissue_replication	ADHFE1	cg25046651	4	Colonomics;GSE42752;GSE193535;GSE77718	estimated		0.0029125958899040225	30.33029104533265	3.3767226497818283	19.584052524564783	41.07652956610052	0.0029125958899040225	37.32903817993674	83.64642292699295	18.344610396900585	1.0631696082060804	REML_modified_Hartung_Knapp	0.018882819681415856
T-N	tissue_replication	BEND5	cg03603214	3	Colonomics;GSE42752;GSE193535	estimated		0.042127032179921295	27.83304108061445	5.900793720875714	2.4439748701147046	53.2221072911142	0.042127032179921295	92.34638329964615	90.16838987912097	20.342547918500898	1.0	REML_modified_Hartung_Knapp	0.048221258136235914
T-N	tissue_replication	BEND5	cg06744574	3	Colonomics;GSE42752;GSE193535	estimated		0.03488921687938476	33.230882500497685	6.3751269742557195	5.800925022556807	60.66083997843856	0.03488921687938476	113.16769492099984	94.00120663494276	33.34003820918264	1.0	REML_modified_Hartung_Knapp	0.04333015644697785
T-N	tissue_replication	BEND5	cg11666087	4	Colonomics;GSE42752;GSE193535;GSE77718	estimated		0.005831890405380882	41.350803743137995	5.8535852360253475	22.72208303608262	59.97952445019337	0.005831890405380882	125.94089827105454	93.3674281796665	45.23132325236021	1.0	REML_modified_Hartung_Knapp	0.02000239395535002
T-N	tissue_replication	BEND5	cg16573178	4	Colonomics;GSE42752;GSE193535;GSE77718	estimated		0.006234512401667539	40.496738052633525	5.8680542864808345	21.821970369415112	59.17150573585194	0.006234512401667539	126.85865224771928	93.77440692156932	48.18818002085399	1.0	REML_modified_Hartung_Knapp	0.02000239395535002
T-N	tissue_replication	EYA4	cg01328892	4	Colonomics;GSE42752;GSE193535;GSE77718	estimated		0.012700452568838868	31.210933118856204	5.821735968221779	12.683570996448303	49.738295241264105	0.012700452568838868	127.99363198677293	94.89085229657013	58.71820847900015	1.011032112888156	REML_modified_Hartung_Knapp	0.028787489180011377
T-N	tissue_replication	EYA4	cg05493394	3	Colonomics;GSE42752;GSE193535	estimated		0.10141255323362754	24.903182954541734	8.598855980317847	-12.094708201436845	61.90107411052031	0.10141255323362754	212.66860533136645	97.17100332422851	70.69644220966029	1.0	REML_modified_Hartung_Knapp	0.10552387295931515
T-N	tissue_replication	EYA4	cg06181518	3	Colonomics;GSE42752;GSE193535	estimated		0.032339622819093	31.056943136639156	5.724839244693564	6.424947933386793	55.68893833989152	0.032339622819093	89.4558775533409	92.61752256985801	27.091176626347462	1.0	REML_modified_Hartung_Knapp	0.04230770068784708
T-N	tissue_replication	EYA4	cg11664500	4	Colonomics;GSE42752;GSE193535;GSE77718	estimated		0.003552731614926585	40.15596736162792	4.786754938371817	24.922376793705332	55.38955792955051	0.003552731614926585	82.93796967664782	91.14725108412779	33.88777913514817	1.0095426733852597	REML_modified_Hartung_Knapp	0.018882819681415856
T-N	tissue_replication	EYA4	cg14017655	4	Colonomics;GSE42752;GSE193535;GSE77718	estimated		0.004904628488679443	34.730722413876705	4.62868290228969	20.000187613152445	49.46125721460096	0.004904628488679443	76.68891782534706	91.55074224397228	35.50607741679785	1.0	REML_modified_Hartung_Knapp	0.018882819681415856
T-N	tissue_replication	EYA4	cg14270292	4	Colonomics;GSE42752;GSE193535;GSE77718	estimated		0.01887701640210446	31.668785084822023	6.8266572826508485	9.943314838207925	53.39425533143612	0.01887701640210446	179.4765722142771	96.63589554009954	89.17677901383513	1.000973943513471	REML_modified_Hartung_Knapp	0.03244538873715979
T-N	tissue_replication	EYA4	cg14287112	4	Colonomics;GSE42752;GSE193535;GSE77718	estimated		0.0038973743083542496	39.63220392906407	4.877661306475916	24.109308725841778	55.15509913228636	0.0038973743083542496	87.06347455356094	92.14317186352923	38.183347629487265	1.0050668463535075	REML_modified_Hartung_Knapp	0.018882819681415856
T-N	tissue_replication	EYA4	cg14343214	3	Colonomics;GSE42752;GSE193535	estimated		0.04192685316803663	36.79147817065203	7.780260900562303	3.315717369099474	70.26723897220458	0.04192685316803663	168.52486561276967	95.0681987053079	40.55313425041107	1.0	REML_modified_Hartung_Knapp	0.048221258136235914
T-N	tissue_replication	EYA4	cg17838029	3	Colonomics;GSE42752;GSE193535	estimated		0.012886732140363484	20.731225627584255	2.37643370547991	10.506256657759202	30.956194597409308	0.012886732140363484	12.02086623510907	72.87435674643982	7.373097040703373	1.0051981144655693	REML_modified_Hartung_Knapp	0.028787489180011377
T-N	tissue_replication	EYA4	cg20286200	4	Colonomics;GSE42752;GSE193535;GSE77718	estimated		0.012724239703537763	31.303791010705673	5.842999880564132	12.708757629027964	49.89882439238338	0.012724239703537763	130.0801748876892	95.78119888873623	71.11024959176925	1.0129381562289625	REML_modified_Hartung_Knapp	0.028787489180011377
T-N	tissue_replication	EYA4	cg20330472	4	Colonomics;GSE42752;GSE193535;GSE77718	estimated		0.03320609647521051	25.62537161691143	6.8406275778799674	3.855441655861693	47.39530157796116	0.03320609647521051	179.8339731424528	97.54281521810901	122.09094009166368	1.0	REML_modified_Hartung_Knapp	0.04230770068784708
T-N	tissue_replication	EYA4	cg20980055	3	Colonomics;GSE42752;GSE193535	estimated		0.02305692364667152	31.576565849700316	4.879534598576373	10.581622989488917	52.57150870991171	0.02305692364667152	64.55260994676311	91.1167262758302	22.51422237005211	1.0022869600239386	REML_modified_Hartung_Knapp	0.03629534651135304
T-N	tissue_replication	EYA4	cg21607030	4	Colonomics;GSE42752;GSE193535;GSE77718	estimated		0.02116277013125967	33.62372189741199	7.5623439097115215	9.556968462661612	57.690475332162364	0.02116277013125967	220.66349873812425	96.74142175947922	92.06469136430914	1.0	REML_modified_Hartung_Knapp	0.03542463695884771
T-N	tissue_replication	EYA4	cg22871668	4	Colonomics;GSE42752;GSE193535;GSE77718	estimated		0.0035645451103035078	40.67471891849009	4.8541427344706465	25.226670307851535	56.12276752912865	0.0035645451103035078	85.48750575611179	91.47998282365064	35.211196619740114	1.005511590701855	REML_modified_Hartung_Knapp	0.018882819681415856
T-N	tissue_replication	EYA4	cg24675448	4	Colonomics;GSE42752;GSE193535;GSE77718	estimated		0.023097038689042844	29.007959659168584	6.741301010154385	7.554131166593692	50.46178815174348	0.023097038689042844	174.16258443175718	96.31519065329802	81.41533842680602	1.0	REML_modified_Hartung_Knapp	0.03629534651135304
T-N	tissue_replication	EYA4	cg26449787	4	Colonomics;GSE42752;GSE193535;GSE77718	estimated		0.017495944246351598	31.69318435753246	6.643136939968197	10.551757747433268	52.83461096763165	0.017495944246351598	169.18247968306875	96.11123033325043	77.1452221933102	1.00101069058539	REML_modified_Hartung_Knapp	0.03244538873715979
T-N	tissue_replication	EYA4	cg26656135	3	Colonomics;GSE42752;GSE193535	estimated		0.06234600102374657	24.377110783320894	6.389502415633814	-3.1146992267060263	51.86892079334781	0.06234600102374657	116.25097508723366	95.34452589230801	42.9601787859911	1.0044926693138534	REML_modified_Hartung_Knapp	0.06761467716659839
T-N	tissue_replication	GFRA1	cg06298519	4	Colonomics;GSE42752;GSE193535;GSE77718	estimated		0.015647007717824023	35.54202645489527	7.151091563437549	12.784061530083981	58.29999137970656	0.015647007717824023	196.79786202178107	96.56946376335388	87.44988517984478	1.0	REML_modified_Hartung_Knapp	0.030892810109549994
T-N	tissue_replication	GFRA1	cg18044663	3	Colonomics;GSE42752;GSE193535	estimated		0.052596878392409646	33.18213101184943	7.926151702785976	-0.9213472481283773	67.28560927182724	0.052596878392409646	178.41829454623033	96.61130487085124	59.01976789816426	1.0	REML_modified_Hartung_Knapp	0.05869506719152961
T-N	tissue_replication	GFRA1	cg18672939	4	Colonomics;GSE42752;GSE193535;GSE77718	estimated		0.00683003213635248	41.05620944682712	6.142436427826485	21.508235331647253	60.60418356200698	0.00683003213635248	139.58233303316305	94.00849720396926	50.07091045651265	1.0	REML_modified_Hartung_Knapp	0.020227402865351577
T-N	tissue_replication	GFRA1	cg19236679	4	Colonomics;GSE42752;GSE193535;GSE77718	estimated		0.006040313148845047	35.48577635327041	5.085352484513937	19.301915127860884	51.66963757867994	0.006040313148845047	93.233342465914	91.98549564515174	37.43213388093295	1.0	REML_modified_Hartung_Knapp	0.02000239395535002
T-N	tissue_replication	GFRA1	cg19485539	4	Colonomics;GSE42752;GSE193535;GSE77718	estimated		0.015442970240674576	35.17529566063156	7.043476603138608	12.759809568616951	57.59078175264617	0.015442970240674576	190.30060538904158	96.47589452076153	85.12798546110136	1.0	REML_modified_Hartung_Knapp	0.030892810109549994
T-N	tissue_replication	GFRA1	cg27034576	3	Colonomics;GSE42752;GSE193535	estimated		0.11579630608128405	23.58482703940623	8.810015066840675	-14.321608336599944	61.4912624154124	0.11579630608128405	226.08317067159004	98.15560648647957	108.43672921959964	1.0	REML_modified_Hartung_Knapp	0.11731994168761674
T-N	tissue_replication	HOXA2	cg00188704	4	Colonomics;GSE42752;GSE193535;GSE77718	estimated		0.0021505652026093647	28.063228764777886	2.816264617201807	19.100617839061197	37.02583969049458	0.0021505652026093647	25.215537737810504	89.03509113940092	27.36000853395227	1.0	REML_modified_Hartung_Knapp	0.018882819681415856
T-N	tissue_replication	HOXA2	cg02803819	4	Colonomics;GSE42752;GSE193535;GSE77718	estimated		0.003278310064115839	33.32123962698141	3.8635893988248413	21.025573819555845	45.61690543440697	0.003278310064115839	52.51543428873386	90.91632700287614	33.02628794486418	1.0	REML_modified_Hartung_Knapp	0.018882819681415856
T-N	tissue_replication	HOXA2	cg03763508	4	Colonomics;GSE42752;GSE193535;GSE77718	estimated		0.0017569876668114468	28.982414268759555	2.7148825946537003	20.342446186123333	37.62238235139578	0.0017569876668114468	22.056945294801263	86.82550793460271	22.771276380965606	1.0	REML_modified_Hartung_Knapp	0.018882819681415856
T-N	tissue_replication	HOXA2	cg04481096	3	Colonomics;GSE42752;GSE77718	estimated		0.013696336731474391	31.11647911403474	3.679508750488325	15.284830744805307	46.94812748326417	0.013696336731474391	33.54984760414696	88.70323450151943	17.704182673075785	1.0	REML_modified_Hartung_Knapp	0.02929494245343134
T-N	tissue_replication	HOXA2	cg06786372	4	Colonomics;GSE42752;GSE193535;GSE77718	estimated		0.0017404954133994305	32.37743320458531	3.0231874749272523	22.756301394821413	41.998565014349204	0.0017404954133994305	28.598094796438204	86.62551096979051	22.430763472337386	1.0085315899004315	REML_modified_Hartung_Knapp	0.018882819681415856
T-N	tissue_replication	HOXA2	cg09871315	4	Colonomics;GSE42752;GSE193535;GSE77718	estimated		0.0020049941891783375	27.827329725196194	2.7266059988435556	19.150052538210613	36.50460691218177	0.0020049941891783375	21.688719320410566	82.0723488925681	16.73392672594098	1.0	REML_modified_Hartung_Knapp	0.018882819681415856
T-N	tissue_replication	HOXA2	cg13661519	4	Colonomics;GSE42752;GSE193535;GSE77718	estimated		0.00271481349936129	28.57204978814481	3.1051744755167237	18.689998751273613	38.454100825016006	0.00271481349936129	33.29423026772745	90.1014974175238	30.307614459898673	1.0	REML_modified_Hartung_Knapp	0.018882819681415856
T-N	tissue_replication	HOXA2	cg19598584	4	Colonomics;GSE42752;GSE193535;GSE77718	estimated		0.004122122691664705	29.645251886990557	3.7199208972891613	17.806803371462948	41.48370040251817	0.004122122691664705	45.61375045081563	84.92719306513565	19.903392997496795	1.0042015819685453	REML_modified_Hartung_Knapp	0.018882819681415856
T-N	tissue_replication	RALYL	cg01134282	3	Colonomics;GSE42752;GSE193535	estimated		0.1042927660620303	24.661090296597596	8.656531635701668	-12.584959175455193	61.90713976865038	0.1042927660620303	216.71656949639475	97.23582127300371	72.35422154389069	1.0	REML_modified_Hartung_Knapp	0.10707390649035112
T-N	tissue_replication	RALYL	cg06955749	4	Colonomics;GSE42752;GSE193535;GSE77718	estimated		0.03293355795849274	23.542558686275378	6.264534088061672	3.606015323396189	43.47910204915456	0.03293355795849274	151.0136809950221	96.90477468660141	96.92347717026036	1.0	REML_modified_Hartung_Knapp	0.04230770068784708
T-N	tissue_replication	RALYL	cg08327106	4	Colonomics;GSE42752;GSE193535;GSE77718	estimated		0.029264520835069436	25.6410091529159	6.518832283432123	4.895175437739564	46.38684286809223	0.029264520835069436	163.52841890195032	96.65332334570913	89.64116674234448	1.0	REML_modified_Hartung_Knapp	0.04097032916909721
T-N	tissue_replication	RALYL	cg09757712	4	Colonomics;GSE42752;GSE193535;GSE77718	estimated		0.029207220801334057	27.476148760634157	6.980137697149893	5.262235335964075	49.69006218530424	0.029207220801334057	187.52899494647036	96.98602649292926	99.53637591578145	1.0	REML_modified_Hartung_Knapp	0.04097032916909721
T-N	tissue_replication	RALYL	cg11089595	3	Colonomics;GSE42752;GSE193535	estimated		0.07254307051278569	26.12025304895154	7.446615668825146	-5.919948185517036	58.160454283420115	0.07254307051278569	156.87204058380885	95.33346663909722	42.85836712872196	1.0	REML_modified_Hartung_Knapp	0.07758078374284025
T-N	tissue_replication	SFMBT2	cg01056653	4	Colonomics;GSE42752;GSE193535;GSE77718	estimated		0.007325266979016388	26.36107015941243	4.042137171156924	13.497185653611897	39.22495466521296	0.007325266979016388	58.57610673991011	93.76923983536655	48.148218206638205	1.0	REML_modified_Hartung_Knapp	0.020890576199417105
T-N	tissue_replication	SFMBT2	cg12328063	4	Colonomics;GSE42752;GSE193535;GSE77718	estimated		0.004576637644038407	27.626605733519238	3.594490164222361	16.18733379100916	39.06587767602932	0.004576637644038407	43.61417116181352	86.04985402293363	21.50515130760576	1.0005254145252904	REML_modified_Hartung_Knapp	0.018882819681415856
T-N	tissue_replication	SFMBT2	cg12767281	3	Colonomics;GSE42752;GSE193535	estimated		0.03763378175761653	32.20879214498142	6.431289089708298	4.537188587682998	59.88039570227985	0.03763378175761653	112.00478276427935	94.05861120784465	33.662163342023305	1.0	REML_modified_Hartung_Knapp	0.04458155685133035
T-N	tissue_replication	SFMBT2	cg16818993	3	Colonomics;GSE42752;GSE193535	estimated		0.08301204992887802	27.03689480556933	8.316841894772166	-8.747587675423365	62.821377286562026	0.08301204992887802	198.9563348958349	97.4025621094914	76.99895375008879	1.0	REML_modified_Hartung_Knapp	0.08756065540443297
T-N	tissue_replication	SFMBT2	cg20299663	4	Colonomics;GSE42752;GSE193535;GSE77718	estimated		0.027697648200503723	32.19982918474532	8.015727302725724	6.690207446019649	57.70945092347099	0.027697648200503723	247.9104893934464	96.75480425891249	92.44434663884562	1.0	REML_modified_Hartung_Knapp	0.04023997946110919
T-N	tissue_replication	SFMBT2	cg20506550	4	Colonomics;GSE42752;GSE193535;GSE77718	estimated		0.003916724036958317	35.592227000079404	4.387947993928608	21.62781811902181	49.556635881137	0.003916724036958317	68.25105526025071	90.85738277158424	32.81336104366082	1.0	REML_modified_Hartung_Knapp	0.018882819681415856
T-N	tissue_replication	SFMBT2	cg22862480	4	Colonomics;GSE42752;GSE193535;GSE77718	estimated		0.004678378211166129	42.8662692984339	5.620018734190718	24.98086144218031	60.751677154687485	0.004678378211166129	115.70680405054956	93.74451670254658	47.95792518895033	1.0	REML_modified_Hartung_Knapp	0.018882819681415856
T-N	tissue_replication	SFMBT2	cg26878816	4	Colonomics;GSE42752;GSE193535;GSE77718	estimated		0.018157647841023954	32.91626855816444	6.994488663153379	10.656683954759306	55.17585316156958	0.018157647841023954	187.52103245875222	96.87946634840064	96.13740260299433	1.0	REML_modified_Hartung_Knapp	0.03244538873715979
T-N	tissue_replication	UNC5C	cg03008707	4	Colonomics;GSE42752;GSE193535;GSE77718	estimated		0.017980543487738396	22.690623776990787	4.804215729286317	7.401465179535007	37.979782374446565	0.017980543487738396	87.40275321047655	94.77846530874955	57.45437265842548	1.0	REML_modified_Hartung_Knapp	0.03244538873715979
T-N	tissue_replication	UNC5C	cg12584684	4	Colonomics;GSE42752;GSE193535;GSE77718	estimated		0.01896159082041806	33.947032586800304	7.329874953587551	10.620099122559942	57.27396605104067	0.01896159082041806	204.58751472621725	96.60387753715284	88.33603713703907	1.0	REML_modified_Hartung_Knapp	0.03244538873715979
T-N	tissue_replication	UNC5C	cg13265789	4	Colonomics;GSE42752;GSE193535;GSE77718	estimated		0.009954475091138153	31.86591936656841	5.4467772841609525	14.531843122884133	49.199995610252685	0.009954475091138153	109.8473685180008	92.93336430889863	42.45301627445908	1.0080980430430118	REML_modified_Hartung_Knapp	0.025549819400587925
T-N	tissue_replication	UNC5C	cg15701178	4	Colonomics;GSE42752;GSE193535;GSE77718	estimated		0.031076726886698797	23.545766913148626	6.126178229725258	4.049533640446594	43.042000185850654	0.031076726886698797	143.42607543717085	97.1165376778762	104.0415883704127	1.0	REML_modified_Hartung_Knapp	0.04230770068784708
T-N	tissue_replication	UNC5C	cg24870497	3	Colonomics;GSE42752;GSE193535	estimated		0.02573577774756977	30.59801094037023	5.005791191455139	9.059829806166874	52.136192074573586	0.02573577774756977	64.96886039148492	91.94343999118426	24.824490822528954	1.0	REML_modified_Hartung_Knapp	0.03885597816789946
T-N	tissue_replication	ZNF568	cg02459604	4	Colonomics;GSE42752;GSE193535;GSE77718	estimated		0.021730383420211975	28.182906387959015	6.401592814805568	7.810180986546751	48.555631789371276	0.021730383420211975	159.07617462958942	97.29159876741687	110.76645379971085	1.0	REML_modified_Hartung_Knapp	0.03560084092247494
T-N	tissue_replication	ZNF568	cg03060201	3	Colonomics;GSE42752;GSE193535	estimated		0.05995238498767639	35.31828655972005	9.060333900479655	-3.665183829137227	74.30175694857732	0.05995238498767639	234.35316329786684	96.19249271919783	52.527805004712775	1.0	REML_modified_Hartung_Knapp	0.06594762348644402
T-N	tissue_replication	ZNF568	cg03443751	4	Colonomics;GSE42752;GSE193535;GSE77718	estimated		0.012622745332926706	33.68135430151356	6.268647927143127	13.73171886664906	53.630989736378055	0.012622745332926706	143.6566657456809	94.0220253697498	50.18422100386935	1.0	REML_modified_Hartung_Knapp	0.028787489180011377
T-N	tissue_replication	ZNF568	cg06611358	4	Colonomics;GSE42752;GSE193535;GSE77718	estimated		0.016639667183093527	33.71206963128363	6.937289245443141	11.634519103434858	55.78962015913241	0.016639667183093527	184.0630067072699	95.842098393161	72.15177951939845	1.0044599697315773	REML_modified_Hartung_Knapp	0.03203135932745504
T-N	tissue_replication	ZNF568	cg20154403	4	Colonomics;GSE42752;GSE193535;GSE77718	estimated		0.027013912546970942	32.378498751479064	7.983765424514653	6.970593973976165	57.786403528981964	0.027013912546970942	245.3688661339218	97.32773174279065	112.26417826528014	1.0	REML_modified_Hartung_Knapp	0.040001370502245434
T-N	tissue_replication	ZNF568	cg20680720	3	Colonomics;GSE42752;GSE77718	estimated		0.0025388590075288682	47.32583071543866	2.3891626896982086	37.046093346920486	57.60556808395684	0.0025388590075288682	5.675030838969369	24.07823339559153	2.6342906513503968	1.0	REML_modified_Hartung_Knapp	0.018882819681415856
T-N	tissue_replication	ZNF568	cg21761844	4	Colonomics;GSE42752;GSE193535;GSE77718	estimated		0.009325053912270585	33.04526585087745	5.518570722153043	15.48271084571159	50.607820856043304	0.009325053912270585	113.15857791962394	93.41182971040224	45.536163579997094	1.0124962525804257	REML_modified_Hartung_Knapp	0.024759625904994313
T-N	tissue_replication	ZNF568	cg27390819	4	Colonomics;GSE42752;GSE193535;GSE77718	estimated		0.024900610927150808	26.305438553105933	6.288910089582568	6.29131987424897	46.3195572319629	0.024900610927150808	151.2711897691985	96.10259028217489	76.97420125677985	1.0	REML_modified_Hartung_Knapp	0.038346940827812245
T-N	tissue_replication	ZNF793	cg07482795	4	Colonomics;GSE42752;GSE193535;GSE77718	estimated		0.0425850071852473	28.465245544126653	8.381883252291027	1.7903521565490301	55.14013893170427	0.0425850071852473	271.5156380451657	98.33935197673132	180.6523693139418	1.0	REML_modified_Hartung_Knapp	0.048221258136235914
T-N	tissue_replication	ZNF793	cg11623861	4	Colonomics;GSE42752;GSE193535;GSE77718	estimated		0.01496578112437207	30.280672868584563	5.994401245841518	11.203812771364841	49.35753296580428	0.01496578112437207	133.403775339202	95.9517809306276	74.10666143779372	1.0	REML_modified_Hartung_Knapp	0.030892810109549994
T-N	tissue_replication	ZNF793	cg13181745	4	Colonomics;GSE42752;GSE193535;GSE77718	estimated		0.03718191830470553	28.240457122748527	7.8796854289763765	3.1637813425004175	53.31713290299663	0.03718191830470553	239.5238377996378	97.79931202879396	136.3210068511397	1.0	REML_modified_Hartung_Knapp	0.04458155685133035
T-N	tissue_replication	ZNF793	cg14732998	4	Colonomics;GSE42752;GSE193535;GSE77718	estimated		0.03213290943117852	32.38014562551667	8.534305940012379	5.220175218558737	59.5401160324746	0.03213290943117852	283.7827181226381	97.89034576864022	142.20339785569277	1.0	REML_modified_Hartung_Knapp	0.04230770068784708
T-N	tissue_replication	ZNF793	cg15139588	4	Colonomics;GSE42752;GSE193535;GSE77718	estimated		0.013085222354550625	37.49276944689614	7.0692493207115366	14.995263065064425	59.99027582872786	0.013085222354550625	189.24087531963275	95.77452362289061	70.99791200471171	1.0	REML_modified_Hartung_Knapp	0.028787489180011377
T-N	tissue_replication	ZNF793	cg17332326	4	Colonomics;GSE42752;GSE193535;GSE77718	estimated		0.03351649015530743	30.845676460781938	8.264023499978453	4.5458654064931885	57.145487515070684	0.03351649015530743	265.9410690945661	98.08856625576142	156.95024789860364	1.0	REML_modified_Hartung_Knapp	0.04230770068784708
T-N	tissue_replication	ZNF793	cg24078985	4	Colonomics;GSE42752;GSE193535;GSE77718	estimated		0.03669354489631629	30.337473483351836	8.420884860696642	3.5384595712036244	57.13648739550005	0.03669354489631629	274.1862417875194	98.13052159960222	160.47256814316046	1.0	REML_modified_Hartung_Knapp	0.04458155685133035
T-N	tissue_replication	ZNF793	cg25361907	3	Colonomics;GSE42752;GSE193535	estimated		0.1355035971756301	24.882276964372256	10.229822981916215	-19.13309881307787	68.89765274182238	0.1355035971756301	302.3660095665011	97.62540925424337	84.2250397704942	1.0	REML_modified_Hartung_Knapp	0.1355035971756301
