analysis	input_location_under_workspace	access	source_and_scope
Local paired PSQ and clinical	114_ML_DataDriven_20260905/data/derived/clinical.tsv; methylation_wide.tsv; assay_primers.tsv	restricted patient records; aggregate primer table supplied	Author-provided clinical and PSQ workbooks; final gene-level percentages only; no per-CpG pyrogram reconstruction
Local tissue and recurrence ML	114_ML_DataDriven_20260905/data/ml/tissue.tsv; recurrence.tsv	restricted patient records	Prepared by current scripts/prepare_local_reproduction.py from verified clinical/PSQ workbooks; see RUN_INSTRUCTIONS.md
Retained recurrence diagnostics	114_ML_DataDriven_20260905/results/ml/recurrence/	restricted OOF predictions and derived model outputs	Regenerate with supplied R runner after authorized patient inputs are installed; current revision script defines final reporting
Stage sensitivity	119_Figure1_ABC_Revision_20260908/baseline_114/data/; private/ clinical source	restricted patient records	Same verified 114 clinical and recurrence inputs; stageprep.R defines exact required paths
Korean CpG paired analysis	000_CMCBSN_catholic_beta/processed_beta.txt; 000_SNUH_seoul_beta/processed_beta.txt; 000_ASAN_seoul_beta/processed_beta.txt; 120_Korean_External_Validation_20260908/data/raw/kbds/*_browse_sample_titles.tsv; registry/cohort_manifest.tsv (under120)	public deposited matrices; sample-level inputs not re-distributed	KBDS KAP240422 KAP240419 KAP240421; original processed beta files and source metadata; current preparation scripts
CMC expression and CMS	120_Korean_External_Validation_20260908/data/derived/CMCBSN_rna_samples.tsv; review/cmc_metadata/CMCBSN_cms_source_labels.tsv; data/raw/cmc_rna/CMCBSN_log2cpm_342.txt (all under120)	public deposited transcriptome/CMS metadata	KAP240422-related RNA and source CMS records; exact sample-ID linkage limitations documented
Public tissue and lesion contrasts	119_Figure1_ABC_Revision_20260908/data/derived/*_beta.tsv.gz; *_samples.tsv	public GEO/Colonomics inputs	GSE42752 GSE193535 GSE77718 GSE48684 GSE77954 and Colonomics; current prepare_public_inputs.py copies these to current data/public_inputs/data/derived and uses115/data/raw/GSE77954_series_matrix.txt.gz to repair pairing
Public molecular contexts	119_Figure1_ABC_Revision_20260908/data/derived/ and 115_Public_Biology_20260905/data/raw/	public deposited expression/methylation/stromal/CMS files	Colonomics ColoCare GSE101764/GSE106582 and MATCH GSE164811; accession table in Supplementary Analyses
Public tissue ML	119_Figure1_ABC_Revision_20260908/data/derived/; 114_ML_DataDriven_20260905/data/public/processed/	public paired methylation	Colonomics and GSE119526; exact files defined in analyze_public_cpg_ml.py
TCGA CpG support	102_ML_revised_20260902/external/data/tcga/beta_archived.zip; gdc_sample_map.json	public GDC data; original download snapshot required	TCGA-COAD and TCGA-READ methylation; no matched RNA analysis is claimed
Probe annotations	115_Public_Biology_20260905/data/raw/zhou_HM450.hg19.manifest.tsv.gz	public archived annotation	Frozen annotation version/hash retained; legacy mask flags are sensitivity criteria rather than proof of measurement failure
Figure and document regeneration	Current results/ and retained aggregate source tables	public aggregate tables in Supplementary_Data_1	Use scripts/restore_aggregate_inputs.py with extracted Supplementary_Data_1 and the code workspace; it verifies source paths and checksums; private point-level plot inputs require authorized access
131 common-change and tissue-correlation sensitivities	Explicit input-path configuration; see 131_Final_Integrated_20260915/analysis/common_axis/public/RUN_INSTRUCTIONS.md	Public deposited candidate matrices and source pairing plus authorized derived full-array delta caches; patient-level files not redistributed	ASAN128, SNUH142 and CMCBSN103 source-defined pairs; source-selected membership fixed; exact cache alignment checked against candidate beta differences
131 local QC correlation sensitivity	Explicit local.tissue and local.exclusions paths in the authorized configuration	Restricted original gene-level tissue values and approved exclusion identifiers	87 complete original pairs and the two previously selected complete-patient exclusions; no identifiers or default exclusion list supplied
131 Figure 3	Explicit private-input-dir and optional tissue-input; see 131_Final_Integrated_20260915/scripts/figures/README.md	Restricted patient-level delta export and archived PCA scores; aggregate correlations supplied	Retains original full-precision correlation matrix; rounded display deltas must not replace it when recomputing tied ranks
132 annotation-defined CpG scope sensitivity	Explicit original processed Korean matrices, retained pairing metadata and archived annotation; see132_CpG_Coverage_Revision_20260915/analysis/cpg_scope public instructions	Public source matrices and pairing metadata required separately; aggregate outputs distributed	391 unique archived450K probes annotated to ten genes; selected77 unchanged; annotation masks do not establish unavailable detection or laboratory QC
Open-sea, island and CIMP adjustment	137_Specificity_Revision_20260918/analysis/specificity/registry/ (supplied); processed_beta.txt for CMCBSN, SNUH and ASAN; 130 paired-difference caches	public Korean matrices (KBDS accessions KAP240422, KAP240419, KAP240421); caches restricted	See RUN_INSTRUCTIONS.md, section on Tables S3-S5
Discordant-sample sensitivity	114_ML_DataDriven_20260905/data/derived/*.tsv; data/ml/tissue.tsv	restricted patient records	151_Discordant_Sample_Sensitivity/README.md
